Codice Provincia/Uts,Codice Comune (numerico),Comune,Popolazione residente,Superficie (Kmq),Anno (Popolazione residente)
201,1001,Agliè,2545,13.1462,2020
201,1002,Airasca,3633,15.7393,2020
201,1003,Ala di Stura,459,46.3315,2020
201,1004,Albiano d'Ivrea,1638,11.7314,2020
201,1006,Almese,6355,17.8756,2020
201,1007,Alpette,235,5.6261,2020
201,1008,Alpignano,16484,11.9193,2020
201,1009,Andezeno,2013,7.486,2020
201,1010,Andrate,488,9.3085,2020
201,1011,Angrogna,838,38.8782,2020
201,1012,Arignano,1080,8.1668,2020
201,1013,Avigliana,12351,23.2172,2020
201,1014,Azeglio,1235,9.9605,2020
201,1015,Bairo,787,7.0859,2020
201,1016,Balangero,3064,13.0063,2020
201,1017,Baldissero Canavese,533,4.5064,2020
201,1018,Baldissero Torinese,3671,15.4054,2020
201,1019,Balme,110,62.7105,2020
201,1020,Banchette,3112,2.0289,2020
201,1021,Barbania,1585,12.8027,2020
201,1022,Bardonecchia,3078,132.203,2020
201,1023,Barone Canavese,559,3.9864,2020
201,1024,Beinasco,17532,6.7343,2020
201,1025,Bibiana,3392,18.5979,2020
201,1026,Bobbio Pellice,537,94.0819,2020
201,1027,Bollengo,2097,14.2234,2020
201,1028,Borgaro Torinese,11773,11.1039,2020
201,1029,Borgiallo,592,6.9648,2020
201,1030,Borgofranco d'Ivrea,3590,13.4189,2020
201,1031,Borgomasino,772,12.3712,2020
201,1032,Borgone Susa,2187,4.9617,2020
201,1033,Bosconero,3074,10.919,2020
201,1034,Brandizzo,8798,6.2914,2020
201,1035,Bricherasio,4564,22.7585,2020
201,1036,Brosso,402,11.135,2020
201,1037,Brozolo,449,8.9504,2020
201,1038,Bruino,8475,5.5701,2020
201,1039,Brusasco,1482,14.3592,2020
201,1040,Bruzolo,1487,12.5598,2020
201,1041,Buriasco,1329,14.6868,2020
201,1042,Burolo,1134,5.476,2020
201,1043,Busano,1622,5.0591,2020
201,1044,Bussoleno,5703,37.0661,2020
201,1045,Buttigliera Alta,6292,8.0973,2020
201,1046,Cafasse,3334,10.2312,2020
201,1047,Caluso,7344,39.4925,2020
201,1048,Cambiano,5915,14.1314,2020
201,1049,Campiglione Fenile,1333,11.0863,2020
201,1050,Candia Canavese,1219,9.1318,2020
201,1051,Candiolo,5627,11.8499,2020
201,1052,Canischio,277,11.9505,2020
201,1053,Cantalupa,2574,11.1953,2020
201,1054,Cantoira,588,23.0319,2020
201,1055,Caprie,2057,16.4078,2020
201,1056,Caravino,901,11.5371,2020
201,1057,Carema,739,10.2579,2020
201,1058,Carignano,9051,50.679,2020
201,1059,Carmagnola,28399,95.7148,2020
201,1060,Casalborgone,1862,20.125,2020
201,1061,Cascinette d'Ivrea,1532,2.1726,2020
201,1062,Caselette,3005,14.3136,2020
201,1063,Caselle Torinese,13749,23.5513,2020
201,1064,Castagneto Po,1755,11.4732,2020
201,1065,Castagnole Piemonte,2165,17.2796,2020
201,1066,Castellamonte,9667,38.7063,2020
201,1067,Castelnuovo Nigra,416,28.3756,2020
201,1068,Castiglione Torinese,6446,14.1345,2020
201,1069,Cavagnolo,2237,12.3285,2020
201,1070,Cavour,5385,48.9591,2020
201,1071,Cercenasco,1761,13.1595,2020
201,1072,Ceres,1032,28.0516,2020
201,1073,Ceresole Reale,167,99.8147,2020
201,1074,Cesana Torinese,913,121.7001,2020
201,1075,Chialamberto,353,35.4478,2020
201,1076,Chianocco,1569,18.6134,2020
201,1077,Chiaverano,2021,12.0221,2020
201,1078,Chieri,36001,54.1975,2020
201,1079,Chiesanuova,233,4.1189,2020
201,1080,Chiomonte,860,26.7549,2020
201,1081,Chiusa di San Michele,1565,5.9165,2020
201,1082,Chivasso,26497,51.2378,2020
201,1083,Ciconio,360,3.1638,2020
201,1084,Cintano,242,4.9345,2020
201,1085,Cinzano,321,6.1962,2020
201,1086,Ciriè,18261,17.7329,2020
201,1087,Claviere,202,2.6872,2020
201,1088,Coassolo Torinese,1449,27.8788,2020
201,1089,Coazze,3171,56.5727,2020
201,1090,Collegno,48747,18.0993,2020
201,1091,Colleretto Castelnuovo,312,6.3321,2020
201,1092,Colleretto Giacosa,591,4.5894,2020
201,1093,Condove,4427,71.1131,2020
201,1094,Corio,3082,41.4914,2020
201,1095,Cossano Canavese,443,3.2384,2020
201,1096,Cuceglio,937,6.8709,2020
201,1097,Cumiana,7787,60.7335,2020
201,1098,Cuorgnè,9413,19.3134,2020
201,1099,Druento,8822,27.5395,2020
201,1100,Exilles,244,46.5474,2020
201,1101,Favria,5122,14.8499,2020
201,1102,Feletto,2178,7.8931,2020
201,1103,Fenestrelle,483,49.4091,2020
201,1104,Fiano,2640,12.0415,2020
201,1105,Fiorano Canavese,751,4.3457,2020
201,1106,Foglizzo,2255,15.6427,2020
201,1107,Forno Canavese,3271,16.5003,2020
201,1108,Frassinetto,274,24.8185,2020
201,1109,Front,1627,10.9482,2020
201,1110,Frossasco,2841,20.1488,2020
201,1111,Garzigliana,544,7.4018,2020
201,1112,Gassino Torinese,9389,20.5108,2020
201,1113,Germagnano,1117,14.4442,2020
201,1114,Giaglione,594,33.3833,2020
201,1115,Giaveno,16168,71.7376,2020
201,1116,Givoletto,4003,12.8199,2020
201,1117,Gravere,665,18.987,2020
201,1118,Groscavallo,194,92.0935,2020
201,1119,Grosso,973,4.3296,2020
201,1120,Grugliasco,37201,13.1321,2020
201,1121,Ingria,45,14.7506,2020
201,1122,Inverso Pinasca,689,8.0292,2020
201,1123,Isolabella,371,4.7716,2020
201,1124,Issiglio,409,5.5042,2020
201,1125,Ivrea,22839,30.1075,2020
201,1126,La Cassa,1766,12.0353,2020
201,1127,La Loggia,8783,12.7929,2020
201,1128,Lanzo Torinese,4878,10.2876,2020
201,1129,Lauriano,1422,14.29,2020
201,1130,Leini,16309,31.9191,2020
201,1131,Lemie,185,45.6753,2020
201,1132,Lessolo,1795,7.9366,2020
201,1133,Levone,429,5.3912,2020
201,1134,Locana,1382,132.5173,2020
201,1135,Lombardore,1669,12.7158,2020
201,1136,Lombriasco,1066,7.2096,2020
201,1137,Loranzè,1149,4.1914,2020
201,1139,Luserna San Giovanni,7096,17.7414,2020
201,1140,Lusernetta,492,7.0398,2020
201,1141,Lusigliè,547,5.2585,2020
201,1142,Macello,1151,14.1404,2020
201,1143,Maglione,413,6.3129,2020
201,1144,Marentino,1306,11.2593,2020
201,1145,Massello,56,38.2587,2020
201,1146,Mathi,3795,7.0706,2020
201,1147,Mattie,647,28.6942,2020
201,1148,Mazzè,4169,27.3424,2020
201,1149,Meana di Susa,809,16.5439,2020
201,1150,Mercenasco,1283,12.6383,2020
201,1152,Mezzenile,760,29.0871,2020
201,1153,Mombello di Torino,383,4.0825,2020
201,1154,Mompantero,639,30.3332,2020
201,1155,Monastero di Lanzo,331,17.6554,2020
201,1156,Moncalieri,56319,47.5288,2020
201,1157,Moncenisio,41,4.5007,2020
201,1158,Montaldo Torinese,723,4.6567,2020
201,1159,Montalenghe,985,6.4681,2020
201,1160,Montalto Dora,3349,7.3567,2020
201,1161,Montanaro,5119,20.9036,2020
201,1162,Monteu da Po,842,7.3896,2020
201,1163,Moriondo Torinese,852,6.4895,2020
201,1164,Nichelino,46512,20.5627,2020
201,1165,Noasca,107,78.0481,2020
201,1166,Nole,6770,11.353,2020
201,1167,Nomaglio,291,3.0743,2020
201,1168,None.,7849,24.6422,2020
201,1169,Novalesa,526,28.5542,2020
201,1170,Oglianico,1453,6.303,2020
201,1171,Orbassano,23061,22.2078,2020
201,1172,Orio Canavese,764,7.1541,2020
201,1173,Osasco,1173,5.4885,2020
201,1174,Osasio,929,4.5771,2020
201,1175,Oulx,3264,99.7857,2020
201,1176,Ozegna,1187,5.4058,2020
201,1177,Palazzo Canavese,842,5.0819,2020
201,1178,Pancalieri,2005,15.8878,2020
201,1179,Parella,419,2.6886,2020
201,1180,Pavarolo,1124,4.4056,2020
201,1181,Pavone Canavese,3680,11.54,2020
201,1183,Pecetto Torinese,3992,9.173,2020
201,1184,Perosa Argentina,3133,26.0906,2020
201,1185,Perosa Canavese,521,4.708,2020
201,1186,Perrero,600,63.183,2020
201,1187,Pertusio,747,4.0041,2020
201,1188,Pessinetto,629,5.3498,2020
201,1189,Pianezza,15446,16.4634,2020
201,1190,Pinasca,2843,34.7183,2020
201,1191,Pinerolo,35480,50.3376,2020
201,1192,Pino Torinese,8281,21.8196,2020
201,1193,Piobesi Torinese,3823,19.6488,2020
201,1194,Piossasco,18102,40.1459,2020
201,1195,Piscina,3335,9.9034,2020
201,1196,Piverone,1333,11.0343,2020
201,1197,Poirino,10202,75.6186,2020
201,1198,Pomaretto,970,8.5611,2020
201,1199,Pont Canavese,3116,19.0609,2020
201,1200,Porte,1076,4.4476,2020
201,1201,Pragelato,762,89.2017,2020
201,1202,Prali,252,72.6092,2020
201,1203,Pralormo,1891,29.8455,2020
201,1204,Pramollo,223,22.4785,2020
201,1205,Prarostino,1250,10.5052,2020
201,1206,Prascorsano,738,6.2419,2020
201,1207,Pratiglione,460,7.8803,2020
201,1208,Quagliuzzo,327,2.038,2020
201,1209,Quassolo,338,3.9559,2020
201,1210,Quincinetto,997,17.7879,2020
201,1211,Reano,1763,6.6658,2020
201,1212,Ribordone,48,43.6002,2020
201,1213,Rivalba,1124,10.8334,2020
201,1214,Rivalta di Torino,20127,25.1076,2020
201,1215,Riva presso Chieri,4734,35.8318,2020
201,1216,Rivara,2527,12.5838,2020
201,1217,Rivarolo Canavese,12302,32.2459,2020
201,1218,Rivarossa,1542,10.8733,2020
201,1219,Rivoli,47807,29.4998,2020
201,1220,Robassomero,3042,8.5756,2020
201,1221,Rocca Canavese,1664,14.1912,2020
201,1222,Roletto,1962,9.7039,2020
201,1223,Romano Canavese,2606,11.2106,2020
201,1224,Ronco Canavese,296,96.2686,2020
201,1225,Rondissone,1867,10.6877,2020
201,1226,Rorà,228,12.4075,2020
201,1227,Roure,789,59.3732,2020
201,1228,Rosta,5044,9.065,2020
201,1229,Rubiana,2352,26.9371,2020
201,1230,Rueglio,777,15.1002,2020
201,1231,Salassa,1809,4.9519,2020
201,1232,Salbertrand,609,38.3198,2020
201,1233,Salerano Canavese,462,2.1034,2020
201,1234,Salza di Pinerolo,75,15.8859,2020
201,1235,Samone,1501,2.433,2020
201,1236,San Benigno Canavese,5955,22.2318,2020
201,1237,San Carlo Canavese,3980,20.9068,2020
201,1238,San Colombano Belmonte,362,3.3809,2020
201,1239,San Didero,512,3.3037,2020
201,1240,San Francesco al Campo,4839,14.9796,2020
201,1241,Sangano,3683,6.6513,2020
201,1242,San Germano Chisone,1707,15.8616,2020
201,1243,San Gillio,3173,8.8866,2020
201,1244,San Giorgio Canavese,2520,20.4049,2020
201,1245,San Giorio di Susa,978,19.7366,2020
201,1246,San Giusto Canavese,3247,9.6132,2020
201,1247,San Martino Canavese,811,9.7933,2020
201,1248,San Maurizio Canavese,10144,17.3442,2020
201,1249,San Mauro Torinese,18589,12.5517,2020
201,1250,San Pietro Val Lemina,1439,12.4446,2020
201,1251,San Ponso,257,2.1243,2020
201,1252,San Raffaele Cimena,3098,11.152,2020
201,1253,San Sebastiano da Po,1855,16.5766,2020
201,1254,San Secondo di Pinerolo,3615,12.5719,2020
201,1255,Sant'Ambrogio di Torino,4597,8.3683,2020
201,1256,Sant'Antonino di Susa,4060,9.7945,2020
201,1257,Santena,10556,16.1983,2020
201,1258,Sauze di Cesana,250,78.2772,2020
201,1259,Sauze d'Oulx,1081,17.3112,2020
201,1260,Scalenghe,3226,31.6768,2020
201,1261,Scarmagno,806,8.0308,2020
201,1262,Sciolze,1432,11.3557,2020
201,1263,Sestriere,922,25.9158,2020
201,1264,Settimo Rottaro,467,6.0578,2020
201,1265,Settimo Torinese,46348,31.4505,2020
201,1266,Settimo Vittone,1513,23.2604,2020
201,1267,Sparone,933,29.6785,2020
201,1268,Strambinello,266,2.214,2020
201,1269,Strambino,6092,22.4686,2020
201,1270,Susa,5992,10.9879,2020
201,1271,Tavagnasco,774,8.6751,2020
201,1272,Torino,858205,130.0645,2020
201,1273,Torrazza Piemonte,2974,9.8238,2020
201,1274,Torre Canavese,616,5.4545,2020
201,1275,Torre Pellice,4554,21.0981,2020
201,1276,Trana,3788,16.4059,2020
201,1278,Traversella,323,39.3597,2020
201,1279,Traves,506,10.4544,2020
201,1280,Trofarello,10611,12.3475,2020
201,1281,Usseaux,180,37.9669,2020
201,1282,Usseglio,200,98.5375,2020
201,1283,Vaie,1398,7.2292,2020
201,1284,Val della Torre,3965,36.5253,2020
201,1285,Valgioie,947,9.12,2020
201,1286,Vallo Torinese,788,6.0792,2020
201,1287,Valperga,2991,11.9094,2020
201,1288,Valprato Soana,93,71.8527,2020
201,1289,Varisella,845,22.5579,2020
201,1290,Vauda Canavese,1443,7.0929,2020
201,1291,Venaus,877,19.1435,2020
201,1292,Venaria Reale,32682,20.4424,2020
201,1293,Verolengo,4766,29.4882,2020
201,1294,Verrua Savoia,1340,31.9431,2020
201,1295,Vestignè,765,12.0691,2020
201,1296,Vialfrè,242,4.6453,2020
201,1298,Vidracco,495,2.9677,2020
201,1299,Vigone,5070,41.1543,2020
201,1300,Villafranca Piemonte,4489,50.7854,2020
201,1301,Villanova Canavese,1194,4.0306,2020
201,1302,Villarbasse,3467,10.4088,2020
201,1303,Villar Dora,2785,5.7067,2020
201,1304,Villareggia,996,11.4091,2020
201,1305,Villar Focchiardo,1948,25.6868,2020
201,1306,Villar Pellice,1045,60.2927,2020
201,1307,Villar Perosa,3888,11.4228,2020
201,1308,Villastellone,4504,19.8767,2020
201,1309,Vinovo,15070,17.6941,2020
201,1310,Virle Piemonte,1151,14.0573,2020
201,1311,Vische,1189,17.0748,2020
201,1312,Vistrorio,518,4.6817,2020
201,1313,Viù,1021,84.1119,2020
201,1314,Volpiano,15167,32.4629,2020
201,1315,Volvera,8495,20.9827,2020
201,1316,Mappano,7354,9.7589,2020
201,1317,Val di Chy,1236,13.831,2020
201,1318,Valchiusa,987,49.6245,2020
2,2002,Alagna Valsesia,725,133.1704,2020
2,2003,Albano Vercellese,309,13.7804,2020
2,2004,Alice Castello,2506,24.565,2020
2,2006,Arborio,844,23.3101,2020
2,2007,Asigliano Vercellese,1389,26.3156,2020
2,2008,Balmuccia,117,9.7885,2020
2,2009,Balocco,220,16.8079,2020
2,2011,Bianzè,1848,41.8058,2020
2,2014,Boccioleto,160,33.8706,2020
2,2015,Borgo d'Ale,2260,39.5707,2020
2,2016,Borgosesia,12250,41.0901,2020
2,2017,Borgo Vercelli,2228,19.2949,2020
2,2021,Buronzo,837,25.0776,2020
2,2025,Campertogno,214,34.1364,2020
2,2029,Carcoforo,73,22.8004,2020
2,2030,Caresana,1039,24.1087,2020
2,2031,Caresanablot,1096,11.0218,2020
2,2032,Carisio,766,30.1062,2020
2,2033,Casanova Elvo,223,16.205,2020
2,2035,San Giacomo Vercellese,292,9.6044,2020
2,2041,Cervatto,52,9.538,2020
2,2042,Cigliano,4283,25.3078,2020
2,2043,Civiasco,239,7.3878,2020
2,2045,Collobiano,86,9.2234,2020
2,2047,Costanzana,748,20.9676,2020
2,2048,Cravagliana,252,34.8563,2020
2,2049,Crescentino,7611,48.2233,2020
2,2052,Crova,394,14.0162,2020
2,2054,Desana,1061,16.4768,2020
2,2057,Fobello,185,28.1403,2020
2,2058,Fontanetto Po,1079,23.2424,2020
2,2059,Formigliana,495,16.7629,2020
2,2061,Gattinara,7572,33.6659,2020
2,2062,Ghislarengo,814,12.503,2020
2,2065,Greggio,340,11.8817,2020
2,2066,Guardabosone,339,6.0875,2020
2,2067,Lamporo,509,9.644,2020
2,2068,Lenta,797,18.9701,2020
2,2070,Lignana,526,22.574,2020
2,2071,Livorno Ferraris,4183,58.028,2020
2,2072,Lozzolo,800,6.6672,2020
2,2078,Mollia,95,13.9178,2020
2,2079,Moncrivello,1380,20.1818,2020
2,2082,Motta de' Conti,738,11.715,2020
2,2088,Olcenengo,783,16.5035,2020
2,2089,Oldenico,213,6.527,2020
2,2090,Palazzolo Vercellese,1098,13.9396,2020
2,2091,Pertengo,272,8.2949,2020
2,2093,Pezzana,1266,17.3517,2020
2,2096,Pila,138,8.6903,2020
2,2097,Piode,186,13.5976,2020
2,2102,Postua,571,16.1782,2020
2,2104,Prarolo,719,11.5388,2020
2,2107,Quarona,3878,16.156,2020
2,2108,Quinto Vercellese,395,10.9022,2020
2,2110,Rassa,67,43.2698,2020
2,2113,Rimella,128,26.2702,2020
2,2115,Rive,426,9.4089,2020
2,2116,Roasio,2283,27.916,2020
2,2118,Ronsecco,544,24.4754,2020
2,2121,Rossa,183,11.8379,2020
2,2122,Rovasenda,912,29.2681,2020
2,2126,Salasco,201,12.1875,2020
2,2127,Sali Vercellese,98,8.7766,2020
2,2128,Saluggia,3792,31.5981,2020
2,2131,San Germano Vercellese,1474,30.6327,2020
2,2133,Santhià,8122,53.1294,2020
2,2134,Scopa,373,22.5335,2020
2,2135,Scopello,366,18.2544,2020
2,2137,Serravalle Sesia,4717,20.9053,2020
2,2142,Stroppiana,1178,18.314,2020
2,2147,Tricerro,672,12.2491,2020
2,2148,Trino,6771,70.6054,2020
2,2150,Tronzano Vercellese,3383,44.7508,2020
2,2152,Valduggia,1882,28.4259,2020
2,2156,Varallo,6931,102.973,2020
2,2158,Vercelli,45425,79.7743,2020
2,2163,Villarboit,398,25.5109,2020
2,2164,Villata,1517,14.5822,2020
2,2166,Vocca,158,20.2573,2020
2,2170,Alto Sermenza,149,60.3259,2020
2,2171,Cellio con Breia,941,17.2793,2020
3,3001,Agrate Conturbia,1551,14.5364,2020
3,3002,Ameno,884,9.9965,2020
3,3006,Armeno,2102,31.5154,2020
3,3008,Arona,13796,15.1698,2020
3,3012,Barengo,747,19.4928,2020
3,3016,Bellinzago Novarese,9455,39.1786,2020
3,3018,Biandrate,1328,12.4536,2020
3,3019,Boca,1129,9.608,2020
3,3021,Bogogno,1293,8.5097,2020
3,3022,Bolzano Novarese,1157,3.3043,2020
3,3023,Borgolavezzaro,1967,21.0913,2020
3,3024,Borgomanero,21383,32.2699,2020
3,3025,Borgo Ticino,5159,13.3738,2020
3,3026,Briga Novarese,2801,4.7479,2020
3,3027,Briona,1087,24.7562,2020
3,3030,Caltignaga,2504,22.3213,2020
3,3032,Cameri,10708,39.985,2020
3,3036,Carpignano Sesia,2463,14.6557,2020
3,3037,Casalbeltrame,981,16.0407,2020
3,3039,Casaleggio Novara,905,10.531,2020
3,3040,Casalino,1526,39.4901,2020
3,3041,Casalvolone,872,17.4849,2020
3,3042,Castellazzo Novarese,318,10.7918,2020
3,3043,Castelletto sopra Ticino,9820,14.6411,2020
3,3044,Cavaglietto,386,6.4855,2020
3,3045,Cavaglio d'Agogna,1172,9.8335,2020
3,3047,Cavallirio,1302,8.3261,2020
3,3049,Cerano,6645,32.6332,2020
3,3051,Colazza,514,3.1618,2020
3,3052,Comignago,1222,4.4493,2020
3,3055,Cressa,1619,7.1035,2020
3,3058,Cureggio,2587,8.5068,2020
3,3060,Divignano,1400,5.0977,2020
3,3062,Dormelletto,2561,7.2522,2020
3,3065,Fara Novarese,1977,9.2147,2020
3,3066,Fontaneto d'Agogna,2579,21.1702,2020
3,3068,Galliate,15516,29.3662,2020
3,3069,Garbagna Novarese,1400,10.0494,2020
3,3070,Gargallo,1750,3.7542,2020
3,3073,Ghemme,3373,20.6442,2020
3,3076,Gozzano,5403,12.5821,2020
3,3077,Granozzo con Monticello,1336,19.5208,2020
3,3079,Grignasco,4307,14.3337,2020
3,3082,Invorio,4297,17.3717,2020
3,3083,Landiona,546,7.2834,2020
3,3084,Lesa,2165,13.5806,2020
3,3088,Maggiora,1601,10.6587,2020
3,3090,Mandello Vitta,224,5.8541,2020
3,3091,Marano Ticino,1586,7.7879,2020
3,3093,Massino Visconti,1124,6.8639,2020
3,3095,Meina,2400,7.5349,2020
3,3097,Mezzomerico,1213,7.7187,2020
3,3098,Miasino,796,5.521,2020
3,3100,Momo,2412,23.5907,2020
3,3103,Nebbiuno,1770,8.2651,2020
3,3104,Nibbiola,800,11.3421,2020
3,3106,Novara,102225,103.0492,2020
3,3108,Oleggio,14148,37.7943,2020
3,3109,Oleggio Castello,2149,5.9351,2020
3,3112,Orta San Giulio,1279,6.65,2020
3,3114,Paruzzaro,2147,5.2272,2020
3,3115,Pella,891,8.1345,2020
3,3116,Pettenasco,1312,7.0713,2020
3,3119,Pisano,809,2.7659,2020
3,3120,Pogno,1370,9.8653,2020
3,3121,Pombia,2131,12.2966,2020
3,3122,Prato Sesia,1844,12.126,2020
3,3129,Recetto,941,8.8526,2020
3,3130,Romagnano Sesia,3751,17.9764,2020
3,3131,Romentino,5595,17.6906,2020
3,3133,San Maurizio d'Opaglio,3001,8.5099,2020
3,3134,San Nazzaro Sesia,745,11.4512,2020
3,3135,San Pietro Mosezzo,2019,34.8992,2020
3,3138,Sillavengo,555,9.5352,2020
3,3139,Sizzano,1382,10.7543,2020
3,3140,Soriso,723,6.3719,2020
3,3141,Sozzago,1089,12.9144,2020
3,3143,Suno,2708,21.3271,2020
3,3144,Terdobbiate,463,8.4632,2020
3,3146,Tornaco,882,13.2408,2020
3,3149,Trecate,20395,38.2224,2020
3,3153,Vaprio d'Agogna,962,10.0123,2020
3,3154,Varallo Pombia,4847,13.612,2020
3,3158,Vespolate,2006,17.7798,2020
3,3159,Vicolungo,868,13.2939,2020
3,3164,Vinzaglio,538,15.4636,2020
3,3166,Gattico-Veruno,5231,26.1601,2020
4,4001,Acceglio,153,151.5276,2020
4,4002,Aisone,210,36.9173,2020
4,4003,Alba,31250,53.5853,2020
4,4004,Albaretto della Torre,234,4.5899,2020
4,4005,Alto,139,7.4616,2020
4,4006,Argentera,78,76.2591,2020
4,4007,Arguello,196,4.9174,2020
4,4008,Bagnasco,995,30.949,2020
4,4009,Bagnolo Piemonte,5838,63.2505,2020
4,4010,Baldissero d'Alba,1049,15.3257,2020
4,4011,Barbaresco,617,7.7637,2020
4,4012,Barge,7497,81.9923,2020
4,4013,Barolo,682,5.6892,2020
4,4014,Bastia Mondovì,639,12.0006,2020
4,4015,Battifollo,209,11.1195,2020
4,4016,Beinette,3426,17.6865,2020
4,4017,Bellino,97,62.07,2020
4,4018,Belvedere Langhe,338,5.003,2020
4,4019,Bene Vagienna,3634,48.9673,2020
4,4020,Benevello,483,5.4389,2020
4,4021,Bergolo,54,3.1118,2020
4,4022,Bernezzo,4207,25.8445,2020
4,4023,Bonvicino,96,7.2409,2020
4,4024,Borgomale,385,8.4778,2020
4,4025,Borgo San Dalmazzo,12439,22.3397,2020
4,4026,Bosia,174,5.5405,2020
4,4027,Bossolasco,642,14.5453,2020
4,4028,Boves,9636,50.9483,2020
4,4029,Bra,29568,59.5298,2020
4,4030,Briaglia,298,6.2376,2020
4,4031,Briga Alta,41,52.1796,2020
4,4032,Brondello,263,10.124,2020
4,4033,Brossasco,1009,28.0639,2020
4,4034,Busca,10078,76.7643,2020
4,4035,Camerana,578,23.6378,2020
4,4037,Canale,5512,17.8655,2020
4,4038,Canosio,79,48.4476,2020
4,4039,Caprauna,96,11.5018,2020
4,4040,Caraglio,6763,41.6759,2020
4,4041,Caramagna Piemonte,3032,26.3287,2020
4,4042,Cardè,1138,19.3047,2020
4,4043,Carrù,4313,25.838,2020
4,4044,Cartignano,171,6.4192,2020
4,4045,Casalgrasso,1403,17.8066,2020
4,4046,Castagnito,2206,7.1148,2020
4,4047,Casteldelfino,152,33.9513,2020
4,4049,Castelletto Stura,1362,17.1301,2020
4,4050,Castelletto Uzzone,309,14.8584,2020
4,4051,Castellinaldo d'Alba,905,7.8028,2020
4,4052,Castellino Tanaro,286,11.5178,2020
4,4053,Castelmagno,59,49.307,2020
4,4054,Castelnuovo di Ceva,100,6.2621,2020
4,4055,Castiglione Falletto,701,4.7202,2020
4,4056,Castiglione Tinella,832,11.6345,2020
4,4057,Castino,463,15.5227,2020
4,4058,Cavallerleone,668,16.4378,2020
4,4059,Cavallermaggiore,5447,51.5946,2020
4,4060,Celle di Macra,82,31.1052,2020
4,4061,Centallo,6877,42.4848,2020
4,4062,Ceresole Alba,2007,37.0496,2020
4,4063,Cerretto Langhe,410,10.1423,2020
4,4064,Cervasca,5143,18.2419,2020
4,4065,Cervere,2242,18.5961,2020
4,4066,Ceva,5592,43.1656,2020
4,4067,Cherasco,9401,81.5351,2020
4,4068,Chiusa di Pesio,3577,95.0188,2020
4,4069,Cigliè,185,6.1219,2020
4,4070,Cissone,82,5.9034,2020
4,4071,Clavesana,812,17.1508,2020
4,4072,Corneliano d'Alba,2120,10.0878,2020
4,4073,Cortemilia,2244,24.9874,2020
4,4074,Cossano Belbo,928,20.5398,2020
4,4075,Costigliole Saluzzo,3333,15.3423,2020
4,4076,Cravanzana,374,8.1183,2020
4,4077,Crissolo,154,52.0529,2020
4,4078,Cuneo,55822,119.6691,2020
4,4079,Demonte,1895,127.3063,2020
4,4080,Diano d'Alba,3604,17.5432,2020
4,4081,Dogliani,4572,35.6829,2020
4,4082,Dronero,6981,58.9574,2020
4,4083,Elva,87,26.2196,2020
4,4084,Entracque,777,160.7314,2020
4,4085,Envie,1946,24.9305,2020
4,4086,Farigliano,1694,16.4418,2020
4,4087,Faule,467,7.03,2020
4,4088,Feisoglio,297,7.6666,2020
4,4089,Fossano,24333,130.1434,2020
4,4090,Frabosa Soprana,743,47.1437,2020
4,4091,Frabosa Sottana,1588,37.6433,2020
4,4092,Frassino,264,17.0106,2020
4,4093,Gaiola,566,4.9691,2020
4,4094,Gambasca,341,5.7412,2020
4,4095,Garessio,2902,131.281,2020
4,4096,Genola,2605,13.7224,2020
4,4097,Gorzegno,257,13.9699,2020
4,4098,Gottasecca,124,13.6769,2020
4,4099,Govone,2260,18.9108,2020
4,4100,Grinzane Cavour,1995,3.8082,2020
4,4101,Guarene,3516,13.4459,2020
4,4102,Igliano,64,3.4042,2020
4,4103,Isasca,75,5.0784,2020
4,4104,Lagnasco,1460,17.7124,2020
4,4105,La Morra,2717,24.1658,2020
4,4106,Lequio Berria,452,11.8291,2020
4,4107,Lequio Tanaro,746,12.2004,2020
4,4108,Lesegno,816,14.2414,2020
4,4109,Levice,201,15.739,2020
4,4110,Limone Piemonte,1440,70.8104,2020
4,4111,Lisio,189,8.2287,2020
4,4112,Macra,46,24.6562,2020
4,4113,Magliano Alfieri,2194,9.5,2020
4,4114,Magliano Alpi,2170,33.2204,2020
4,4115,Mango,1259,20.031,2020
4,4116,Manta,3782,11.7345,2020
4,4117,Marene,3271,28.9869,2020
4,4118,Margarita,1426,11.3762,2020
4,4119,Marmora,53,41.1258,2020
4,4120,Marsaglia,213,13.0258,2020
4,4121,Martiniana Po,730,13.2806,2020
4,4122,Melle,292,27.9056,2020
4,4123,Moiola,219,15.0682,2020
4,4124,Mombarcaro,263,20.5111,2020
4,4125,Mombasiglio,616,17.3498,2020
4,4126,Monastero di Vasco,1266,17.4382,2020
4,4127,Monasterolo Casotto,81,7.6796,2020
4,4128,Monasterolo di Savigliano,1372,14.9114,2020
4,4129,Monchiero,577,4.9903,2020
4,4130,Mondovì,22233,87.0516,2020
4,4131,Monesiglio,592,12.933,2020
4,4132,Monforte d'Alba,1963,25.2745,2020
4,4133,Montà,4658,26.8203,2020
4,4134,Montaldo di Mondovì,540,23.5797,2020
4,4135,Montaldo Roero,848,11.8403,2020
4,4136,Montanera,726,11.6271,2020
4,4137,Montelupo Albese,484,6.4303,2020
4,4138,Montemale di Cuneo,214,11.1041,2020
4,4139,Monterosso Grana,517,42.2211,2020
4,4140,Monteu Roero,1609,24.6999,2020
4,4141,Montezemolo,237,6.9363,2020
4,4142,Monticello d'Alba,2343,10.2358,2020
4,4143,Moretta,4076,23.9934,2020
4,4144,Morozzo,1990,22.1919,2020
4,4145,Murazzano,838,27.6758,2020
4,4146,Murello,942,17.3282,2020
4,4147,Narzole,3469,26.1826,2020
4,4148,Neive,3350,21.3028,2020
4,4149,Neviglie,353,7.9261,2020
4,4150,Niella Belbo,356,11.5183,2020
4,4151,Niella Tanaro,974,15.707,2020
4,4152,Novello,973,11.7055,2020
4,4153,Nucetto,402,7.8083,2020
4,4154,Oncino,85,47.3592,2020
4,4155,Ormea,1491,124.4931,2020
4,4156,Ostana,84,14.0873,2020
4,4157,Paesana,2629,58.2693,2020
4,4158,Pagno,571,8.6797,2020
4,4159,Pamparato,278,34.5115,2020
4,4160,Paroldo,198,12.4249,2020
4,4161,Perletto,264,9.8932,2020
4,4162,Perlo,108,10.2155,2020
4,4163,Peveragno,5542,67.9186,2020
4,4164,Pezzolo Valle Uzzone,318,26.5691,2020
4,4165,Pianfei,2102,15.3103,2020
4,4166,Piasco,2703,10.6214,2020
4,4167,Pietraporzio,74,55.1856,2020
4,4168,Piobesi d'Alba,1399,4.0347,2020
4,4169,Piozzo,975,14.3043,2020
4,4170,Pocapaglia,3314,17.4774,2020
4,4171,Polonghera,1111,10.3146,2020
4,4172,Pontechianale,175,94.9229,2020
4,4173,Pradleves,231,19.2934,2020
4,4174,Prazzo,171,52.3851,2020
4,4175,Priero,526,20.0092,2020
4,4176,Priocca,2009,9.0306,2020
4,4177,Priola,669,27.3754,2020
4,4178,Prunetto,411,14.3615,2020
4,4179,Racconigi,9729,48.0562,2020
4,4180,Revello,4270,52.47,2020
4,4181,Rifreddo,1056,6.8436,2020
4,4182,Rittana,108,11.352,2020
4,4183,Roaschia,98,23.8368,2020
4,4184,Roascio,91,6.4212,2020
4,4185,Robilante,2183,25.0038,2020
4,4186,Roburent,475,29.8104,2020
4,4187,Roccabruna,1525,24.2989,2020
4,4188,Rocca Cigliè,126,7.0152,2020
4,4189,Rocca de' Baldi,1571,26.4023,2020
4,4190,Roccaforte Mondovì,2060,84.6105,2020
4,4191,Roccasparvera,739,11.2407,2020
4,4192,Roccavione,2655,19.1492,2020
4,4193,Rocchetta Belbo,154,4.5076,2020
4,4194,Roddi,1590,9.353,2020
4,4195,Roddino,415,10.5849,2020
4,4196,Rodello,958,8.9004,2020
4,4197,Rossana,809,19.9166,2020
4,4198,Ruffia,359,7.5091,2020
4,4199,Sale delle Langhe,475,10.5052,2020
4,4200,Sale San Giovanni,161,8.0742,2020
4,4201,Saliceto,1205,24.3254,2020
4,4202,Salmour,731,12.696,2020
4,4203,Saluzzo,17471,79.9306,2020
4,4204,Sambuco,85,46.1392,2020
4,4205,Sampeyre,989,98.9069,2020
4,4206,San Benedetto Belbo,153,4.8454,2020
4,4207,San Damiano Macra,407,54.2618,2020
4,4208,Sanfrè,2999,15.504,2020
4,4209,Sanfront,2290,39.7088,2020
4,4210,San Michele Mondovì,1846,18.1119,2020
4,4211,Sant'Albano Stura,2347,27.4544,2020
4,4212,Santa Vittoria d'Alba,2878,10.0758,2020
4,4213,Santo Stefano Belbo,3863,27.1836,2020
4,4214,Santo Stefano Roero,1346,13.1142,2020
4,4215,Savigliano,21431,110.7876,2020
4,4216,Scagnello,177,9.3878,2020
4,4217,Scarnafigi,2152,30.4979,2020
4,4218,Serralunga d'Alba,548,8.3908,2020
4,4219,Serravalle Langhe,300,8.8995,2020
4,4220,Sinio,480,8.6012,2020
4,4221,Somano,316,11.6848,2020
4,4222,Sommariva del Bosco,6230,35.4155,2020
4,4223,Sommariva Perno,2660,17.0935,2020
4,4224,Stroppo,98,28.0956,2020
4,4225,Tarantasca,2171,12.2016,2020
4,4226,Torre Bormida,165,7.1829,2020
4,4227,Torre Mondovì,491,18.5376,2020
4,4228,Torre San Giorgio,725,5.3901,2020
4,4229,Torresina,47,3.8226,2020
4,4230,Treiso,774,9.5956,2020
4,4231,Trezzo Tinella,310,10.5253,2020
4,4232,Trinità,2223,28.3367,2020
4,4233,Valdieri,917,153.3126,2020
4,4234,Valgrana,792,23.1017,2020
4,4235,Valloriate,99,16.9559,2020
4,4237,Venasca,1352,20.3938,2020
4,4238,Verduno,544,7.1571,2020
4,4239,Vernante,1124,62.0563,2020
4,4240,Verzuolo,6463,26.132,2020
4,4241,Vezza d'Alba,2338,14.0688,2020
4,4242,Vicoforte,3166,25.7363,2020
4,4243,Vignolo,2614,7.9417,2020
4,4244,Villafalletto,2878,29.7324,2020
4,4245,Villanova Mondovì,5715,28.2878,2020
4,4246,Villanova Solaro,749,14.7884,2020
4,4247,Villar San Costanzo,1543,19.4958,2020
4,4248,Vinadio,597,183.1692,2020
4,4249,Viola,359,21.0672,2020
4,4250,Vottignasco,490,8.09,2020
5,5001,Agliano Terme,1563,15.4485,2020
5,5002,Albugnano,491,9.5399,2020
5,5003,Antignano,964,10.8608,2020
5,5004,Aramengo,564,11.4124,2020
5,5005,Asti,74065,151.3113,2020
5,5006,Azzano d'Asti,382,6.4341,2020
5,5007,Baldichieri d'Asti,1088,5.066,2020
5,5008,Belveglio,312,5.2796,2020
5,5009,Berzano di San Pietro,407,7.343,2020
5,5010,Bruno,297,8.9008,2020
5,5011,Bubbio,818,15.7621,2020
5,5012,Buttigliera d'Asti,2517,19.1608,2020
5,5013,Calamandrana,1663,12.7884,2020
5,5014,Calliano,1226,17.2931,2020
5,5015,Calosso,1171,15.7149,2020
5,5016,Camerano Casasco,405,6.8923,2020
5,5017,Canelli,10212,23.4326,2020
5,5018,Cantarana,1003,9.7214,2020
5,5019,Capriglio,321,5.0565,2020
5,5020,Casorzo,597,12.648,2020
5,5021,Cassinasco,549,11.8391,2020
5,5022,Castagnole delle Lanze,3673,21.5648,2020
5,5023,Castagnole Monferrato,1157,17.3374,2020
5,5024,Castel Boglione,583,11.8622,2020
5,5025,Castell'Alfero,2657,20.0881,2020
5,5026,Castellero,294,4.2882,2020
5,5027,Castelletto Molina,140,3.0662,2020
5,5028,Castello di Annone,1801,23.1785,2020
5,5029,Castelnuovo Belbo,813,9.5499,2020
5,5030,Castelnuovo Calcea,706,8.2039,2020
5,5031,Castelnuovo Don Bosco,3079,21.6068,2020
5,5032,Castel Rocchero,394,5.6273,2020
5,5033,Cellarengo,706,10.8477,2020
5,5034,Celle Enomondo,462,5.5928,2020
5,5035,Cerreto d'Asti,223,3.9384,2020
5,5036,Cerro Tanaro,594,4.6529,2020
5,5037,Cessole,366,11.7779,2020
5,5038,Chiusano d'Asti,228,2.417,2020
5,5039,Cinaglio,428,5.5045,2020
5,5040,Cisterna d'Asti,1221,10.7326,2020
5,5041,Coazzolo,285,4.0489,2020
5,5042,Cocconato,1385,16.5226,2020
5,5044,Corsione,201,5.0824,2020
5,5045,Cortandone,310,5.0231,2020
5,5046,Cortanze,273,4.4766,2020
5,5047,Cortazzone,594,10.3333,2020
5,5048,Cortiglione,522,8.4254,2020
5,5049,Cossombrato,516,5.3987,2020
5,5050,Costigliole d'Asti,5682,36.9432,2020
5,5051,Cunico,444,6.7531,2020
5,5052,Dusino San Michele,1065,11.9251,2020
5,5053,Ferrere,1529,13.927,2020
5,5054,Fontanile,524,8.13,2020
5,5055,Frinco,733,7.2168,2020
5,5056,Grana,542,5.8883,2020
5,5057,Grazzano Badoglio,587,10.4721,2020
5,5058,Incisa Scapaccino,2054,20.7037,2020
5,5059,Isola d'Asti,1995,13.5026,2020
5,5060,Loazzolo,319,14.8219,2020
5,5061,Maranzana,233,4.3739,2020
5,5062,Maretto,381,4.9251,2020
5,5063,Moasca,504,4.1551,2020
5,5064,Mombaldone,198,11.9588,2020
5,5065,Mombaruzzo,1008,22.3971,2020
5,5066,Mombercelli,2113,14.2321,2020
5,5067,Monale,983,9.1104,2020
5,5068,Monastero Bormida,882,14.2057,2020
5,5069,Moncalvo,2769,17.421,2020
5,5070,Moncucco Torinese,878,14.3291,2020
5,5071,Mongardino,857,6.855,2020
5,5072,Montabone,327,8.5373,2020
5,5073,Montafia,929,14.497,2020
5,5074,Montaldo Scarampi,719,6.6348,2020
5,5075,Montechiaro d'Asti,1216,10.1408,2020
5,5076,Montegrosso d'Asti,2307,15.4192,2020
5,5077,Montemagno,1053,16.0976,2020
5,5079,Moransengo,186,5.4053,2020
5,5080,Nizza Monferrato,10128,30.3632,2020
5,5081,Olmo Gentile,70,5.617,2020
5,5082,Passerano Marmorito,420,12.026,2020
5,5083,Penango,445,9.563,2020
5,5084,Piea,541,9.0013,2020
5,5085,Pino d'Asti,209,4.082,2020
5,5086,Piovà Massaia,571,11.0244,2020
5,5087,Portacomaro,1955,11.0036,2020
5,5088,Quaranti,159,2.8582,2020
5,5089,Refrancore,1551,13.2049,2020
5,5090,Revigliasco d'Asti,751,8.835,2020
5,5091,Roatto,369,6.4171,2020
5,5092,Robella,467,12.1805,2020
5,5093,Rocca d'Arazzo,915,12.5631,2020
5,5094,Roccaverano,376,29.9827,2020
5,5095,Rocchetta Palafea,352,7.8377,2020
5,5096,Rocchetta Tanaro,1377,15.9109,2020
5,5097,San Damiano d'Asti,8076,47.8656,2020
5,5098,San Giorgio Scarampi,100,6.1477,2020
5,5099,San Martino Alfieri,675,7.2094,2020
5,5100,San Marzano Oliveto,992,9.6838,2020
5,5101,San Paolo Solbrito,1184,11.8691,2020
5,5103,Scurzolengo,529,5.3426,2020
5,5104,Serole,107,12.3285,2020
5,5105,Sessame,249,8.4471,2020
5,5106,Settime,548,6.6804,2020
5,5107,Soglio,156,3.28,2020
5,5108,Tigliole,1701,16.1173,2020
5,5109,Tonco,782,11.7833,2020
5,5110,Tonengo,213,5.5952,2020
5,5111,Vaglio Serra,283,4.7599,2020
5,5112,Valfenera,2365,22.0383,2020
5,5113,Vesime,604,13.1655,2020
5,5114,Viale,245,3.9754,2020
5,5115,Viarigi,857,13.6219,2020
5,5116,Vigliano d'Asti,808,6.653,2020
5,5117,Villafranca d'Asti,2955,12.8798,2020
5,5118,Villanova d'Asti,5581,41.948,2020
5,5119,Villa San Secondo,370,6.1268,2020
5,5120,Vinchio,555,9.2863,2020
5,5121,Montiglio Monferrato,1556,26.8624,2020
6,6001,Acqui Terme,19223,33.2967,2020
6,6002,Albera Ligure,297,21.2298,2020
6,6003,Alessandria,91089,203.5657,2020
6,6004,Alfiano Natta,742,13.1588,2020
6,6005,Alice Bel Colle,730,12.2135,2020
6,6007,Altavilla Monferrato,412,11.328,2020
6,6008,Alzano Scrivia,358,2.1269,2020
6,6009,Arquata Scrivia,6254,29.2434,2020
6,6010,Avolasca,257,12.2375,2020
6,6011,Balzola,1311,16.6197,2020
6,6012,Basaluzzo,2015,15.0526,2020
6,6013,Bassignana,1575,28.7122,2020
6,6014,Belforte Monferrato,502,8.3258,2020
6,6015,Bergamasco,709,13.4397,2020
6,6016,Berzano di Tortona,158,2.8874,2020
6,6017,Bistagno,1773,17.5936,2020
6,6018,Borghetto di Borbera,1914,39.3977,2020
6,6019,Borgoratto Alessandrino,549,6.6034,2020
6,6020,Borgo San Martino,1375,9.723,2020
6,6021,Bosco Marengo,2265,44.5297,2020
6,6022,Bosio,1082,67.6133,2020
6,6023,Bozzole,320,9.0235,2020
6,6024,Brignano-Frascata,429,17.5285,2020
6,6025,Cabella Ligure,482,46.6332,2020
6,6026,Camagna Monferrato,467,9.2493,2020
6,6027,Camino,728,18.4376,2020
6,6028,Cantalupo Ligure,453,24.0619,2020
6,6029,Capriata d'Orba,1795,28.4663,2020
6,6030,Carbonara Scrivia,1098,5.0526,2020
6,6031,Carentino,333,9.7892,2020
6,6032,Carezzano,420,10.4833,2020
6,6033,Carpeneto,913,13.3394,2020
6,6034,Carrega Ligure,88,55.2555,2020
6,6035,Carrosio,489,6.9232,2020
6,6036,Cartosio,724,16.3412,2020
6,6037,Casal Cermelli,1167,12.1635,2020
6,6038,Casaleggio Boiro,364,12.0104,2020
6,6039,Casale Monferrato,32641,86.2097,2020
6,6040,Casalnoceto,979,12.9866,2020
6,6041,Casasco,116,9.0373,2020
6,6043,Cassine,2860,33.0925,2020
6,6044,Cassinelle,852,23.7721,2020
6,6045,Castellania Coppi,85,7.2089,2020
6,6046,Castellar Guidobono,397,2.4828,2020
6,6047,Castellazzo Bormida,4389,45.1283,2020
6,6048,Castelletto d'Erro,143,4.66,2020
6,6049,Castelletto d'Orba,1858,13.977,2020
6,6050,Castelletto Merli,452,11.5908,2020
6,6051,Castelletto Monferrato,1428,9.5776,2020
6,6052,Castelnuovo Bormida,626,13.1107,2020
6,6053,Castelnuovo Scrivia,4874,45.4213,2020
6,6054,Castelspina,391,5.4872,2020
6,6055,Cavatore,257,10.4466,2020
6,6056,Cella Monte,477,5.5524,2020
6,6057,Cereseto,391,10.4427,2020
6,6058,Cerreto Grue,302,4.747,2020
6,6059,Cerrina Monferrato,1301,17.3008,2020
6,6060,Coniolo,451,10.3002,2020
6,6061,Conzano,948,11.6117,2020
6,6062,Costa Vescovato,323,7.8996,2020
6,6063,Cremolino,991,14.3874,2020
6,6065,Denice,172,7.4621,2020
6,6066,Dernice,180,18.2763,2020
6,6067,Fabbrica Curone,594,53.8484,2020
6,6068,Felizzano,2142,25.0138,2020
6,6069,Fraconalto,305,17.6161,2020
6,6070,Francavilla Bisio,502,7.7515,2020
6,6071,Frascaro,433,5.2861,2020
6,6072,Frassinello Monferrato,474,8.431,2020
6,6073,Frassineto Po,1371,29.5609,2020
6,6074,Fresonara,624,6.9336,2020
6,6075,Frugarolo,1885,27.0575,2020
6,6076,Fubine Monferrato,1579,25.5333,2020
6,6077,Gabiano,1003,17.7684,2020
6,6078,Gamalero,825,12.1543,2020
6,6079,Garbagna,618,20.7165,2020
6,6081,Gavi,4454,45.0432,2020
6,6082,Giarole,683,5.4494,2020
6,6083,Gremiasco,295,17.3842,2020
6,6084,Grognardo,241,9.0802,2020
6,6085,Grondona,471,25.9429,2020
6,6086,Guazzora,302,2.8021,2020
6,6087,Isola Sant'Antonio,651,23.5483,2020
6,6088,Lerma,823,14.5358,2020
6,6090,Malvicino,83,9.035,2020
6,6091,Masio,1296,22.2319,2020
6,6092,Melazzo,1249,19.7375,2020
6,6093,Merana,180,9.1998,2020
6,6094,Mirabello Monferrato,1212,13.2357,2020
6,6095,Molare,2069,32.504,2020
6,6096,Molino dei Torti,570,2.7527,2020
6,6097,Mombello Monferrato,946,19.6941,2020
6,6098,Momperone,203,8.54,2020
6,6099,Moncestino,197,6.5185,2020
6,6100,Mongiardino Ligure,150,29.0329,2020
6,6101,Monleale,558,9.6176,2020
6,6102,Montacuto,242,23.7473,2020
6,6103,Montaldeo,243,5.3756,2020
6,6104,Montaldo Bormida,612,5.7241,2020
6,6105,Montecastello,306,7.4867,2020
6,6106,Montechiaro d'Acqui,513,17.5982,2020
6,6107,Montegioco,286,5.4513,2020
6,6108,Montemarzino,309,9.8515,2020
6,6109,Morano sul Po,1324,17.7049,2020
6,6110,Morbello,418,23.9524,2020
6,6111,Mornese,707,13.2197,2020
6,6112,Morsasco,615,10.2943,2020
6,6113,Murisengo,1303,15.3104,2020
6,6114,Novi Ligure,27683,55.1948,2020
6,6115,Occimiano,1261,22.4629,2020
6,6116,Odalengo Grande,406,15.4279,2020
6,6117,Odalengo Piccolo,240,7.5707,2020
6,6118,Olivola,115,2.6908,2020
6,6119,Orsara Bormida,408,5.0996,2020
6,6120,Ottiglio,592,14.5434,2020
6,6121,Ovada,10975,35.3724,2020
6,6122,Oviglio,1182,27.3665,2020
6,6123,Ozzano Monferrato,1358,15.1834,2020
6,6124,Paderna,204,4.4198,2020
6,6125,Pareto,520,41.7376,2020
6,6126,Parodi Ligure,622,12.5365,2020
6,6127,Pasturana,1276,5.2811,2020
6,6128,Pecetto di Valenza,1156,11.3546,2020
6,6129,Pietra Marazzi,874,7.9973,2020
6,6131,Pomaro Monferrato,328,13.4427,2020
6,6132,Pontecurone,3422,29.7041,2020
6,6133,Pontestura,1331,18.9177,2020
6,6134,Ponti,550,11.9679,2020
6,6135,Ponzano Monferrato,326,11.6495,2020
6,6136,Ponzone,1003,69.0281,2020
6,6137,Pozzol Groppo,301,14.0866,2020
6,6138,Pozzolo Formigaro,4522,36.1765,2020
6,6139,Prasco,478,5.9724,2020
6,6140,Predosa,1910,33.0071,2020
6,6141,Quargnento,1352,36.1651,2020
6,6142,Quattordio,1524,17.7338,2020
6,6143,Ricaldone,618,10.5153,2020
6,6144,Rivalta Bormida,1361,10.0516,2020
6,6145,Rivarone,389,6.0734,2020
6,6146,Roccaforte Ligure,126,20.5892,2020
6,6147,Rocca Grimalda,1430,15.4612,2020
6,6148,Rocchetta Ligure,222,10.1543,2020
6,6149,Rosignano Monferrato,1461,19.2799,2020
6,6150,Sala Monferrato,339,7.5754,2020
6,6151,Sale,3913,44.9156,2020
6,6152,San Cristoforo,547,3.5706,2020
6,6153,San Giorgio Monferrato,1192,7.1156,2020
6,6154,San Salvatore Monferrato,4055,31.6916,2020
6,6155,San Sebastiano Curone,533,3.8925,2020
6,6156,Sant'Agata Fossili,368,7.7065,2020
6,6157,Sardigliano,384,12.743,2020
6,6158,Sarezzano,1134,13.8532,2020
6,6159,Serralunga di Crea,513,8.8425,2020
6,6160,Serravalle Scrivia,5872,15.9488,2020
6,6161,Sezzadio,1205,34.3195,2020
6,6162,Silvano d'Orba,1874,12.1681,2020
6,6163,Solero,1570,22.5538,2020
6,6164,Solonghello,200,4.9533,2020
6,6165,Spigno Monferrato,956,54.8544,2020
6,6166,Spineto Scrivia,363,3.9542,2020
6,6167,Stazzano,2369,17.9132,2020
6,6168,Strevi,1906,15.2889,2020
6,6169,Tagliolo Monferrato,1510,26.2111,2020
6,6170,Tassarolo,600,7.035,2020
6,6171,Terruggia,906,7.2664,2020
6,6172,Terzo,846,8.796,2020
6,6173,Ticineto,1304,8.0894,2020
6,6174,Tortona,26713,98.8666,2020
6,6175,Treville,268,4.6032,2020
6,6176,Trisobbio,670,9.2191,2020
6,6177,Valenza,18149,48.4945,2020
6,6178,Valmacca,959,12.2936,2020
6,6179,Vignale Monferrato,945,18.7258,2020
6,6180,Vignole Borbera,2023,8.6455,2020
6,6181,Viguzzolo,3064,18.3072,2020
6,6182,Villadeati,480,14.6091,2020
6,6183,Villalvernia,884,4.4744,2020
6,6184,Villamiroglio,295,9.8688,2020
6,6185,Villanova Monferrato,1752,16.5563,2020
6,6186,Villaromagnano,663,6.0672,2020
6,6187,Visone,1141,12.5617,2020
6,6188,Volpedo,1170,10.4833,2020
6,6189,Volpeglino,134,3.2458,2020
6,6190,Voltaggio,671,52.1828,2020
6,6191,Cassano Spinola,1843,17.1263,2020
6,6192,Alluvioni Piovera,1635,24.7837,2020
6,6193,Lu e Cuccaro Monferrato,1338,27.095,2020
7,7001,Allein,208,7.964,2020
7,7002,Antey-Saint-André,546,11.808,2020
7,7003,Aosta,33523,21.3923,2020
7,7004,Arnad,1227,28.8405,2020
7,7005,Arvier,852,33.3596,2020
7,7006,Avise,298,52.6166,2020
7,7007,Ayas,1399,129.4208,2020
7,7008,Aymavilles,2098,53.2436,2020
7,7009,Bard,112,3.0315,2020
7,7010,Bionaz,218,142.0905,2020
7,7011,Brissogne,942,25.5133,2020
7,7012,Brusson,863,55.2621,2020
7,7013,Challand-Saint-Anselme,736,27.9864,2020
7,7014,Challand-Saint-Victor,536,25.1589,2020
7,7015,Chambave,872,21.5416,2020
7,7016,Chamois,108,14.5283,2020
7,7017,Champdepraz,700,48.7924,2020
7,7018,Champorcher,380,68.4352,2020
7,7019,Charvensod,2377,25.8619,2020
7,7020,Châtillon,4450,39.6811,2020
7,7021,Cogne,1343,213.0372,2020
7,7022,Courmayeur,2734,209.6059,2020
7,7023,Donnas,2405,33.977,2020
7,7024,Doues,497,16.2542,2020
7,7025,Emarèse,220,10.233,2020
7,7026,Etroubles,483,39.5692,2020
7,7027,Fénis,1778,68.1198,2020
7,7028,Fontainemore,433,31.7089,2020
7,7029,Gaby,437,32.1712,2020
7,7030,Gignod,1739,25.9833,2020
7,7031,Gressan,3380,25.3034,2020
7,7032,Gressoney-La-Trinité,322,66.5161,2020
7,7033,Gressoney-Saint-Jean,804,69.6471,2020
7,7034,Hône,1154,12.6384,2020
7,7035,Introd,646,20.0381,2020
7,7036,Issime,393,35.3779,2020
7,7037,Issogne,1347,23.6103,2020
7,7038,Jovençan,712,7.012,2020
7,7039,La Magdeleine,108,8.9365,2020
7,7040,La Salle,2007,83.9427,2020
7,7041,La Thuile,819,125.6666,2020
7,7042,Lillianes,446,18.5463,2020
7,7043,Montjovet,1749,18.7597,2020
7,7044,Morgex,2097,43.6277,2020
7,7045,Nus,2984,57.3544,2020
7,7046,Ollomont,161,53.4825,2020
7,7047,Oyace,209,30.5598,2020
7,7048,Perloz,452,23.2665,2020
7,7049,Pollein,1520,15.3295,2020
7,7050,Pontboset,170,33.5599,2020
7,7051,Pontey,798,15.7533,2020
7,7052,Pont-Saint-Martin,3571,6.9224,2020
7,7053,Pré-Saint-Didier,996,33.4018,2020
7,7054,Quart,4101,62.052,2020
7,7055,Rhêmes-Notre-Dame,83,86.8333,2020
7,7056,Rhêmes-Saint-Georges,172,36.3385,2020
7,7057,Roisan,1015,14.641,2020
7,7058,Saint-Christophe,3471,14.7364,2020
7,7059,Saint-Denis,366,11.3872,2020
7,7060,Saint-Marcel,1311,42.382,2020
7,7061,Saint-Nicolas,320,15.4576,2020
7,7062,Saint-Oyen,194,9.4206,2020
7,7063,Saint-Pierre,3220,26.1772,2020
7,7064,Saint-Rhémy-en-Bosses,333,64.877,2020
7,7065,Saint-Vincent,4465,20.5721,2020
7,7066,Sarre,4793,28.281,2020
7,7067,Torgnon,555,42.4629,2020
7,7068,Valgrisenche,192,113.4757,2020
7,7069,Valpelline,594,31.4468,2020
7,7070,Valsavarenche,168,138.2088,2020
7,7071,Valtournenche,2273,116.1501,2020
7,7072,Verrayes,1267,22.3546,2020
7,7073,Verrès,2590,8.3607,2020
7,7074,Villeneuve,1247,8.7979,2020
8,8001,Airole,376,14.6268,2020
8,8002,Apricale,643,19.9364,2020
8,8003,Aquila d'Arroscia,149,10.0601,2020
8,8004,Armo,116,10.0925,2020
8,8005,Aurigo,338,9.1429,2020
8,8006,Badalucco,1059,16.0999,2020
8,8007,Bajardo,321,24.3196,2020
8,8008,Bordighera,10160,10.6456,2020
8,8009,Borghetto d'Arroscia,403,25.9387,2020
8,8010,Borgomaro,822,23.4357,2020
8,8011,Camporosso,5474,17.9447,2020
8,8012,Caravonica,254,4.4708,2020
8,8014,Castellaro,1222,7.8606,2020
8,8015,Castel Vittorio,263,25.9282,2020
8,8016,Ceriana,1083,31.7924,2020
8,8017,Cervo,1129,3.585,2020
8,8018,Cesio,273,8.857,2020
8,8019,Chiusanico,585,13.5068,2020
8,8020,Chiusavecchia,515,4.0918,2020
8,8021,Cipressa,1197,9.393,2020
8,8022,Civezza,619,3.8809,2020
8,8023,Cosio d'Arroscia,179,40.5548,2020
8,8024,Costarainera,773,2.519,2020
8,8025,Diano Arentino,689,8.3343,2020
8,8026,Diano Castello,2266,6.1136,2020
8,8027,Diano Marina,5681,6.6729,2020
8,8028,Diano San Pietro,1066,11.9117,2020
8,8029,Dolceacqua,2085,20.2846,2020
8,8030,Dolcedo,1283,19.7953,2020
8,8031,Imperia,41941,45.3823,2020
8,8032,Isolabona,685,12.3465,2020
8,8033,Lucinasco,275,7.8969,2020
8,8034,Mendatica,171,30.6912,2020
8,8035,Molini di Triora,606,58.0472,2020
8,8037,Montegrosso Pian Latte,122,10.0261,2020
8,8038,Olivetta San Michele,199,13.8375,2020
8,8039,Ospedaletti,3205,5.4462,2020
8,8040,Perinaldo,826,20.2994,2020
8,8041,Pietrabruna,446,10.2246,2020
8,8042,Pieve di Teco,1315,40.5045,2020
8,8043,Pigna,766,53.2305,2020
8,8044,Pompeiana,851,5.3802,2020
8,8045,Pontedassio,2318,13.3128,2020
8,8046,Pornassio,663,27.2114,2020
8,8047,Prelà,478,14.8026,2020
8,8048,Ranzo,545,10.8563,2020
8,8049,Rezzo,311,37.3683,2020
8,8050,Riva Ligure,2800,2.0712,2020
8,8051,Rocchetta Nervina,304,15.2848,2020
8,8052,San Bartolomeo al Mare,2983,10.8533,2020
8,8053,San Biagio della Cima,1238,4.307,2020
8,8054,San Lorenzo al Mare,1235,1.2886,2020
8,8055,Sanremo,53451,55.9577,2020
8,8056,Santo Stefano al Mare,2058,2.6886,2020
8,8057,Seborga,281,4.8705,2020
8,8058,Soldano,1005,3.466,2020
8,8059,Taggia,13869,31.3583,2020
8,8060,Terzorio,237,1.9254,2020
8,8061,Triora,360,67.606,2020
8,8062,Vallebona,1259,5.8808,2020
8,8063,Vallecrosia,6700,3.6815,2020
8,8064,Vasia,386,11.1513,2020
8,8065,Ventimiglia,23131,53.7257,2020
8,8066,Vessalico,254,10.4645,2020
8,8067,Villa Faraldi,447,9.5157,2020
8,8068,Montalto Carpasio,500,30.0037,2020
9,9001,Alassio,10322,17.2476,2020
9,9002,Albenga,23749,36.5751,2020
9,9003,Albissola Marina,5292,3.2457,2020
9,9004,Albisola Superiore,9539,28.6771,2020
9,9005,Altare,1962,11.2964,2020
9,9006,Andora,7297,31.7987,2020
9,9007,Arnasco,585,6.093,2020
9,9008,Balestrino,534,11.2733,2020
9,9009,Bardineto,758,29.7933,2020
9,9010,Bergeggi,1077,3.6899,2020
9,9011,Boissano,2472,8.3522,2020
9,9012,Borghetto Santo Spirito,4552,5.391,2020
9,9013,Borgio Verezzi,2084,2.7326,2020
9,9014,Bormida,357,22.4709,2020
9,9015,Cairo Montenotte,12691,100.4026,2020
9,9016,Calice Ligure,1682,20.6034,2020
9,9017,Calizzano,1426,62.7437,2020
9,9018,Carcare,5295,10.4005,2020
9,9019,Casanova Lerrone,705,24.2297,2020
9,9020,Castelbianco,310,14.7042,2020
9,9021,Castelvecchio di Rocca Barbena,132,16.1434,2020
9,9022,Celle Ligure,4982,9.5606,2020
9,9023,Cengio,3308,18.9617,2020
9,9024,Ceriale,5375,11.1527,2020
9,9025,Cisano sul Neva,2123,12.2727,2020
9,9026,Cosseria,1062,12.4065,2020
9,9027,Dego,1892,66.8145,2020
9,9028,Erli,222,16.7298,2020
9,9029,Finale Ligure,11304,35.5254,2020
9,9030,Garlenda,1302,8.0315,2020
9,9031,Giustenice,986,17.2237,2020
9,9032,Giusvalla,406,19.7021,2020
9,9033,Laigueglia,1712,2.7242,2020
9,9034,Loano,10866,13.4774,2020
9,9035,Magliolo,940,19.5718,2020
9,9036,Mallare,1058,31.7301,2020
9,9037,Massimino,104,7.8507,2020
9,9038,Millesimo,3247,15.9575,2020
9,9039,Mioglia,501,19.298,2020
9,9040,Murialdo,771,39.2213,2020
9,9041,Nasino,173,22.1769,2020
9,9042,Noli,2470,9.6682,2020
9,9043,Onzo,211,8.2263,2020
9,9044,Orco Feglino,919,17.313,2020
9,9045,Ortovero,1584,9.6586,2020
9,9046,Osiglia,439,28.1736,2020
9,9047,Pallare,919,21.3321,2020
9,9048,Piana Crixia,787,30.4451,2020
9,9049,Pietra Ligure,8404,9.8781,2020
9,9050,Plodio,626,8.6454,2020
9,9051,Pontinvrea,840,24.9456,2020
9,9052,Quiliano,6934,49.9186,2020
9,9053,Rialto,558,19.5971,2020
9,9054,Roccavignale,761,17.7066,2020
9,9055,Sassello,1756,100.656,2020
9,9056,Savona,58949,65.3174,2020
9,9057,Spotorno,3565,8.0198,2020
9,9058,Stella,2929,43.6807,2020
9,9059,Stellanello,829,17.8062,2020
9,9060,Testico,178,10.2868,2020
9,9061,Toirano,2655,18.9652,2020
9,9062,Tovo San Giacomo,2514,9.4467,2020
9,9063,Urbe,670,31.1689,2020
9,9064,Vado Ligure,8180,23.7846,2020
9,9065,Varazze,12697,47.9963,2020
9,9066,Vendone,364,9.915,2020
9,9067,Vezzi Portio,807,8.7616,2020
9,9068,Villanova d'Albenga,2761,15.8914,2020
9,9069,Zuccarello,291,10.807,2020
210,10001,Arenzano,11219,24.2972,2020
210,10002,Avegno,2506,10.9322,2020
210,10003,Bargagli,2532,16.2765,2020
210,10004,Bogliasco,4365,4.4242,2020
210,10005,Borzonasca,1848,80.5133,2020
210,10006,Busalla,5194,17.0618,2020
210,10007,Camogli,5087,10.0652,2020
210,10008,Campo Ligure,2816,23.7401,2020
210,10009,Campomorone,6488,25.9059,2020
210,10010,Carasco,3705,8.4579,2020
210,10011,Casarza Ligure,6743,27.8222,2020
210,10012,Casella,3110,8.0656,2020
210,10013,Castiglione Chiavarese,1579,29.7498,2020
210,10014,Ceranesi,3679,30.6952,2020
210,10015,Chiavari,27244,12.231,2020
210,10016,Cicagna,2245,11.2837,2020
210,10017,Cogoleto,8737,20.7228,2020
210,10018,Cogorno,5672,9.0821,2020
210,10019,Coreglia Ligure,267,8.0024,2020
210,10020,Crocefieschi,518,11.7248,2020
210,10021,Davagna,1786,20.5252,2020
210,10022,Fascia,70,11.254,2020
210,10023,Favale di Malvaro,434,16.6164,2020
210,10024,Fontanigorda,258,16.1628,2020
210,10025,Genova,566410,240.2876,2020
210,10026,Gorreto,90,18.876,2020
210,10027,Isola del Cantone,1426,47.9672,2020
210,10028,Lavagna,12352,13.8763,2020
210,10029,Leivi,2383,9.7099,2020
210,10030,Lorsica,417,17.7184,2020
210,10031,Lumarzo,1475,25.5078,2020
210,10032,Masone,3497,29.4412,2020
210,10033,Mele,2626,16.9335,2020
210,10034,Mezzanego,1456,28.6498,2020
210,10035,Mignanego,3501,16.2743,2020
210,10036,Moconesi,2411,16.2718,2020
210,10037,Moneglia,2630,15.6107,2020
210,10038,Montebruno,211,17.6787,2020
210,10039,Montoggio,1995,47.7246,2020
210,10040,Ne,2174,63.5214,2020
210,10041,Neirone,822,30.2369,2020
210,10042,Orero,512,15.9884,2020
210,10043,Pieve Ligure,2475,3.5565,2020
210,10044,Portofino,374,2.5311,2020
210,10045,Propata,125,16.931,2020
210,10046,Rapallo,29148,33.621,2020
210,10047,Recco,9442,9.7716,2020
210,10048,Rezzoaglio,913,104.719,2020
210,10049,Ronco Scrivia,4192,30.1115,2020
210,10050,Rondanina,59,12.8079,2020
210,10051,Rossiglione,2606,47.5932,2020
210,10052,Rovegno,500,44.0858,2020
210,10053,San Colombano Certenoli,2593,41.5747,2020
210,10054,Santa Margherita Ligure,8724,10.0436,2020
210,10055,Sant'Olcese,5633,21.9016,2020
210,10056,Santo Stefano d'Aveto,1015,54.7734,2020
210,10057,Savignone,3038,21.744,2020
210,10058,Serra Riccò,7621,26.2045,2020
210,10059,Sestri Levante,17788,33.6163,2020
210,10060,Sori,4010,13.0661,2020
210,10061,Tiglieto,495,24.5372,2020
210,10062,Torriglia,2198,60.0146,2020
210,10063,Tribogna,584,7.1383,2020
210,10064,Uscio,2135,9.6332,2020
210,10065,Valbrevenna,759,34.6707,2020
210,10066,Vobbia,370,33.4257,2020
210,10067,Zoagli,2325,7.7878,2020
11,11001,Ameglia,4270,14.1732,2020
11,11002,Arcola,10125,16.5379,2020
11,11003,Beverino,2267,34.945,2020
11,11004,Bolano,7444,14.5663,2020
11,11005,Bonassola,822,9.1896,2020
11,11006,Borghetto di Vara,886,27.3369,2020
11,11007,Brugnato,1285,11.9013,2020
11,11008,Calice al Cornoviglio,1058,33.7544,2020
11,11009,Carro,518,31.7917,2020
11,11010,Carrodano,476,21.8632,2020
11,11011,Castelnuovo Magra,8320,15.017,2020
11,11012,Deiva Marina,1338,14.0856,2020
11,11013,Follo,6203,23.2703,2020
11,11014,Framura,632,19.2599,2020
11,11015,La Spezia,92441,51.3951,2020
11,11016,Lerici,9648,16.0078,2020
11,11017,Levanto,5263,36.814,2020
11,11018,Maissana,597,45.4274,2020
11,11019,Monterosso al Mare,1383,10.9431,2020
11,11020,Luni,8236,13.8558,2020
11,11021,Pignone,540,17.7462,2020
11,11022,Portovenere,3348,7.6646,2020
11,11023,Riccò del Golfo di Spezia,3566,37.7634,2020
11,11024,Riomaggiore,1392,10.2899,2020
11,11025,Rocchetta di Vara,677,32.6636,2020
11,11026,Santo Stefano di Magra,9836,13.8524,2020
11,11027,Sarzana,21697,34.5374,2020
11,11028,Sesta Godano,1294,67.7758,2020
11,11029,Varese Ligure,1834,137.5884,2020
11,11030,Vernazza,766,12.2925,2020
11,11031,Vezzano Ligure,7237,18.3684,2020
11,11032,Zignago,488,28.7008,2020
12,12001,Agra,416,2.7953,2020
12,12002,Albizzate,5203,3.8821,2020
12,12003,Angera,5365,17.7261,2020
12,12004,Arcisate,9956,12.1264,2020
12,12005,Arsago Seprio,4806,10.5059,2020
12,12006,Azzate,4613,4.5062,2020
12,12007,Azzio,753,2.1722,2020
12,12008,Barasso,1657,3.9232,2020
12,12009,Bardello,1584,2.5157,2020
12,12010,Bedero Valcuvia,667,2.5636,2020
12,12011,Besano,2531,3.432,2020
12,12012,Besnate,5475,7.4769,2020
12,12013,Besozzo,8793,13.9454,2020
12,12014,Biandronno,3210,9.5209,2020
12,12015,Bisuschio,4293,7.03,2020
12,12016,Bodio Lomnago,2212,4.0386,2020
12,12017,Brebbia,3194,6.8686,2020
12,12018,Bregano,836,2.2924,2020
12,12019,Brenta,1741,4.182,2020
12,12020,Brezzo di Bedero,1244,9.9542,2020
12,12021,Brinzio,790,6.3963,2020
12,12022,Brissago-Valtravaglia,1227,6.1189,2020
12,12023,Brunello,943,1.62,2020
12,12024,Brusimpiano,1170,5.9058,2020
12,12025,Buguggiate,3078,2.5045,2020
12,12026,Busto Arsizio,83045,30.6597,2020
12,12027,Cadegliano-Viconago,2154,10.2718,2020
12,12029,Cairate,7687,11.2635,2020
12,12030,Cantello,4750,9.1334,2020
12,12031,Caravate,2591,5.127,2020
12,12032,Cardano al Campo,14780,9.4198,2020
12,12033,Carnago,6591,6.2131,2020
12,12034,Caronno Pertusella,18035,8.5453,2020
12,12035,Caronno Varesino,4787,5.7494,2020
12,12036,Casale Litta,2711,10.5879,2020
12,12037,Casalzuigno,1340,7.3228,2020
12,12038,Casciago,3613,4.0454,2020
12,12039,Casorate Sempione,5648,6.9092,2020
12,12040,Cassano Magnago,21385,12.3442,2020
12,12041,Cassano Valcuvia,653,3.9547,2020
12,12042,Castellanza,14328,6.9206,2020
12,12043,Castello Cabiaglio,551,6.9824,2020
12,12044,Castelseprio,1297,3.7509,2020
12,12045,Castelveccana,1894,20.7887,2020
12,12046,Castiglione Olona,7635,6.9003,2020
12,12047,Castronno,5042,3.759,2020
12,12048,Cavaria con Premezzo,5692,3.3176,2020
12,12049,Cazzago Brabbia,799,4.0039,2020
12,12050,Cislago,10328,11.1336,2020
12,12051,Cittiglio,3797,11.1074,2020
12,12052,Clivio,1909,2.9838,2020
12,12053,Cocquio-Trevisago,4612,9.8056,2020
12,12054,Comabbio,1228,4.6874,2020
12,12055,Comerio,2880,5.5493,2020
12,12056,Cremenaga,774,4.551,2020
12,12057,Crosio della Valle,600,1.4407,2020
12,12058,Cuasso al Monte,3598,16.1837,2020
12,12059,Cugliate-Fabiasco,3046,6.5438,2020
12,12060,Cunardo,2902,6.0591,2020
12,12061,Curiglia con Monteviasco,156,10.8543,2020
12,12062,Cuveglio,3266,7.5272,2020
12,12063,Cuvio,1626,5.959,2020
12,12064,Daverio,3046,4.0249,2020
12,12065,Dumenza,1474,18.3987,2020
12,12066,Duno,137,2.4905,2020
12,12067,Fagnano Olona,12350,8.6809,2020
12,12068,Ferno,6765,8.6579,2020
12,12069,Ferrera di Varese,702,1.5265,2020
12,12070,Gallarate,52787,20.9823,2020
12,12071,Galliate Lombardo,989,3.2748,2020
12,12072,Gavirate,9068,12.0086,2020
12,12073,Gazzada Schianno,4538,4.8411,2020
12,12074,Gemonio,2884,3.6747,2020
12,12075,Gerenzano,10804,9.7868,2020
12,12076,Germignaga,3822,4.6598,2020
12,12077,Golasecca,2641,7.4364,2020
12,12078,Gorla Maggiore,4922,5.158,2020
12,12079,Gorla Minore,8132,7.4805,2020
12,12080,Gornate Olona,2161,4.6957,2020
12,12081,Grantola,1232,2.0456,2020
12,12082,Inarzo,1062,2.4338,2020
12,12083,Induno Olona,10303,12.3655,2020
12,12084,Ispra,5208,15.9092,2020
12,12085,Jerago con Orago,5241,3.8742,2020
12,12086,Lavena Ponte Tresa,5812,4.4421,2020
12,12087,Laveno-Mombello,8380,23.5301,2020
12,12088,Leggiuno,3632,13.1894,2020
12,12089,Lonate Ceppino,5052,4.8367,2020
12,12090,Lonate Pozzolo,11483,29.2406,2020
12,12091,Lozza,1225,1.7099,2020
12,12092,Luino,14207,21.0057,2020
12,12093,Luvinate,1292,4.0713,2020
12,12095,Malgesso,1224,2.7726,2020
12,12096,Malnate,16391,9.0012,2020
12,12097,Marchirolo,3492,5.4904,2020
12,12098,Marnate,8010,4.8464,2020
12,12099,Marzio,311,1.858,2020
12,12100,Masciago Primo,307,1.8082,2020
12,12101,Mercallo,1776,5.4816,2020
12,12102,Mesenzana,1623,4.8831,2020
12,12103,Montegrino Valtravaglia,1492,10.1012,2020
12,12104,Monvalle,1946,4.5406,2020
12,12105,Morazzone,4255,5.6025,2020
12,12106,Mornago,4945,12.2356,2020
12,12107,Oggiona con Santo Stefano,4308,2.7451,2020
12,12108,Olgiate Olona,12585,7.2066,2020
12,12109,Origgio,7909,7.9149,2020
12,12110,Orino,826,3.7246,2020
12,12113,Porto Ceresio,2850,5.3374,2020
12,12114,Porto Valtravaglia,2294,16.3739,2020
12,12115,Rancio Valcuvia,904,4.4481,2020
12,12116,Ranco,1240,6.7632,2020
12,12117,Saltrio,2987,3.439,2020
12,12118,Samarate,16065,16.014,2020
12,12119,Saronno,38755,11.0575,2020
12,12120,Sesto Calende,11055,25.0379,2020
12,12121,Solbiate Arno,4014,3.0347,2020
12,12122,Solbiate Olona,5341,4.9318,2020
12,12123,Somma Lombardo,17785,30.5053,2020
12,12124,Sumirago,6014,11.7498,2020
12,12125,Taino,3584,7.6311,2020
12,12126,Ternate,2537,4.6798,2020
12,12127,Tradate,18797,21.4775,2020
12,12128,Travedona-Monate,3989,9.5968,2020
12,12129,Tronzano Lago Maggiore,219,11.0619,2020
12,12130,Uboldo,10607,10.7362,2020
12,12131,Valganna,1587,12.4185,2020
12,12132,Varano Borghi,2446,3.3321,2020
12,12133,Varese,79350,54.8393,2020
12,12134,Vedano Olona,7328,7.0848,2020
12,12136,Venegono Inferiore,5980,5.8788,2020
12,12137,Venegono Superiore,7289,6.7338,2020
12,12138,Vergiate,8641,21.7832,2020
12,12139,Viggiù,5079,9.2627,2020
12,12140,Vizzola Ticino,574,7.6059,2020
12,12141,Sangiano,1483,2.2206,2020
12,12142,Maccagno con Pino e Veddasca,2423,41.9571,2020
12,12143,Cadrezzate con Osmate,2638,8.2455,2020
13,13003,Albavilla,6359,10.3792,2020
13,13004,Albese con Cassano,4187,7.9506,2020
13,13005,Albiolo,2709,2.8386,2020
13,13006,Alserio,1263,1.9921,2020
13,13007,Alzate Brianza,4827,7.5847,2020
13,13009,Anzano del Parco,1786,3.245,2020
13,13010,Appiano Gentile,7652,12.8076,2020
13,13011,Argegno,686,4.1121,2020
13,13012,Arosio,5106,2.5822,2020
13,13013,Asso,3562,6.5106,2020
13,13015,Barni,563,5.7157,2020
13,13021,Bene Lario,321,5.5854,2020
13,13022,Beregazzo con Figliaro,2787,3.8047,2020
13,13023,Binago,4765,7.1194,2020
13,13024,Bizzarone,1728,2.6705,2020
13,13025,Blessagno,287,3.5601,2020
13,13026,Blevio,1143,5.4718,2020
13,13028,Bregnano,6439,6.1737,2020
13,13029,Brenna,2165,4.8311,2020
13,13030,Brienno,335,8.972,2020
13,13032,Brunate,1664,2.0251,2020
13,13034,Bulgarograsso,4026,3.7733,2020
13,13035,Cabiate,7416,3.1784,2020
13,13036,Cadorago,7957,7.1615,2020
13,13037,Caglio,498,6.5169,2020
13,13040,Campione d'Italia,1779,2.6757,2020
13,13041,Cantù,39469,23.2534,2020
13,13042,Canzo,5182,11.1053,2020
13,13043,Capiago Intimiano,5470,5.7175,2020
13,13044,Carate Urio,1122,6.9442,2020
13,13045,Carbonate,2918,4.9237,2020
13,13046,Carimate,4416,5.1719,2020
13,13047,Carlazzo,3103,12.7329,2020
13,13048,Carugo,6564,4.1945,2020
13,13052,Caslino d'Erba,1646,6.8896,2020
13,13053,Casnate con Bernate,4990,5.2221,2020
13,13055,Cassina Rizzardi,3338,3.5073,2020
13,13058,Castelmarte,1249,1.9723,2020
13,13059,Castelnuovo Bozzente,911,3.622,2020
13,13062,Cavargna,191,14.9748,2020
13,13063,Cerano d'Intelvi,545,5.5479,2020
13,13064,Cermenate,9199,8.1831,2020
13,13065,Cernobbio,6498,12.2813,2020
13,13068,Cirimido,2080,2.6263,2020
13,13071,Claino con Osteno,566,12.9034,2020
13,13074,Colonno,469,5.6171,2020
13,13075,Como,84250,37.1412,2020
13,13077,Corrido,828,6.1917,2020
13,13083,Cremia,687,10.1382,2020
13,13084,Cucciago,3456,4.9305,2020
13,13085,Cusino,214,9.6466,2020
13,13087,Dizzasco,602,3.6082,2020
13,13089,Domaso,1462,6.2764,2020
13,13090,Dongo,3253,7.0436,2020
13,13092,Dosso del Liro,236,23.4878,2020
13,13095,Erba,16208,17.8017,2020
13,13097,Eupilio,2583,6.9373,2020
13,13098,Faggeto Lario,1169,17.523,2020
13,13099,Faloppio,4795,4.1414,2020
13,13100,Fenegrò,3180,5.3603,2020
13,13101,Figino Serenza,5030,4.9561,2020
13,13102,Fino Mornasco,9803,7.2711,2020
13,13106,Garzeno,699,28.7547,2020
13,13107,Gera Lario,1049,7.1792,2020
13,13110,Grandate,2809,2.825,2020
13,13111,Grandola ed Uniti,1300,16.8991,2020
13,13113,Griante,595,6.5458,2020
13,13114,Guanzate,5816,6.9053,2020
13,13118,Inverigo,9169,9.9865,2020
13,13119,Laglio,891,6.1961,2020
13,13120,Laino,536,6.6825,2020
13,13121,Lambrugo,2529,1.836,2020
13,13123,Lasnigo,462,5.5255,2020
13,13126,Lezzeno,1996,20.7039,2020
13,13128,Limido Comasco,3860,4.5636,2020
13,13129,Lipomo,5950,2.2977,2020
13,13130,Livo,164,33.1337,2020
13,13131,Locate Varesino,4278,6.0364,2020
13,13133,Lomazzo,9998,9.477,2020
13,13134,Longone al Segrino,1929,1.6045,2020
13,13135,Luisago,2738,2.1613,2020
13,13136,Lurago d'Erba,5386,4.6988,2020
13,13137,Lurago Marinone,2570,3.8854,2020
13,13138,Lurate Caccivio,9742,5.9357,2020
13,13139,Magreglio,649,3.0815,2020
13,13143,Mariano Comense,25214,13.8027,2020
13,13144,Maslianico,3196,1.2884,2020
13,13145,Menaggio,3073,11.7701,2020
13,13147,Merone,4064,3.2814,2020
13,13152,Moltrasio,1569,8.8973,2020
13,13153,Monguzzo,2364,3.727,2020
13,13154,Montano Lucino,5287,5.2231,2020
13,13155,Montemezzo,224,9.0152,2020
13,13157,Montorfano,2515,3.5169,2020
13,13159,Mozzate,8656,10.6815,2020
13,13160,Musso,946,3.7055,2020
13,13161,Nesso,1172,15.0301,2020
13,13163,Novedrate,2860,2.921,2020
13,13165,Olgiate Comasco,11735,10.9644,2020
13,13169,Oltrona di San Mamette,2380,2.688,2020
13,13170,Orsenigo,2674,4.4607,2020
13,13178,Peglio,189,10.5747,2020
13,13183,Pianello del Lario,1036,9.7955,2020
13,13184,Pigra,245,4.5334,2020
13,13185,Plesio,832,16.904,2020
13,13186,Pognana Lario,683,5.0749,2020
13,13187,Ponna,231,5.8112,2020
13,13188,Ponte Lambro,4270,3.3802,2020
13,13189,Porlezza,4847,18.6399,2020
13,13192,Proserpio,908,2.2991,2020
13,13193,Pusiano,1366,3.2026,2020
13,13195,Rezzago,303,4.0752,2020
13,13197,Rodero,1258,2.5208,2020
13,13199,Ronago,1646,2.0864,2020
13,13201,Rovellasca,7971,3.5679,2020
13,13202,Rovello Porro,6217,5.5316,2020
13,13203,Sala Comacina,481,4.7342,2020
13,13204,San Bartolomeo Val Cavargna,980,10.5076,2020
13,13206,San Fermo della Battaglia,7774,5.7797,2020
13,13207,San Nazzaro Val Cavargna,281,12.993,2020
13,13211,Schignano,871,10.1171,2020
13,13212,Senna Comasco,3157,2.7868,2020
13,13216,Sorico,1235,24.437,2020
13,13217,Sormano,632,10.7425,2020
13,13218,Stazzona,613,7.2943,2020
13,13222,Tavernerio,5740,11.8815,2020
13,13223,Torno,1123,7.5288,2020
13,13226,Trezzone,234,3.9091,2020
13,13227,Turate,9481,10.2824,2020
13,13228,Uggiate-Trevano,4952,5.7844,2020
13,13229,Valbrona,2606,13.6474,2020
13,13232,Valmorea,2629,3.132,2020
13,13233,Val Rezzo,164,6.6115,2020
13,13234,Valsolda,1453,31.7405,2020
13,13236,Veleso,201,5.8606,2020
13,13238,Veniano,3070,3.1517,2020
13,13239,Vercana,750,15.0078,2020
13,13242,Vertemate con Minoprio,4145,5.7469,2020
13,13245,Villa Guardia,7933,7.8577,2020
13,13246,Zelbio,186,4.5952,2020
13,13248,San Siro,1718,18.7866,2020
13,13249,Gravedona ed Uniti,4080,39.852,2020
13,13250,Bellagio,3611,29.0589,2020
13,13251,Colverde,5403,8.5814,2020
13,13252,Tremezzina,5046,29.4097,2020
13,13253,Alta Valle Intelvi,2973,24.9508,2020
13,13254,Centro Valle Intelvi,3554,19.6566,2020
13,13255,Solbiate con Cagno,4642,7.6232,2020
14,14001,Albaredo per San Marco,288,18.9604,2020
14,14002,Albosaggia,3021,34.3464,2020
14,14003,Andalo Valtellino,585,6.775,2020
14,14004,Aprica,1496,20.3652,2020
14,14005,Ardenno,3213,17.1442,2020
14,14006,Bema,119,19.2215,2020
14,14007,Berbenno di Valtellina,4045,35.5949,2020
14,14008,Bianzone,1273,17.1065,2020
14,14009,Bormio,4074,41.4364,2020
14,14010,Buglio in Monte,1961,27.707,2020
14,14011,Caiolo,1056,32.9723,2020
14,14012,Campodolcino,922,48.4884,2020
14,14013,Caspoggio,1345,7.3122,2020
14,14014,Castello dell'Acqua,606,14.07,2020
14,14015,Castione Andevenno,1548,17.0329,2020
14,14016,Cedrasco,435,14.4204,2020
14,14017,Cercino,792,5.6946,2020
14,14018,Chiavenna,7144,10.7742,2020
14,14019,Chiesa in Valmalenco,2370,107.5975,2020
14,14020,Chiuro,2439,51.7567,2020
14,14021,Cino,333,5.0707,2020
14,14022,Civo,1124,25.1361,2020
14,14023,Colorina,1353,17.8352,2020
14,14024,Cosio Valtellino,5409,23.9902,2020
14,14025,Dazio,471,3.7335,2020
14,14026,Delebio,3286,22.438,2020
14,14027,Dubino,3702,13.2392,2020
14,14028,Faedo Valtellino,534,4.799,2020
14,14029,Forcola,770,15.8975,2020
14,14030,Fusine,552,37.595,2020
14,14031,Gerola Alta,159,37.4263,2020
14,14032,Gordona,1938,62.7928,2020
14,14033,Grosio,4412,126.9158,2020
14,14034,Grosotto,1635,53.1233,2020
14,14035,Madesimo,545,85.6544,2020
14,14036,Lanzada,1281,117.165,2020
14,14037,Livigno,6887,227.2927,2020
14,14038,Lovero,633,13.4606,2020
14,14039,Mantello,752,3.7844,2020
14,14040,Mazzo di Valtellina,1017,15.3245,2020
14,14041,Mello,937,11.4294,2020
14,14043,Mese,1799,4.1455,2020
14,14044,Montagna in Valtellina,2945,44.9738,2020
14,14045,Morbegno,12237,14.816,2020
14,14046,Novate Mezzola,1872,99.7437,2020
14,14047,Pedesina,36,6.2997,2020
14,14048,Piantedo,1427,6.8047,2020
14,14049,Piateda,2083,70.7998,2020
14,14050,Piuro,1894,84.2534,2020
14,14051,Poggiridenti,1829,2.8988,2020
14,14052,Ponte in Valtellina,2258,67.7265,2020
14,14053,Postalesio,644,10.5844,2020
14,14054,Prata Camportaccio,2886,27.9382,2020
14,14055,Rasura,290,6.0003,2020
14,14056,Rogolo,541,12.8248,2020
14,14057,Samolaco,2834,45.7953,2020
14,14058,San Giacomo Filippo,360,61.8501,2020
14,14059,Sernio,489,9.5233,2020
14,14060,Sondalo,3970,95.4525,2020
14,14061,Sondrio,21202,20.8748,2020
14,14062,Spriana,80,7.6849,2020
14,14063,Talamona,4638,21.0512,2020
14,14064,Tartano,196,47.2736,2020
14,14065,Teglio,4445,115.3175,2020
14,14066,Tirano,8829,32.3745,2020
14,14067,Torre di Santa Maria,756,44.2368,2020
14,14068,Tovo di Sant'Agata,648,11.1463,2020
14,14069,Traona,2828,6.3664,2020
14,14070,Tresivio,2007,15.0134,2020
14,14071,Valdidentro,4153,226.7227,2020
14,14072,Valdisotto,3607,89.5706,2020
14,14073,Valfurva,2525,214.9861,2020
14,14074,Val Masino,865,116.7085,2020
14,14075,Verceia,1061,11.3774,2020
14,14076,Vervio,209,12.4053,2020
14,14077,Villa di Chiavenna,968,32.5223,2020
14,14078,Villa di Tirano,2925,24.7393,2020
215,15002,Abbiategrasso,32476,47.7776,2020
215,15005,Albairate,4670,14.9817,2020
215,15007,Arconate,6686,8.421,2020
215,15009,Arese,19463,6.5763,2020
215,15010,Arluno,12196,12.3585,2020
215,15011,Assago,9260,8.0523,2020
215,15012,Bareggio,17253,11.3842,2020
215,15014,Basiano,3665,4.5856,2020
215,15015,Basiglio,7933,8.4922,2020
215,15016,Bellinzago Lombardo,3797,4.5903,2020
215,15019,Bernate Ticino,3018,12.1619,2020
215,15022,Besate,2045,12.7426,2020
215,15024,Binasco,7199,3.8715,2020
215,15026,Boffalora sopra Ticino,4073,7.6536,2020
215,15027,Bollate,36239,13.1096,2020
215,15032,Bresso,26172,3.3824,2020
215,15035,Bubbiano,2438,2.949,2020
215,15036,Buccinasco,27015,12.0056,2020
215,15038,Buscate,4553,7.8322,2020
215,15040,Bussero,8380,4.5863,2020
215,15041,Busto Garolfo,13991,12.9872,2020
215,15042,Calvignasco,1240,1.7272,2020
215,15044,Cambiago,7113,7.1802,2020
215,15046,Canegrate,12466,5.2538,2020
215,15050,Carpiano,4153,17.2436,2020
215,15051,Carugate,15581,5.386,2020
215,15055,Casarile,4025,7.3249,2020
215,15058,Casorezzo,5513,6.5951,2020
215,15059,Cassano d'Adda,19151,18.601,2020
215,15060,Cassina de' Pecchi,13920,7.2095,2020
215,15061,Cassinetta di Lugagnano,1853,3.3175,2020
215,15062,Castano Primo,10980,19.1729,2020
215,15070,Cernusco sul Naviglio,35012,13.2206,2020
215,15071,Cerro al Lambro,5093,9.9631,2020
215,15072,Cerro Maggiore,15021,10.1212,2020
215,15074,Cesano Boscone,23686,3.9388,2020
215,15076,Cesate,14276,5.7681,2020
215,15077,Cinisello Balsamo,74636,12.7241,2020
215,15078,Cisliano,4929,14.6764,2020
215,15081,Cologno Monzese,47208,8.4021,2020
215,15082,Colturano,2009,4.1644,2020
215,15085,Corbetta,18600,18.6867,2020
215,15086,Cormano,20317,4.4734,2020
215,15087,Cornaredo,20590,11.0674,2020
215,15093,Corsico,34601,5.3556,2020
215,15096,Cuggiono,8194,14.9253,2020
215,15097,Cusago,4315,11.4585,2020
215,15098,Cusano Milanino,18787,3.0817,2020
215,15099,Dairago,6332,5.6355,2020
215,15101,Dresano,3006,3.479,2020
215,15103,Gaggiano,9225,26.2559,2020
215,15105,Garbagnate Milanese,26771,8.9131,2020
215,15106,Gessate,8842,7.7593,2020
215,15108,Gorgonzola,20899,10.5801,2020
215,15110,Grezzago,3067,2.4595,2020
215,15112,Gudo Visconti,1614,6.1012,2020
215,15113,Inveruno,8525,12.1348,2020
215,15114,Inzago,11255,12.2054,2020
215,15115,Lacchiarella,9060,24.0401,2020
215,15116,Lainate,26137,12.8701,2020
215,15118,Legnano,59855,17.697,2020
215,15122,Liscate,4042,9.4068,2020
215,15125,Locate di Triulzi,10290,12.6103,2020
215,15130,Magenta,24107,21.992,2020
215,15131,Magnago,9268,11.23,2020
215,15134,Marcallo con Casone,6134,8.2083,2020
215,15136,Masate,3580,4.3852,2020
215,15139,Mediglia,12220,21.9547,2020
215,15140,Melegnano,18011,4.9985,2020
215,15142,Melzo,18566,9.8204,2020
215,15144,Mesero,4199,5.6397,2020
215,15146,Milano,1374582,181.6783,2020
215,15150,Morimondo,1032,26.0014,2020
215,15151,Motta Visconti,8053,10.5128,2020
215,15154,Nerviano,16973,13.243,2020
215,15155,Nosate,640,4.8763,2020
215,15157,Novate Milanese,20056,5.4619,2020
215,15158,Noviglio,4514,15.8582,2020
215,15159,Opera,14100,7.6385,2020
215,15164,Ossona,4276,5.9834,2020
215,15165,Ozzero,1418,10.9731,2020
215,15166,Paderno Dugnano,47380,14.1139,2020
215,15167,Pantigliate,5862,5.6921,2020
215,15168,Parabiago,27919,14.3077,2020
215,15169,Paullo,11147,8.8211,2020
215,15170,Pero,11451,4.9782,2020
215,15171,Peschiera Borromeo,23847,23.2212,2020
215,15172,Pessano con Bornago,9025,6.6624,2020
215,15173,Pieve Emanuele,15699,12.9138,2020
215,15175,Pioltello,36147,13.0937,2020
215,15176,Pogliano Milanese,8329,4.7848,2020
215,15177,Pozzo d'Adda,6345,4.1648,2020
215,15178,Pozzuolo Martesana,8547,12.1394,2020
215,15179,Pregnana Milanese,7330,5.0744,2020
215,15181,Rescaldina,14057,8.0299,2020
215,15182,Rho,50742,22.2431,2020
215,15183,Robecchetto con Induno,4775,13.928,2020
215,15184,Robecco sul Naviglio,6758,19.7849,2020
215,15185,Rodano,4613,13.0728,2020
215,15188,Rosate,5799,18.6816,2020
215,15189,Rozzano,41844,12.2433,2020
215,15191,San Colombano al Lambro,7275,16.5504,2020
215,15192,San Donato Milanese,32545,12.8731,2020
215,15194,San Giorgio su Legnano,6681,2.168,2020
215,15195,San Giuliano Milanese,39308,30.8676,2020
215,15200,Santo Stefano Ticino,4938,4.9662,2020
215,15201,San Vittore Olona,8274,3.4807,2020
215,15202,San Zenone al Lambro,4422,7.2355,2020
215,15204,Sedriano,12403,7.7527,2020
215,15205,Segrate,36482,17.4936,2020
215,15206,Senago,21307,8.5991,2020
215,15209,Sesto San Giovanni,80203,11.6992,2020
215,15210,Settala,7330,17.4236,2020
215,15211,Settimo Milanese,20133,10.7192,2020
215,15213,Solaro,13991,6.676,2020
215,15219,Trezzano Rosa,5297,3.4356,2020
215,15220,Trezzano sul Naviglio,21453,10.7662,2020
215,15221,Trezzo sull'Adda,11981,13.0534,2020
215,15222,Tribiano,3654,6.9957,2020
215,15224,Truccazzano,5853,21.9838,2020
215,15226,Turbigo,7092,8.5193,2020
215,15229,Vanzago,9318,6.0535,2020
215,15230,Vaprio d'Adda,9349,7.1545,2020
215,15236,Vernate,3304,14.6541,2020
215,15237,Vignate,9301,8.5527,2020
215,15242,Vimodrone,16816,4.7367,2020
215,15243,Vittuone,9244,6.1334,2020
215,15244,Vizzolo Predabissi,3898,5.6505,2020
215,15247,Zibido San Giacomo,6867,24.5779,2020
215,15248,Villa Cortese,6133,3.548,2020
215,15249,Vanzaghello,5243,5.563,2020
215,15250,Baranzate,11866,2.7721,2020
215,15251,Vermezzo con Zelo,5796,10.7368,2020
16,16001,Adrara San Martino,2176,12.6055,2020
16,16002,Adrara San Rocco,791,9.2249,2020
16,16003,Albano Sant'Alessandro,8287,5.3528,2020
16,16004,Albino,17486,31.8094,2020
16,16005,Almè,5487,2.0003,2020
16,16006,Almenno San Bartolomeo,6440,10.6064,2020
16,16007,Almenno San Salvatore,5586,4.7305,2020
16,16008,Alzano Lombardo,13440,13.6844,2020
16,16009,Ambivere,2380,3.2756,2020
16,16010,Antegnate,3163,9.727,2020
16,16011,Arcene,4803,4.3472,2020
16,16012,Ardesio,3367,54.4369,2020
16,16013,Arzago d'Adda,2717,9.3077,2020
16,16014,Averara,170,10.6932,2020
16,16015,Aviatico,551,8.4898,2020
16,16016,Azzano San Paolo,7567,4.2922,2020
16,16017,Azzone,377,17.2892,2020
16,16018,Bagnatica,4355,6.5491,2020
16,16019,Barbata,688,7.9806,2020
16,16020,Bariano,4228,7.0711,2020
16,16021,Barzana,2013,2.0744,2020
16,16022,Bedulita,703,4.268,2020
16,16023,Berbenno,2410,6.1447,2020
16,16024,Bergamo,119993,40.1515,2020
16,16025,Berzo San Fermo,1390,5.8641,2020
16,16026,Bianzano,587,6.6704,2020
16,16027,Blello,75,2.2008,2020
16,16028,Bolgare,6433,8.591,2020
16,16029,Boltiere,6223,4.2082,2020
16,16030,Bonate Sopra,10217,6.151,2020
16,16031,Bonate Sotto,6613,6.4678,2020
16,16032,Borgo di Terzo,1159,1.8306,2020
16,16033,Bossico,990,7.0906,2020
16,16034,Bottanuco,5014,5.7727,2020
16,16035,Bracca,724,5.4653,2020
16,16036,Branzi,677,26.1864,2020
16,16037,Brembate,8482,5.5323,2020
16,16038,Brembate di Sopra,7862,4.139,2020
16,16040,Brignano Gera d'Adda,6053,12.1106,2020
16,16041,Brumano,114,8.1408,2020
16,16042,Brusaporto,5580,4.9947,2020
16,16043,Calcinate,6071,15.0832,2020
16,16044,Calcio,5389,15.6678,2020
16,16046,Calusco d'Adda,8210,8.3336,2020
16,16047,Calvenzano,4264,6.724,2020
16,16048,Camerata Cornello,573,12.944,2020
16,16049,Canonica d'Adda,4230,3.2052,2020
16,16050,Capizzone,1192,4.6789,2020
16,16051,Capriate San Gervasio,8160,5.7846,2020
16,16052,Caprino Bergamasco,3038,8.7838,2020
16,16053,Caravaggio,16170,33.3883,2020
16,16055,Carobbio degli Angeli,4730,6.8209,2020
16,16056,Carona,289,44.1535,2020
16,16057,Carvico,4645,4.5891,2020
16,16058,Casazza,3865,7.1131,2020
16,16059,Casirate d'Adda,4057,10.1746,2020
16,16060,Casnigo,3108,13.6219,2020
16,16061,Cassiglio,112,13.6773,2020
16,16062,Castelli Calepio,10394,10.1528,2020
16,16063,Castel Rozzone,2822,1.7066,2020
16,16064,Castione della Presolana,3361,42.5001,2020
16,16065,Castro,1258,2.5891,2020
16,16066,Cavernago,2653,7.6516,2020
16,16067,Cazzano Sant'Andrea,1646,2.0244,2020
16,16068,Cenate Sopra,2528,6.9724,2020
16,16069,Cenate Sotto,3913,4.6167,2020
16,16070,Cene,4105,8.5992,2020
16,16071,Cerete,1589,14.0705,2020
16,16072,Chignolo d'Isola,3390,5.5456,2020
16,16073,Chiuduno,6027,6.8847,2020
16,16074,Cisano Bergamasco,6229,7.816,2020
16,16075,Ciserano,5458,5.3074,2020
16,16076,Cividate al Piano,5029,9.728,2020
16,16077,Clusone,8537,26.1901,2020
16,16078,Colere,1105,18.6268,2020
16,16079,Cologno al Serio,11059,18.5187,2020
16,16080,Colzate,1618,6.7485,2020
16,16081,Comun Nuovo,4393,6.4452,2020
16,16082,Corna Imagna,930,4.5017,2020
16,16083,Cortenuova,1937,7.349,2020
16,16084,Costa di Mezzate,3348,5.2228,2020
16,16085,Costa Valle Imagna,549,4.212,2020
16,16086,Costa Volpino,8953,18.6664,2020
16,16087,Covo,4165,12.9435,2020
16,16088,Credaro,3524,3.4135,2020
16,16089,Curno,7495,4.7049,2020
16,16090,Cusio,216,9.4071,2020
16,16091,Dalmine,23336,11.8075,2020
16,16092,Dossena,883,19.5582,2020
16,16093,Endine Gaiano,3367,21.069,2020
16,16094,Entratico,1961,4.1452,2020
16,16096,Fara Gera d'Adda,7968,10.7926,2020
16,16097,Fara Olivana con Sola,1313,5.0407,2020
16,16098,Filago,3133,5.4233,2020
16,16099,Fino del Monte,1119,4.2877,2020
16,16100,Fiorano al Serio,2947,1.0601,2020
16,16101,Fontanella,4712,17.797,2020
16,16102,Fonteno,553,10.929,2020
16,16103,Foppolo,172,16.1428,2020
16,16104,Foresto Sparso,3045,7.8683,2020
16,16105,Fornovo San Giovanni,3393,7.0448,2020
16,16106,Fuipiano Valle Imagna,206,4.2797,2020
16,16107,Gandellino,972,25.1342,2020
16,16108,Gandino,5237,29.0319,2020
16,16109,Gandosso,1445,3.1267,2020
16,16110,Gaverina Terme,862,5.1962,2020
16,16111,Gazzaniga,4934,14.4134,2020
16,16113,Ghisalba,6133,10.5881,2020
16,16114,Gorlago,5143,5.6976,2020
16,16115,Gorle,6546,2.52,2020
16,16116,Gorno,1491,10.0,2020
16,16117,Grassobbio,6417,8.7413,2020
16,16118,Gromo,1153,20.0692,2020
16,16119,Grone,865,7.7773,2020
16,16120,Grumello del Monte,7396,9.9408,2020
16,16121,Isola di Fondra,166,12.8327,2020
16,16122,Isso,637,5.0586,2020
16,16123,Lallio,4146,2.156,2020
16,16124,Leffe,4300,6.6909,2020
16,16125,Lenna,560,12.7383,2020
16,16126,Levate,3717,5.5314,2020
16,16127,Locatello,837,3.7896,2020
16,16128,Lovere,5046,7.9247,2020
16,16129,Lurano,2812,4.0469,2020
16,16130,Luzzana,882,3.4846,2020
16,16131,Madone,3980,3.0689,2020
16,16132,Mapello,6841,8.6573,2020
16,16133,Martinengo,10798,22.0512,2020
16,16134,Mezzoldo,164,18.8383,2020
16,16135,Misano di Gera d'Adda,2941,6.1053,2020
16,16136,Moio de' Calvi,203,6.3564,2020
16,16137,Monasterolo del Castello,1154,8.7535,2020
16,16139,Montello,3265,1.8156,2020
16,16140,Morengo,2471,9.5662,2020
16,16141,Mornico al Serio,2909,6.9226,2020
16,16142,Mozzanica,4424,9.4646,2020
16,16143,Mozzo,7334,3.6417,2020
16,16144,Nembro,11231,15.2348,2020
16,16145,Olmo al Brembo,494,7.9033,2020
16,16146,Oltre il Colle,974,32.8919,2020
16,16147,Oltressenda Alta,147,17.3262,2020
16,16148,Oneta,572,18.6636,2020
16,16149,Onore,914,11.782,2020
16,16150,Orio al Serio,1752,3.0417,2020
16,16151,Ornica,144,15.0963,2020
16,16152,Osio Sopra,5255,5.1822,2020
16,16153,Osio Sotto,12531,7.5856,2020
16,16154,Pagazzano,2095,5.2349,2020
16,16155,Paladina,4016,2.0866,2020
16,16156,Palazzago,4496,13.96,2020
16,16157,Palosco,5732,10.7937,2020
16,16158,Parre,2684,22.2794,2020
16,16159,Parzanica,361,9.8187,2020
16,16160,Pedrengo,5905,3.5999,2020
16,16161,Peia,1727,4.4799,2020
16,16162,Pianico,1457,2.7022,2020
16,16163,Piario,1042,1.5451,2020
16,16164,Piazza Brembana,1207,6.7653,2020
16,16165,Piazzatorre,384,24.2379,2020
16,16166,Piazzolo,87,4.1521,2020
16,16167,Pognano,1590,3.2861,2020
16,16168,Ponte Nossa,1728,5.5898,2020
16,16169,Ponteranica,6750,8.4769,2020
16,16170,Ponte San Pietro,11534,4.5861,2020
16,16171,Pontida,3313,10.3776,2020
16,16172,Pontirolo Nuovo,4969,11.0976,2020
16,16173,Pradalunga,4509,8.1982,2020
16,16174,Predore,1823,10.9556,2020
16,16175,Premolo,1075,17.6248,2020
16,16176,Presezzo,4775,2.2818,2020
16,16177,Pumenengo,1682,10.1151,2020
16,16178,Ranica,5871,4.0613,2020
16,16179,Ranzanico,1212,7.2137,2020
16,16180,Riva di Solto,899,8.5213,2020
16,16182,Rogno,3849,15.8105,2020
16,16183,Romano di Lombardia,20482,19.3831,2020
16,16184,Roncobello,413,25.3866,2020
16,16185,Roncola,814,5.0675,2020
16,16186,Rota d'Imagna,902,6.0302,2020
16,16187,Rovetta,4077,24.5339,2020
16,16188,San Giovanni Bianco,4632,31.026,2020
16,16189,San Paolo d'Argon,5951,5.2465,2020
16,16190,San Pellegrino Terme,4719,22.9533,2020
16,16191,Santa Brigida,523,13.8036,2020
16,16193,Sarnico,6722,6.6621,2020
16,16194,Scanzorosciate,9801,10.6892,2020
16,16195,Schilpario,1152,63.9693,2020
16,16196,Sedrina,2461,5.8461,2020
16,16197,Selvino,1974,6.5279,2020
16,16198,Seriate,25111,12.5348,2020
16,16199,Serina,2026,27.3384,2020
16,16200,Solto Collina,1769,11.757,2020
16,16201,Songavazzo,692,12.9447,2020
16,16202,Sorisole,9012,12.2515,2020
16,16203,Sotto il Monte Giovanni XXIII,4417,5.0233,2020
16,16204,Sovere,5205,18.0243,2020
16,16205,Spinone al Lago,976,1.9736,2020
16,16206,Spirano,5668,9.6107,2020
16,16207,Stezzano,13346,9.3738,2020
16,16208,Strozza,1065,3.825,2020
16,16209,Suisio,3743,4.5411,2020
16,16210,Taleggio,535,47.1257,2020
16,16211,Tavernola Bergamasca,2001,11.1708,2020
16,16212,Telgate,4948,8.3026,2020
16,16213,Terno d'Isola,8014,4.1331,2020
16,16214,Torre Boldone,8631,3.4836,2020
16,16215,Torre de' Busi,2170,8.9668,2020
16,16216,Torre de' Roveri,2467,2.6902,2020
16,16217,Torre Pallavicina,1091,10.6241,2020
16,16218,Trescore Balneario,9644,13.5138,2020
16,16219,Treviglio,30557,32.2198,2020
16,16220,Treviolo,10819,8.4874,2020
16,16221,Ubiale Clanezzo,1348,7.3454,2020
16,16222,Urgnano,9854,14.7781,2020
16,16223,Valbondione,988,96.8899,2020
16,16224,Valbrembo,4338,3.7966,2020
16,16225,Valgoglio,586,31.8905,2020
16,16226,Valleve,134,14.764,2020
16,16227,Valnegra,207,2.2302,2020
16,16229,Valtorta,251,30.8975,2020
16,16230,Vedeseta,188,19.2916,2020
16,16232,Verdellino,7475,3.8218,2020
16,16233,Verdello,8182,7.3439,2020
16,16234,Vertova,4467,15.6945,2020
16,16235,Viadanica,1118,5.4483,2020
16,16236,Vigano San Martino,1303,3.7561,2020
16,16237,Vigolo,576,12.3097,2020
16,16238,Villa d'Adda,4537,5.9822,2020
16,16239,Villa d'Almè,6587,6.486,2020
16,16240,Villa di Serio,6672,4.6029,2020
16,16241,Villa d'Ogna,1758,5.1595,2020
16,16242,Villongo,8103,6.0419,2020
16,16243,Vilminore di Scalve,1433,41.001,2020
16,16244,Zandobbio,2663,6.4317,2020
16,16245,Zanica,8602,14.9523,2020
16,16246,Zogno,8668,35.2123,2020
16,16247,Costa Serina,874,12.297,2020
16,16248,Algua,657,8.3232,2020
16,16249,Cornalba,290,9.2506,2020
16,16250,Medolago,2351,3.7995,2020
16,16251,Solza,2011,1.2277,2020
16,16252,Sant'Omobono Terme,3835,16.4334,2020
16,16253,Val Brembilla,4190,31.4376,2020
17,17001,Acquafredda,1513,9.5463,2020
17,17002,Adro,7131,14.2895,2020
17,17003,Agnosine,1636,13.5546,2020
17,17004,Alfianello,2396,13.7523,2020
17,17005,Anfo,444,23.8313,2020
17,17006,Angolo Terme,2338,30.5601,2020
17,17007,Artogne,3593,21.0191,2020
17,17008,Azzano Mella,3356,10.5695,2020
17,17009,Bagnolo Mella,12554,31.3457,2020
17,17010,Bagolino,3746,109.1983,2020
17,17011,Barbariga,2300,11.3363,2020
17,17012,Barghe,1143,5.4918,2020
17,17013,Bassano Bresciano,2326,9.4204,2020
17,17014,Bedizzole,12314,26.4434,2020
17,17015,Berlingo,2744,4.5925,2020
17,17016,Berzo Demo,1551,15.4633,2020
17,17017,Berzo Inferiore,2440,21.9148,2020
17,17018,Bienno,3760,46.8065,2020
17,17019,Bione,1313,17.287,2020
17,17020,Borgo San Giacomo,5334,29.5299,2020
17,17021,Borgosatollo,9130,8.4199,2020
17,17022,Borno,2519,30.496,2020
17,17023,Botticino,10641,18.4824,2020
17,17024,Bovegno,2040,47.9887,2020
17,17025,Bovezzo,7402,6.4114,2020
17,17026,Brandico,1707,8.3802,2020
17,17027,Braone,686,13.3567,2020
17,17028,Breno,4694,59.9347,2020
17,17029,Brescia,197304,90.3337,2020
17,17030,Brione,747,6.8968,2020
17,17031,Caino,2114,17.3082,2020
17,17032,Calcinato,13004,33.2958,2020
17,17033,Calvagese della Riviera,3585,11.7369,2020
17,17034,Calvisano,8369,44.8271,2020
17,17035,Capo di Ponte,2379,18.1074,2020
17,17036,Capovalle,346,22.9465,2020
17,17037,Capriano del Colle,4643,13.9676,2020
17,17038,Capriolo,9432,10.6009,2020
17,17039,Carpenedolo,12968,29.8418,2020
17,17040,Castegnato,8364,9.2048,2020
17,17041,Castelcovati,6683,6.1396,2020
17,17042,Castel Mella,10999,7.5285,2020
17,17043,Castenedolo,11530,26.195,2020
17,17044,Casto,1637,21.3362,2020
17,17045,Castrezzato,7459,13.6321,2020
17,17046,Cazzago San Martino,10839,22.3415,2020
17,17047,Cedegolo,1096,11.083,2020
17,17048,Cellatica,4901,6.5461,2020
17,17049,Cerveno,652,21.5525,2020
17,17050,Ceto,1793,32.3011,2020
17,17051,Cevo,831,35.4688,2020
17,17052,Chiari,19094,37.9592,2020
17,17053,Cigole,1477,9.9309,2020
17,17054,Cimbergo,534,24.713,2020
17,17055,Cividate Camuno,2725,3.3068,2020
17,17056,Coccaglio,8716,12.0465,2020
17,17057,Collebeato,4538,5.2698,2020
17,17058,Collio,2056,53.4749,2020
17,17059,Cologne,7517,13.7875,2020
17,17060,Comezzano-Cizzago,4009,15.437,2020
17,17061,Concesio,15644,19.0748,2020
17,17062,Corte Franca,7070,13.9733,2020
17,17063,Corteno Golgi,1909,82.6046,2020
17,17064,Corzano,1417,12.296,2020
17,17065,Darfo Boario Terme,15544,36.0712,2020
17,17066,Dello,5546,23.3209,2020
17,17067,Desenzano del Garda,29208,59.2622,2020
17,17068,Edolo,4443,88.9031,2020
17,17069,Erbusco,8708,16.2398,2020
17,17070,Esine,5157,30.3061,2020
17,17071,Fiesse,1985,16.0159,2020
17,17072,Flero,8871,9.8367,2020
17,17073,Gambara,4560,31.5861,2020
17,17074,Gardone Riviera,2642,21.393,2020
17,17075,Gardone Val Trompia,11407,26.6562,2020
17,17076,Gargnano,2761,76.7514,2020
17,17077,Gavardo,12258,29.7959,2020
17,17078,Ghedi,18521,60.8401,2020
17,17079,Gianico,2134,13.3811,2020
17,17080,Gottolengo,4959,29.2837,2020
17,17081,Gussago,16488,25.0891,2020
17,17082,Idro,1878,22.8902,2020
17,17083,Incudine,346,19.6657,2020
17,17084,Irma,132,4.9347,2020
17,17085,Iseo,8994,28.4194,2020
17,17086,Isorella,4075,15.3283,2020
17,17087,Lavenone,486,31.8235,2020
17,17088,Leno,14187,58.4516,2020
17,17089,Limone sul Garda,1164,23.0259,2020
17,17090,Lodrino,1631,16.4987,2020
17,17091,Lograto,3795,12.4335,2020
17,17092,Lonato del Garda,16821,68.1954,2020
17,17093,Longhena,562,3.4707,2020
17,17094,Losine,607,6.2553,2020
17,17095,Lozio,377,23.7425,2020
17,17096,Lumezzane,21669,31.7179,2020
17,17097,Maclodio,1476,5.0958,2020
17,17098,Magasa,106,19.1109,2020
17,17099,Mairano,3486,11.5281,2020
17,17100,Malegno,1978,6.8941,2020
17,17101,Malonno,3068,31.4567,2020
17,17102,Manerba del Garda,5412,36.6294,2020
17,17103,Manerbio,13216,27.8839,2020
17,17104,Marcheno,4172,22.7392,2020
17,17105,Marmentino,656,18.0348,2020
17,17106,Marone,3117,23.9307,2020
17,17107,Mazzano,12470,15.7265,2020
17,17108,Milzano,1764,8.4888,2020
17,17109,Moniga del Garda,2579,14.6529,2020
17,17110,Monno,528,31.0259,2020
17,17111,Monte Isola,1644,12.6051,2020
17,17112,Monticelli Brusati,4563,10.8908,2020
17,17113,Montichiari,26011,81.6613,2020
17,17114,Montirone,5077,10.5181,2020
17,17115,Mura,776,12.5067,2020
17,17116,Muscoline,2653,10.078,2020
17,17117,Nave,10640,27.2115,2020
17,17118,Niardo,1987,22.1574,2020
17,17119,Nuvolento,3888,7.4576,2020
17,17120,Nuvolera,4705,13.3116,2020
17,17121,Odolo,1897,6.5439,2020
17,17122,Offlaga,4078,23.0333,2020
17,17123,Ome,3185,9.8482,2020
17,17124,Ono San Pietro,973,13.7797,2020
17,17125,Orzinuovi,12349,47.8684,2020
17,17126,Orzivecchi,2416,9.9376,2020
17,17127,Ospitaletto,14620,9.2903,2020
17,17128,Ossimo,1454,14.8578,2020
17,17129,Padenghe sul Garda,4696,26.8091,2020
17,17130,Paderno Franciacorta,3620,5.608,2020
17,17131,Paisco Loveno,173,35.8656,2020
17,17132,Paitone,2148,8.0034,2020
17,17133,Palazzolo sull'Oglio,19940,23.0393,2020
17,17134,Paratico,4846,6.1816,2020
17,17135,Paspardo,587,11.1537,2020
17,17136,Passirano,6933,13.3907,2020
17,17137,Pavone del Mella,2731,11.6134,2020
17,17138,San Paolo,4442,18.8177,2020
17,17139,Pertica Alta,556,20.9152,2020
17,17140,Pertica Bassa,585,30.1258,2020
17,17141,Pezzaze,1450,21.4894,2020
17,17142,Pian Camuno,4701,10.945,2020
17,17143,Pisogne,7882,49.2273,2020
17,17144,Polaveno,2448,9.2011,2020
17,17145,Polpenazze del Garda,2691,9.1195,2020
17,17146,Pompiano,3759,15.2734,2020
17,17147,Poncarale,5182,12.6432,2020
17,17148,Ponte di Legno,1746,100.426,2020
17,17149,Pontevico,7002,29.207,2020
17,17150,Pontoglio,6872,11.0859,2020
17,17151,Pozzolengo,3553,21.3264,2020
17,17152,Pralboino,2816,17.1622,2020
17,17153,Preseglie,1497,11.4524,2020
17,17155,Prevalle,6838,9.9891,2020
17,17156,Provaglio d'Iseo,7202,16.1597,2020
17,17157,Provaglio Val Sabbia,892,14.8506,2020
17,17158,Puegnago del Garda,3483,10.9716,2020
17,17159,Quinzano d'Oglio,6185,21.4527,2020
17,17160,Remedello,3356,21.4624,2020
17,17161,Rezzato,13341,18.2064,2020
17,17162,Roccafranca,4792,19.1322,2020
17,17163,Rodengo Saiano,9753,12.8593,2020
17,17164,Roè Volciano,4341,5.8207,2020
17,17165,Roncadelle,9351,9.3899,2020
17,17166,Rovato,19189,26.0941,2020
17,17167,Rudiano,5854,9.8454,2020
17,17168,Sabbio Chiese,3946,18.4472,2020
17,17169,Sale Marasino,3299,16.5869,2020
17,17170,Salò,10494,27.3048,2020
17,17171,San Felice del Benaco,3471,20.2166,2020
17,17172,San Gervasio Bresciano,2642,10.5028,2020
17,17173,San Zeno Naviglio,4735,6.2531,2020
17,17174,Sarezzo,13199,17.679,2020
17,17175,Saviore dell'Adamello,853,84.2677,2020
17,17176,Sellero,1407,14.4711,2020
17,17177,Seniga,1442,13.5719,2020
17,17178,Serle,3039,18.4273,2020
17,17179,Sirmione,8349,26.248,2020
17,17180,Soiano del Lago,1920,5.7734,2020
17,17181,Sonico,1226,60.892,2020
17,17182,Sulzano,1915,10.4396,2020
17,17183,Tavernole sul Mella,1213,19.8075,2020
17,17184,Temù,1103,43.257,2020
17,17185,Tignale,1203,45.8569,2020
17,17186,Torbole Casaglia,6409,13.4393,2020
17,17187,Toscolano-Maderno,7593,58.1706,2020
17,17188,Travagliato,13743,17.7358,2020
17,17189,Tremosine sul Garda,2066,72.6815,2020
17,17190,Trenzano,5427,20.1018,2020
17,17191,Treviso Bresciano,520,17.7332,2020
17,17192,Urago d'Oglio,3707,10.6801,2020
17,17193,Vallio Terme,1407,14.8574,2020
17,17194,Valvestino,171,31.1204,2020
17,17195,Verolanuova,8048,25.7595,2020
17,17196,Verolavecchia,3754,21.0635,2020
17,17197,Vestone,4216,12.9638,2020
17,17198,Vezza d'Oglio,1465,54.1472,2020
17,17199,Villa Carcina,10594,14.2195,2020
17,17200,Villachiara,1360,16.865,2020
17,17201,Villanuova sul Clisi,5784,9.1011,2020
17,17202,Vione,634,35.2649,2020
17,17203,Visano,2000,11.2237,2020
17,17204,Vobarno,8199,53.2214,2020
17,17205,Zone,1022,19.6815,2020
17,17206,Piancogno,4709,14.3021,2020
18,18001,Alagna,808,8.3442,2020
18,18002,Albaredo Arnaboldi,236,8.757,2020
18,18003,Albonese,510,4.3279,2020
18,18004,Albuzzano,3571,15.4488,2020
18,18005,Arena Po,1538,22.4871,2020
18,18006,Badia Pavese,385,5.0572,2020
18,18007,Bagnaria,633,16.6641,2020
18,18008,Barbianello,867,11.7124,2020
18,18009,Bascapè,1777,13.338,2020
18,18011,Bastida Pancarana,957,12.5,2020
18,18012,Battuda,692,7.1426,2020
18,18013,Belgioioso,6165,24.6867,2020
18,18014,Bereguardo,2844,17.8636,2020
18,18015,Borgarello,2613,4.8364,2020
18,18016,Borgo Priolo,1325,28.8094,2020
18,18017,Borgoratto Mormorolo,409,16.1043,2020
18,18018,Borgo San Siro,926,17.6391,2020
18,18019,Bornasco,2647,12.9286,2020
18,18020,Bosnasco,614,4.8363,2020
18,18021,Brallo di Pregola,524,46.1441,2020
18,18022,Breme,708,18.8137,2020
18,18023,Bressana Bottarone,3434,12.6873,2020
18,18024,Broni,9545,20.8467,2020
18,18025,Calvignano,110,6.9837,2020
18,18026,Campospinoso,1074,3.6864,2020
18,18027,Candia Lomellina,1459,27.8967,2020
18,18029,Canneto Pavese,1330,5.8147,2020
18,18030,Carbonara al Ticino,1422,14.7807,2020
18,18031,Casanova Lonati,464,4.6302,2020
18,18032,Casatisma,882,5.4774,2020
18,18033,Casei Gerola,2372,24.805,2020
18,18034,Casorate Primo,8802,9.7359,2020
18,18035,Cassolnovo,6796,31.7358,2020
18,18036,Castana,721,5.2772,2020
18,18037,Casteggio,6552,17.6617,2020
18,18038,Castelletto di Branduzzo,971,11.7724,2020
18,18039,Castello d'Agogna,1067,10.7444,2020
18,18040,Castelnovetto,542,18.2141,2020
18,18041,Cava Manara,6598,17.259,2020
18,18042,Cecima,229,10.1244,2020
18,18043,Ceranova,2249,4.5977,2020
18,18044,Ceretto Lomellina,178,7.3786,2020
18,18045,Cergnago,698,13.5598,2020
18,18046,Certosa di Pavia,5407,10.8579,2020
18,18047,Cervesina,1129,12.4109,2020
18,18048,Chignolo Po,3915,23.3884,2020
18,18049,Cigognola,1303,7.8757,2020
18,18050,Cilavegna,5333,18.0511,2020
18,18051,Codevilla,946,12.9551,2020
18,18052,Confienza,1561,26.8065,2020
18,18053,Copiano,1734,4.3401,2020
18,18054,Corana,762,12.871,2020
18,18057,Corvino San Quirico,977,4.3728,2020
18,18058,Costa de' Nobili,381,11.8242,2020
18,18059,Cozzo,369,17.6095,2020
18,18060,Cura Carpignano,4881,11.0854,2020
18,18061,Dorno,4522,30.5665,2020
18,18062,Ferrera Erbognone,1079,19.1708,2020
18,18063,Filighera,811,8.2478,2020
18,18064,Fortunago,356,17.8248,2020
18,18065,Frascarolo,1107,24.1753,2020
18,18066,Galliavola,176,9.2313,2020
18,18067,Gambarana,203,11.7761,2020
18,18068,Gambolò,9649,51.703,2020
18,18069,Garlasco,9443,39.176,2020
18,18071,Gerenzago,1388,5.4113,2020
18,18072,Giussago,5229,24.7226,2020
18,18073,Godiasco Salice Terme,3182,20.6103,2020
18,18074,Golferenzo,182,4.4207,2020
18,18075,Gravellona Lomellina,2703,20.3439,2020
18,18076,Gropello Cairoli,4343,26.216,2020
18,18077,Inverno e Monteleone,1460,9.6414,2020
18,18078,Landriano,6420,15.5872,2020
18,18079,Langosco,367,15.8206,2020
18,18080,Lardirago,1139,5.3416,2020
18,18081,Linarolo,2817,13.166,2020
18,18082,Lirio,130,1.7457,2020
18,18083,Lomello,2042,22.3585,2020
18,18084,Lungavilla,2445,6.8204,2020
18,18085,Magherno,1733,5.2532,2020
18,18086,Marcignago,2467,10.1177,2020
18,18087,Marzano,1663,9.2895,2020
18,18088,Mede,6281,32.8944,2020
18,18089,Menconico,344,28.1384,2020
18,18090,Mezzana Bigli,1026,19.0204,2020
18,18091,Mezzana Rabattone,469,7.0642,2020
18,18092,Mezzanino,1341,12.5106,2020
18,18093,Miradolo Terme,3643,9.5559,2020
18,18094,Montalto Pavese,872,19.0651,2020
18,18095,Montebello della Battaglia,1512,15.7416,2020
18,18096,Montecalvo Versiggia,524,11.4035,2020
18,18097,Montescano,419,2.4046,2020
18,18098,Montesegale,258,14.9744,2020
18,18099,Monticelli Pavese,659,20.1925,2020
18,18100,Montù Beccaria,1623,15.4933,2020
18,18101,Mornico Losana,600,8.2991,2020
18,18102,Mortara,15395,51.9694,2020
18,18103,Nicorvo,296,8.0764,2020
18,18104,Olevano di Lomellina,727,15.381,2020
18,18105,Oliva Gessi,163,3.9101,2020
18,18106,Ottobiano,1068,24.9793,2020
18,18107,Palestro,1829,18.8064,2020
18,18108,Pancarana,308,6.1018,2020
18,18109,Parona,1838,9.3012,2020
18,18110,Pavia,71122,63.2453,2020
18,18111,Pietra de' Giorgi,778,11.2007,2020
18,18112,Pieve Albignola,849,18.153,2020
18,18113,Pieve del Cairo,1745,25.1059,2020
18,18114,Pieve Porto Morone,2580,16.3963,2020
18,18115,Pinarolo Po,1666,11.3078,2020
18,18116,Pizzale,693,7.0903,2020
18,18117,Ponte Nizza,760,22.9572,2020
18,18118,Portalbera,1441,4.4798,2020
18,18119,Rea,402,2.1597,2020
18,18120,Redavalle,1032,5.4149,2020
18,18121,Retorbido,1546,11.6677,2020
18,18122,Rivanazzano Terme,5169,28.9155,2020
18,18123,Robbio,5733,40.5407,2020
18,18124,Robecco Pavese,531,6.9345,2020
18,18125,Rocca de' Giorgi,68,10.4966,2020
18,18126,Rocca Susella,208,12.7641,2020
18,18127,Rognano,638,9.3647,2020
18,18128,Romagnese,618,29.7174,2020
18,18129,Roncaro,1533,5.051,2020
18,18130,Rosasco,543,19.5525,2020
18,18131,Rovescala,870,8.4128,2020
18,18133,San Cipriano Po,477,8.5045,2020
18,18134,San Damiano al Colle,633,6.4309,2020
18,18135,San Genesio ed Uniti,3968,9.2687,2020
18,18136,San Giorgio di Lomellina,1034,25.4521,2020
18,18137,San Martino Siccomario,6416,14.2906,2020
18,18138,Sannazzaro de' Burgondi,5149,23.3323,2020
18,18139,Santa Cristina e Bissone,1881,22.4207,2020
18,18140,Santa Giuletta,1548,11.5912,2020
18,18141,Sant'Alessio con Vialone,962,6.5572,2020
18,18142,Santa Margherita di Staffora,448,36.9011,2020
18,18143,Santa Maria della Versa,2296,18.4738,2020
18,18144,Sant'Angelo Lomellina,798,10.4973,2020
18,18145,San Zenone al Po,553,6.8927,2020
18,18146,Sartirana Lomellina,1491,29.5419,2020
18,18147,Scaldasole,870,11.5741,2020
18,18148,Semiana,206,9.7208,2020
18,18149,Silvano Pietra,656,13.6711,2020
18,18150,Siziano,6351,11.7879,2020
18,18151,Sommo,1152,14.8724,2020
18,18152,Spessa,536,12.2314,2020
18,18153,Stradella,11448,18.8352,2020
18,18154,Suardi,600,9.848,2020
18,18155,Torrazza Coste,1559,16.2281,2020
18,18156,Torre Beretti e Castellaro,531,17.66,2020
18,18157,Torre d'Arese,935,4.4934,2020
18,18158,Torre de' Negri,315,4.0091,2020
18,18159,Torre d'Isola,2396,16.4385,2020
18,18160,Torrevecchia Pia,3498,16.5019,2020
18,18161,Torricella Verzate,823,3.6271,2020
18,18162,Travacò Siccomario,4450,17.0449,2020
18,18163,Trivolzio,2316,3.8312,2020
18,18164,Tromello,3640,35.4982,2020
18,18165,Trovo,1023,8.1549,2020
18,18166,Val di Nizza,588,29.6826,2020
18,18167,Valeggio,199,9.8538,2020
18,18168,Valle Lomellina,2095,27.2357,2020
18,18169,Valle Salimbene,1470,7.1611,2020
18,18171,Varzi,3024,57.615,2020
18,18172,Velezzo Lomellina,96,8.1723,2020
18,18173,Vellezzo Bellini,3315,8.1961,2020
18,18174,Verretto,372,2.7086,2020
18,18175,Verrua Po,1214,11.4404,2020
18,18176,Vidigulfo,6542,16.1425,2020
18,18177,Vigevano,62340,81.3639,2020
18,18178,Villa Biscossi,63,4.8781,2020
18,18179,Villanova d'Ardenghi,772,6.6085,2020
18,18180,Villanterio,3271,14.7674,2020
18,18181,Vistarino,1523,9.4896,2020
18,18182,Voghera,38435,63.4415,2020
18,18183,Volpara,125,3.773,2020
18,18184,Zavattarello,965,28.4013,2020
18,18185,Zeccone,1674,5.5293,2020
18,18186,Zeme,1003,24.5828,2020
18,18187,Zenevredo,477,5.4037,2020
18,18188,Zerbo,394,6.3614,2020
18,18189,Zerbolò,1684,37.1915,2020
18,18190,Zinasco,3084,29.7366,2020
18,18191,Cornale e Bastida,831,3.8218,2020
18,18192,Corteolona e Genzone,2533,14.0864,2020
18,18193,Colli Verdi,1035,41.2469,2020
19,19001,Acquanegra Cremonese,1133,9.2161,2020
19,19002,Agnadello,3855,12.0775,2020
19,19003,Annicco,1962,19.1983,2020
19,19004,Azzanello,592,11.121,2020
19,19005,Bagnolo Cremasco,4900,10.3878,2020
19,19006,Bonemerse,1457,5.9007,2020
19,19007,Bordolano,570,8.1424,2020
19,19009,Calvatone,1165,13.6997,2020
19,19010,Camisano,1213,10.9506,2020
19,19011,Campagnola Cremasca,678,4.6407,2020
19,19012,Capergnanica,2165,6.8381,2020
19,19013,Cappella Cantone,545,13.1471,2020
19,19014,Cappella de' Picenardi,413,14.1977,2020
19,19015,Capralba,2271,13.4543,2020
19,19016,Casalbuttano ed Uniti,3692,22.875,2020
19,19017,Casale Cremasco-Vidolasco,1821,9.1935,2020
19,19018,Casaletto Ceredano,1137,6.518,2020
19,19019,Casaletto di Sopra,529,8.657,2020
19,19020,Casaletto Vaprio,1760,5.4019,2020
19,19021,Casalmaggiore,15022,64.5301,2020
19,19022,Casalmorano,1579,12.2823,2020
19,19023,Casteldidone,575,10.7893,2020
19,19024,Castel Gabbiano,455,5.7876,2020
19,19025,Castelleone,9292,45.0774,2020
19,19026,Castelverde,5583,30.8909,2020
19,19027,Castelvisconti,299,9.7571,2020
19,19028,Cella Dati,486,18.9178,2020
19,19029,Chieve,2264,6.1934,2020
19,19030,Cicognolo,904,6.9629,2020
19,19031,Cingia de' Botti,1147,14.3599,2020
19,19032,Corte de' Cortesi con Cignone,1032,12.8526,2020
19,19033,Corte de' Frati,1317,20.1264,2020
19,19034,Credera Rubbiano,1557,14.1284,2020
19,19035,Crema,34210,34.5182,2020
19,19036,Cremona,71223,70.4916,2020
19,19037,Cremosano,1729,5.7577,2020
19,19038,Crotta d'Adda,639,12.9377,2020
19,19039,Cumignano sul Naviglio,415,6.774,2020
19,19040,Derovere,300,9.9906,2020
19,19041,Dovera,3750,20.6525,2020
19,19043,Fiesco,1186,8.1938,2020
19,19044,Formigara,1008,12.643,2020
19,19045,Gabbioneta-Binanuova,866,15.7072,2020
19,19046,Gadesco-Pieve Delmona,1917,17.1013,2020
19,19047,Genivolta,1132,18.5732,2020
19,19048,Gerre de' Caprioli,1331,7.7187,2020
19,19049,Gombito,630,9.2764,2020
19,19050,Grontardo,1500,12.2582,2020
19,19051,Grumello Cremonese ed Uniti,1694,22.2897,2020
19,19052,Gussola,2630,25.2261,2020
19,19053,Isola Dovarese,1099,9.4655,2020
19,19054,Izano,1948,6.1916,2020
19,19055,Madignano,2773,10.7616,2020
19,19056,Malagnino,1716,10.8226,2020
19,19057,Martignana di Po,2054,14.9198,2020
19,19058,Monte Cremasco,2257,2.3428,2020
19,19059,Montodine,2454,11.3943,2020
19,19060,Moscazzano,721,8.1532,2020
19,19061,Motta Baluffi,824,16.4676,2020
19,19062,Offanengo,5965,12.5835,2020
19,19063,Olmeneta,917,9.1826,2020
19,19064,Ostiano,2764,19.489,2020
19,19065,Paderno Ponchielli,1331,23.9619,2020
19,19066,Palazzo Pignano,3774,8.8208,2020
19,19067,Pandino,8871,22.2953,2020
19,19068,Persico Dosimo,3322,20.6076,2020
19,19069,Pescarolo ed Uniti,1514,16.5434,2020
19,19070,Pessina Cremonese,587,22.0166,2020
19,19072,Pianengo,2510,5.7631,2020
19,19073,Pieranica,1111,2.7288,2020
19,19074,Pieve d'Olmi,1252,19.4371,2020
19,19075,Pieve San Giacomo,1581,14.85,2020
19,19076,Pizzighettone,6301,32.061,2020
19,19077,Pozzaglio ed Uniti,1416,20.7673,2020
19,19078,Quintano,890,2.8622,2020
19,19079,Ricengo,1746,12.5383,2020
19,19080,Ripalta Arpina,993,6.9564,2020
19,19081,Ripalta Cremasca,3384,11.7794,2020
19,19082,Ripalta Guerina,526,2.9739,2020
19,19083,Rivarolo del Re ed Uniti,1842,27.3332,2020
19,19084,Rivolta d'Adda,8044,30.4011,2020
19,19085,Robecco d'Oglio,2252,17.8503,2020
19,19086,Romanengo,3121,15.047,2020
19,19087,Salvirola,1137,7.3647,2020
19,19088,San Bassano,2096,13.9264,2020
19,19089,San Daniele Po,1280,22.6817,2020
19,19090,San Giovanni in Croce,1894,16.2144,2020
19,19091,San Martino del Lago,393,10.3799,2020
19,19092,Scandolara Ravara,1316,17.0761,2020
19,19093,Scandolara Ripa d'Oglio,522,5.7202,2020
19,19094,Sergnano,3488,12.3092,2020
19,19095,Sesto ed Uniti,3195,26.4937,2020
19,19096,Solarolo Rainerio,907,11.4254,2020
19,19097,Soncino,7557,45.3201,2020
19,19098,Soresina,8711,28.568,2020
19,19099,Sospiro,3007,18.9595,2020
19,19100,Spinadesco,1495,17.2122,2020
19,19101,Spineda,600,10.1073,2020
19,19102,Spino d'Adda,6855,20.0196,2020
19,19103,Stagno Lombardo,1436,40.1949,2020
19,19104,Ticengo,415,7.9819,2020
19,19105,Torlino Vimercati,488,5.7693,2020
19,19106,Tornata,442,10.1654,2020
19,19107,Torre de' Picenardi,2061,34.2286,2020
19,19108,Torricella del Pizzo,584,23.2227,2020
19,19109,Trescore Cremasco,2766,5.9179,2020
19,19110,Trigolo,1632,16.061,2020
19,19111,Vaiano Cremasco,3590,6.1516,2020
19,19112,Vailate,4504,9.6926,2020
19,19113,Vescovato,3753,17.4365,2020
19,19114,Volongo,463,8.1205,2020
19,19115,Voltido,338,12.2425,2020
19,19116,Piadena Drizzona,3927,31.6906,2020
20,20001,Acquanegra sul Chiese,2775,28.0142,2020
20,20002,Asola,10009,73.4814,2020
20,20003,Bagnolo San Vito,5817,49.2032,2020
20,20007,Bozzolo,4060,18.8219,2020
20,20008,Canneto sull'Oglio,4194,25.8665,2020
20,20010,Casalmoro,2184,13.6958,2020
20,20011,Casaloldo,2677,16.8495,2020
20,20012,Casalromano,1472,12.0306,2020
20,20013,Castelbelforte,3266,22.342,2020
20,20014,Castel d'Ario,4519,22.578,2020
20,20015,Castel Goffredo,12628,42.4042,2020
20,20016,Castellucchio,5176,46.3392,2020
20,20017,Castiglione delle Stiviere,23483,42.0224,2020
20,20018,Cavriana,3761,36.9097,2020
20,20019,Ceresara,2538,37.3082,2020
20,20020,Commessaggio,1089,11.6487,2020
20,20021,Curtatone,14728,67.4705,2020
20,20022,Dosolo,3304,25.5363,2020
20,20024,Gazoldo degli Ippoliti,3000,13.0314,2020
20,20025,Gazzuolo,2137,22.4871,2020
20,20026,Goito,10028,79.2204,2020
20,20027,Gonzaga,8758,49.8828,2020
20,20028,Guidizzolo,5962,22.3782,2020
20,20029,Magnacavallo,1446,28.2002,2020
20,20030,Mantova,48755,63.8062,2020
20,20031,Marcaria,6374,89.7889,2020
20,20032,Mariana Mantovana,785,8.9126,2020
20,20033,Marmirolo,7673,42.0156,2020
20,20034,Medole,4120,25.7286,2020
20,20035,Moglia,5327,31.8488,2020
20,20036,Monzambano,4929,30.0185,2020
20,20037,Motteggiana,2443,24.7898,2020
20,20038,Ostiglia,6621,39.8312,2020
20,20039,Pegognaga,6921,46.5686,2020
20,20041,Piubega,1704,16.5877,2020
20,20042,Poggio Rusco,6462,42.2867,2020
20,20043,Pomponesco,1661,12.5587,2020
20,20044,Ponti sul Mincio,2336,11.72,2020
20,20045,Porto Mantovano,16481,37.443,2020
20,20046,Quingentole,1057,14.3788,2020
20,20047,Quistello,5315,45.4336,2020
20,20048,Redondesco,1208,19.0358,2020
20,20050,Rivarolo Mantovano,2468,25.5452,2020
20,20051,Rodigo,5254,41.6105,2020
20,20052,Roncoferraro,6843,63.4333,2020
20,20053,Roverbella,8725,62.9802,2020
20,20054,Sabbioneta,4145,37.2701,2020
20,20055,San Benedetto Po,6774,69.9405,2020
20,20056,San Giacomo delle Segnate,1513,15.9779,2020
20,20057,San Giorgio Bigarello,11830,51.5259,2020
20,20058,San Giovanni del Dosso,1251,15.3962,2020
20,20059,San Martino dall'Argine,1638,16.9393,2020
20,20060,Schivenoglia,1096,12.9551,2020
20,20061,Sermide e Felonica,7195,79.8282,2020
20,20062,Serravalle a Po,1468,26.2024,2020
20,20063,Solferino,2659,13.0834,2020
20,20064,Sustinente,2013,26.2721,2020
20,20065,Suzzara,20906,61.0987,2020
20,20066,Viadana,19822,103.8408,2020
20,20068,Villimpenta,2103,14.8432,2020
20,20070,Volta Mantovana,7171,50.4845,2020
20,20071,Borgo Virgilio,14676,69.9866,2020
20,20072,Borgo Mantovano,5416,41.1687,2020
20,20073,Borgocarbonara,1912,30.4948,2020
21,21001,Aldino/Aldein,1653,62.6899,2020
21,21002,Andriano/Andrian,1021,4.8912,2020
21,21003,Anterivo/Altrei,399,11.0641,2020
21,21004,Appiano sulla strada del vino/Eppan an der Weinstraße,14890,59.4501,2020
21,21005,Avelengo/Hafling,794,27.3952,2020
21,21006,Badia/Abtei,3664,83.0703,2020
21,21007,Barbiano/Barbian,1765,24.5112,2020
21,21008,Bolzano/Bozen,107467,52.291,2020
21,21009,Braies/Prags,666,90.213,2020
21,21010,Brennero/Brenner,2291,114.2919,2020
21,21011,Bressanone/Brixen,22698,84.6986,2020
21,21012,Bronzolo/Branzoll,2765,7.5395,2020
21,21013,Brunico/Bruneck,16944,44.9974,2020
21,21014,Caines/Kuens,389,1.6344,2020
21,21015,Caldaro sulla strada del vino/Kaltern an der Weinstraße,8113,48.0442,2020
21,21016,Campo di Trens/Freienfeld,2718,95.3854,2020
21,21017,Campo Tures/Sand in Taufers,5612,163.9801,2020
21,21018,Castelbello-Ciardes/Kastelbell-Tschars,2375,53.791,2020
21,21019,Castelrotto/Kastelruth,7057,117.897,2020
21,21020,Cermes/Tscherms,1589,6.6239,2020
21,21021,Chienes/Kiens,2957,33.6801,2020
21,21022,Chiusa/Klausen,5178,51.289,2020
21,21023,Cornedo all'Isarco/Karneid,3433,40.6107,2020
21,21024,Cortaccia sulla strada del vino/Kurtatsch an der Weinstraße,2220,29.2676,2020
21,21025,Cortina sulla strada del vino/Kurtinig an der Weinstraße,654,1.999,2020
21,21026,Corvara in Badia/Corvara,1487,38.8358,2020
21,21027,Curon Venosta/Graun im Vinschgau,2322,209.6475,2020
21,21028,Dobbiaco/Toblach,3393,125.3018,2020
21,21029,Egna/Neumarkt,5459,23.5693,2020
21,21030,Falzes/Pfalzen,2912,33.1315,2020
21,21031,Fiè allo Sciliar/Völs am Schlern,3650,43.9578,2020
21,21032,Fortezza/Franzensfeste,1026,61.772,2020
21,21033,Funes/Villnöß,2560,81.3811,2020
21,21034,Gais/Gais,3238,60.6146,2020
21,21035,Gargazzone/Gargazon,1821,4.9136,2020
21,21036,Glorenza/Glurns,913,13.2189,2020
21,21037,Laces/Latsch,5286,78.7048,2020
21,21038,Lagundo/Algund,5081,23.6837,2020
21,21039,Laion/Lajen,2717,37.525,2020
21,21040,Laives/Leifers,18178,24.1083,2020
21,21041,Lana/Lana,12567,36.1238,2020
21,21042,Lasa/Laas,4107,110.2235,2020
21,21043,Lauregno/Laurein,337,13.8848,2020
21,21044,Luson/Lüsen,1553,74.4127,2020
21,21045,Magrè sulla strada del vino/Margreid an der Weinstraße,1296,13.8641,2020
21,21046,Malles Venosta/Mals,5170,247.425,2020
21,21047,Marebbe/Enneberg,3192,160.2279,2020
21,21048,Marlengo/Marling,2847,12.8631,2020
21,21049,Martello/Martell,832,142.7992,2020
21,21050,Meltina/Mölten,1686,36.9539,2020
21,21051,Merano/Meran,40900,26.3399,2020
21,21052,Monguelfo-Tesido/Welsberg-Taisten,2906,46.4364,2020
21,21053,Montagna/Montan,1720,19.5102,2020
21,21054,Moso in Passiria/Moos in Passeier,2050,193.5284,2020
21,21055,Nalles/Nals,2050,12.2399,2020
21,21056,Naturno/Naturns,6009,67.1127,2020
21,21057,Naz-Sciaves/Natz-Schabs,3329,15.9599,2020
21,21058,Nova Levante/Welschnofen,2022,51.0956,2020
21,21059,Nova Ponente/Deutschnofen,4029,112.4933,2020
21,21060,Ora/Auer,3948,11.788,2020
21,21061,Ortisei/St. Ulrich,4891,24.1564,2020
21,21062,Parcines/Partschins,3862,55.3974,2020
21,21063,Perca/Percha,1643,30.364,2020
21,21064,Plaus/Plaus,743,4.866,2020
21,21065,Ponte Gardena/Waidbruck,201,2.3282,2020
21,21066,Postal/Burgstall,1951,6.6921,2020
21,21067,Prato allo Stelvio/Prad am Stilfserjoch,3667,51.0018,2020
21,21068,Predoi/Prettau,538,86.3567,2020
21,21069,Proves/Proveis,252,18.3685,2020
21,21070,Racines/Ratschings,4576,203.2838,2020
21,21071,Rasun-Anterselva/Rasen-Antholz,2948,121.5728,2020
21,21072,Renon/Ritten,7986,111.3601,2020
21,21073,Rifiano/Riffian,1380,35.9426,2020
21,21074,Rio di Pusteria/Mühlbach,3212,83.8233,2020
21,21075,Rodengo/Rodeneck,1269,29.6182,2020
21,21076,Salorno sulla strada del vino/Salurn an der Weinstraße,3802,33.125,2020
21,21077,San Candido/Innichen,3438,79.8468,2020
21,21079,San Genesio Atesino/Jenesien,3079,68.8368,2020
21,21080,San Leonardo in Passiria/St. Leonhard in Passeier,3577,89.0273,2020
21,21081,San Lorenzo di Sebato/St. Lorenzen,3864,51.4599,2020
21,21082,San Martino in Badia/St. Martin in Thurn,1769,75.9429,2020
21,21083,San Martino in Passiria/St. Martin in Passeier,3223,29.9913,2020
21,21084,San Pancrazio/St. Pankraz,1524,63.1725,2020
21,21085,Santa Cristina Valgardena/St. Christina in Gröden,2036,31.9231,2020
21,21086,Sarentino/Sarntal,7128,302.2703,2020
21,21087,Scena/Schenna,3053,48.1303,2020
21,21088,Selva dei Molini/Mühlwald,1402,104.7871,2020
21,21089,Selva di Val Gardena/Wolkenstein in Gröden,2736,56.2399,2020
21,21091,Senales/Schnals,1272,209.8369,2020
21,21092,Sesto/Sexten,1900,80.429,2020
21,21093,Silandro/Schlanders,6264,115.1716,2020
21,21094,Sluderno/Schluderns,1811,20.7177,2020
21,21095,Stelvio/Stilfs,1201,141.6216,2020
21,21096,Terento/Terenten,1771,42.1614,2020
21,21097,Terlano/Terlan,4699,18.5685,2020
21,21098,Termeno sulla strada del vino/Tramin an der Weinstraße,3473,19.4389,2020
21,21099,Tesimo/Tisens,1982,38.125,2020
21,21100,Tires/Tiers,1008,42.181,2020
21,21101,Tirolo/Tirol,2530,25.6182,2020
21,21102,Trodena nel parco naturale/Truden im Naturpark,1043,20.5608,2020
21,21103,Tubre/Taufers im Münstertal,968,46.2665,2020
21,21104,Ultimo/Ulten,2886,208.1174,2020
21,21105,Vadena/Pfatten,1120,13.7358,2020
21,21106,Valdaora/Olang,3192,49.076,2020
21,21107,Val di Vizze/Pfitsch,3069,142.1207,2020
21,21108,Valle Aurina/Ahrntal,5971,187.8882,2020
21,21109,Valle di Casies/Gsies,2323,110.1339,2020
21,21110,Vandoies/Vintl,3309,110.8179,2020
21,21111,Varna/Vahrn,4870,70.3417,2020
21,21112,Verano/Vöran,982,22.009,2020
21,21113,Villabassa/Niederdorf,1587,18.0325,2020
21,21114,Villandro/Villanders,1887,43.9501,2020
21,21115,Vipiteno/Sterzing,6959,32.9648,2020
21,21116,Velturno/Feldthurns,3025,24.5844,2020
21,21117,La Valle/Wengen,1380,38.9177,2020
21,21118,Senale-San Felice/Unsere Liebe Frau im Walde-St. Felix,775,27.6313,2020
22,22001,Ala,8792,119.855,2020
22,22002,Albiano,1500,9.9642,2020
22,22003,Aldeno,3187,8.9704,2020
22,22005,Andalo,1268,11.3783,2020
22,22006,Arco,17798,63.2175,2020
22,22007,Avio,4072,68.8883,2020
22,22009,Baselga di Pinè,5074,41.0709,2020
22,22011,Bedollo,1470,27.4595,2020
22,22013,Besenello,2746,25.9369,2020
22,22015,Bieno,446,11.711,2020
22,22017,Bleggio Superiore,1516,32.674,2020
22,22018,Bocenago,396,8.4527,2020
22,22021,Bondone,639,19.1849,2020
22,22022,Borgo Valsugana,6984,52.3633,2020
22,22025,Brentonico,4021,62.74,2020
22,22026,Bresimo,250,41.0139,2020
22,22029,Caderzone Terme,681,18.607,2020
22,22032,Calceranica al Lago,1376,3.3945,2020
22,22033,Caldes,1094,20.8086,2020
22,22034,Caldonazzo,3855,21.4132,2020
22,22035,Calliano,1996,10.1988,2020
22,22036,Campitello di Fassa,709,25.0233,2020
22,22037,Campodenno,1520,25.023,2020
22,22038,Canal San Bovo,1457,125.6823,2020
22,22039,Canazei,2015,67.0177,2020
22,22040,Capriana,579,12.8188,2020
22,22042,Carisolo,950,25.1224,2020
22,22043,Carzano,520,1.8202,2020
22,22045,Castel Condino,219,11.1004,2020
22,22047,Castello-Molina di Fiemme,2320,54.5589,2020
22,22048,Castello Tesino,1167,112.8343,2020
22,22049,Castelnuovo,1066,13.1441,2020
22,22050,Cavalese,4041,45.3757,2020
22,22051,Cavareno,1117,9.4842,2020
22,22052,Cavedago,545,10.028,2020
22,22053,Cavedine,3003,38.2265,2020
22,22054,Cavizzana,233,3.377,2020
22,22058,Cimone,708,9.807,2020
22,22059,Cinte Tesino,348,30.2967,2020
22,22060,Cis,298,5.4976,2020
22,22061,Civezzano,4080,15.6663,2020
22,22062,Cles,7155,39.1656,2020
22,22064,Commezzadura,1019,22.0249,2020
22,22068,Croviana,688,4.9892,2020
22,22071,Dambel,421,5.1451,2020
22,22074,Denno,1211,10.644,2020
22,22078,Drena,574,8.3367,2020
22,22079,Dro,5057,27.9534,2020
22,22081,Fai della Paganella,914,12.1293,2020
22,22083,Fiavè,1055,24.2822,2020
22,22085,Fierozzo,481,17.9425,2020
22,22087,Folgaria,3150,71.6258,2020
22,22089,Fornace,1319,7.2241,2020
22,22090,Frassilongo,342,16.6807,2020
22,22091,Garniga Terme,393,13.1251,2020
22,22092,Giovo,2520,20.8129,2020
22,22093,Giustino,749,39.3866,2020
22,22095,Grigno,2086,46.3809,2020
22,22097,Imer,1177,27.7294,2020
22,22098,Isera,2754,14.092,2020
22,22102,Lavarone,1186,26.3125,2020
22,22103,Lavis,9119,12.1781,2020
22,22104,Levico Terme,8003,62.8282,2020
22,22106,Livo,790,15.2178,2020
22,22108,Lona-Lases,870,11.3726,2020
22,22109,Luserna,268,8.1971,2020
22,22110,Malé,2219,26.5277,2020
22,22112,Massimeno,144,21.0322,2020
22,22113,Mazzin,598,23.6281,2020
22,22114,Mezzana,874,27.3498,2020
22,22115,Mezzano,1594,48.8455,2020
22,22116,Mezzocorona,5528,25.353,2020
22,22117,Mezzolombardo,7361,13.879,2020
22,22118,Moena,2682,82.5944,2020
22,22120,Molveno,1134,34.1156,2020
22,22123,Mori,9974,34.4834,2020
22,22124,Nago-Torbole,2847,28.3842,2020
22,22127,Nogaredo,2075,3.6147,2020
22,22128,Nomi,1312,6.4887,2020
22,22129,Novaledo,1095,7.9653,2020
22,22130,Ospedaletto,790,16.7474,2020
22,22131,Ossana,834,25.2486,2020
22,22133,Palù del Fersina,165,16.6481,2020
22,22134,Panchià,824,20.2112,2020
22,22135,Ronzo-Chienis,987,13.2084,2020
22,22136,Peio,1834,162.3024,2020
22,22137,Pellizzano,782,48.3606,2020
22,22138,Pelugo,390,22.9782,2020
22,22139,Pergine Valsugana,21486,54.3284,2020
22,22142,Pieve Tesino,637,69.2335,2020
22,22143,Pinzolo,3150,69.321,2020
22,22144,Pomarolo,2418,9.2285,2020
22,22147,Predazzo,4522,109.9648,2020
22,22150,Rabbi,1335,132.7874,2020
22,22153,Riva del Garda,17646,40.7248,2020
22,22155,Romeno,1384,9.1279,2020
22,22156,Roncegno Terme,2897,38.0833,2020
22,22157,Ronchi Valsugana,460,10.003,2020
22,22159,Ronzone,439,5.2973,2020
22,22160,Roverè della Luna,1632,10.4144,2020
22,22161,Rovereto,39954,50.9842,2020
22,22162,Ruffrè-Mendola,407,6.58,2020
22,22163,Rumo,813,30.854,2020
22,22164,Sagron Mis,179,11.0617,2020
22,22165,Samone,554,4.902,2020
22,22167,San Michele all'Adige,3956,15.9962,2020
22,22168,Sant'Orsola Terme,1120,15.3639,2020
22,22169,Sanzeno,916,7.8749,2020
22,22170,Sarnonico,794,12.1898,2020
22,22171,Scurelle,1373,29.9965,2020
22,22172,Segonzano,1403,20.7121,2020
22,22173,Sfruz,364,11.8085,2020
22,22176,Soraga di Fassa,691,19.7447,2020
22,22177,Sover,785,14.822,2020
22,22179,Spiazzo,1244,71.06,2020
22,22180,Spormaggiore,1258,30.2,2020
22,22181,Sporminore,705,17.4709,2020
22,22182,Stenico,1178,49.1459,2020
22,22183,Storo,4534,62.9318,2020
22,22184,Strembo,609,38.3312,2020
22,22188,Telve,1898,64.7474,2020
22,22189,Telve di Sopra,590,17.7162,2020
22,22190,Tenna,1051,3.1147,2020
22,22191,Tenno,1992,28.3011,2020
22,22193,Terragnolo,696,39.5662,2020
22,22195,Terzolas,654,5.5888,2020
22,22196,Tesero,2935,50.5452,2020
22,22199,Tione di Trento,3665,33.4464,2020
22,22200,Ton,1321,26.2845,2020
22,22202,Torcegno,673,15.1927,2020
22,22203,Trambileno,1468,50.6989,2020
22,22205,Trento,118879,157.8748,2020
22,22209,Valfloriana,458,39.3284,2020
22,22210,Vallarsa,1364,77.8636,2020
22,22213,Vermiglio,1846,95.6345,2020
22,22216,Vignola-Falesina,180,11.9514,2020
22,22222,Villa Lagarina,3825,24.1287,2020
22,22224,Volano,3020,10.7401,2020
22,22226,Ziano di Fiemme,1755,35.7467,2020
22,22228,Comano Terme,2895,68.1133,2020
22,22229,Ledro,5248,156.3723,2020
22,22230,Predaia,6778,80.0485,2020
22,22231,San Lorenzo Dorsino,1554,73.9123,2020
22,22232,Valdaone,1141,177.0828,2020
22,22233,Dimaro Folgarida,2099,36.5328,2020
22,22234,Pieve di Bono-Prezzo,1430,24.6809,2020
22,22235,Altavalle,1612,33.5472,2020
22,22236,Altopiano della Vigolana,5074,45.0271,2020
22,22237,Amblar-Don,546,19.964,2020
22,22238,Borgo Chiese,1963,53.7123,2020
22,22239,Borgo Lares,707,22.62,2020
22,22240,Castel Ivano,3277,34.8203,2020
22,22241,Cembra Lisignago,2308,24.1056,2020
22,22242,Contà,1397,19.4692,2020
22,22243,Madruzzo,2933,28.9303,2020
22,22244,Porte di Rendena,1752,40.7133,2020
22,22245,Primiero San Martino di Castrozza,5278,200.0489,2020
22,22246,Sella Giudicarie,2894,85.7572,2020
22,22247,Tre Ville,1404,81.4868,2020
22,22248,Vallelaghi,5159,72.4548,2020
22,22249,Ville d'Anaunia,4736,89.1318,2020
22,22250,San Giovanni di Fassa-Sèn Jan,3698,99.8223,2020
22,22251,Terre d'Adige,3053,16.5774,2020
22,22252,Borgo d'Anaunia,2487,63.2287,2020
22,22253,Novella,3599,46.5889,2020
22,22254,Ville di Fiemme,2631,46.1493,2020
23,23001,Affi,2369,9.8814,2020
23,23002,Albaredo d'Adige,5371,28.2532,2020
23,23003,Angiari,2397,13.4706,2020
23,23004,Arcole,6325,18.8657,2020
23,23005,Badia Calavena,2589,26.9382,2020
23,23006,Bardolino,7170,57.3221,2020
23,23007,Belfiore,3329,26.4474,2020
23,23008,Bevilacqua,1763,12.2007,2020
23,23009,Bonavigo,1987,17.9947,2020
23,23010,Boschi Sant'Anna,1357,8.9664,2020
23,23011,Bosco Chiesanuova,3533,64.7987,2020
23,23012,Bovolone,16050,41.2729,2020
23,23013,Brentino Belluno,1334,25.9838,2020
23,23014,Brenzone sul Garda,2486,51.5829,2020
23,23015,Bussolengo,20583,24.2258,2020
23,23016,Buttapietra,7103,17.2692,2020
23,23017,Caldiero,7892,10.3727,2020
23,23018,Caprino Veronese,8502,47.3173,2020
23,23019,Casaleone,5562,38.6028,2020
23,23020,Castagnaro,3635,34.7978,2020
23,23021,Castel d'Azzano,11970,9.7241,2020
23,23022,Castelnuovo del Garda,13300,34.429,2020
23,23023,Cavaion Veronese,6036,12.9092,2020
23,23024,Cazzano di Tramigna,1520,12.2708,2020
23,23025,Cerea,16644,70.2947,2020
23,23026,Cerro Veronese,2565,10.0567,2020
23,23027,Cologna Veneta,8452,42.8339,2020
23,23028,Colognola ai Colli,8798,20.8968,2020
23,23029,Concamarise,1102,7.9136,2020
23,23030,Costermano sul Garda,3873,16.7441,2020
23,23031,Dolcè,2548,30.9499,2020
23,23032,Erbè,1927,16.1025,2020
23,23033,Erbezzo,784,31.969,2020
23,23034,Ferrara di Monte Baldo,250,26.8895,2020
23,23035,Fumane,4102,34.2113,2020
23,23036,Garda,4143,14.3691,2020
23,23037,Gazzo Veronese,5226,56.6542,2020
23,23038,Grezzana,10716,49.4866,2020
23,23039,Illasi,5213,25.0029,2020
23,23040,Isola della Scala,11762,69.8295,2020
23,23041,Isola Rizza,3244,16.6774,2020
23,23042,Lavagno,8609,14.6372,2020
23,23043,Lazise,6901,63.1465,2020
23,23044,Legnago,25443,79.2725,2020
23,23045,Malcesine,3640,69.2779,2020
23,23046,Marano di Valpolicella,3122,18.622,2020
23,23047,Mezzane di Sotto,2549,19.708,2020
23,23048,Minerbe,4570,29.6505,2020
23,23049,Montecchia di Crosara,4278,21.0625,2020
23,23050,Monteforte d'Alpone,9019,20.4705,2020
23,23051,Mozzecane,8027,24.8517,2020
23,23052,Negrar di Valpolicella,16751,40.4219,2020
23,23053,Nogara,8374,38.7778,2020
23,23054,Nogarole Rocca,3851,29.1355,2020
23,23055,Oppeano,10305,46.7257,2020
23,23056,Palù,1231,13.6103,2020
23,23057,Pastrengo,3111,9.0015,2020
23,23058,Pescantina,17367,19.7259,2020
23,23059,Peschiera del Garda,10881,18.2606,2020
23,23060,Povegliano Veronese,7358,18.5283,2020
23,23061,Pressana,2511,17.3894,2020
23,23062,Rivoli Veronese,2182,18.4271,2020
23,23063,Roncà,3740,18.1485,2020
23,23064,Ronco all'Adige,5962,42.8144,2020
23,23065,Roverchiara,2659,19.6466,2020
23,23066,Roveredo di Guà,1597,10.1597,2020
23,23067,Roverè Veronese,2070,36.5476,2020
23,23068,Salizzole,3779,30.6954,2020
23,23069,San Bonifacio,21402,33.792,2020
23,23070,San Giovanni Ilarione,4911,25.4033,2020
23,23071,San Giovanni Lupatoto,25418,19.0108,2020
23,23072,Sanguinetto,4086,13.5055,2020
23,23073,San Martino Buon Albergo,15970,34.7507,2020
23,23074,San Mauro di Saline,575,11.2398,2020
23,23075,San Pietro di Morubio,3030,16.1169,2020
23,23076,San Pietro in Cariano,12916,20.2358,2020
23,23077,Sant'Ambrogio di Valpolicella,11948,23.4999,2020
23,23078,Sant'Anna d'Alfaedo,2530,43.4279,2020
23,23079,San Zeno di Montagna,1431,28.2389,2020
23,23080,Selva di Progno,892,41.3327,2020
23,23081,Soave,7143,22.7206,2020
23,23082,Sommacampagna,14788,40.8265,2020
23,23083,Sona,17629,41.1449,2020
23,23084,Sorgà,2957,31.5347,2020
23,23085,Terrazzo,2146,20.5271,2020
23,23086,Torri del Benaco,3062,46.2913,2020
23,23087,Tregnago,4902,37.3481,2020
23,23088,Trevenzuolo,2756,26.9416,2020
23,23089,Valeggio sul Mincio,15759,63.959,2020
23,23090,Velo Veronese,759,18.9017,2020
23,23091,Verona,258031,198.9134,2020
23,23092,Veronella,5150,20.8801,2020
23,23093,Vestenanova,2536,24.182,2020
23,23094,Vigasio,10249,30.7626,2020
23,23095,Villa Bartolomea,5759,52.9886,2020
23,23096,Villafranca di Verona,33265,57.3407,2020
23,23097,Zevio,15542,54.8687,2020
23,23098,Zimella,4869,20.0992,2020
24,24001,Agugliaro,1403,14.6954,2020
24,24002,Albettone,1977,20.2106,2020
24,24003,Alonte,1586,11.1452,2020
24,24004,Altavilla Vicentina,11844,16.7234,2020
24,24005,Altissimo,2148,15.0861,2020
24,24006,Arcugnano,7807,41.5682,2020
24,24007,Arsiero,3036,41.3952,2020
24,24008,Arzignano,25124,34.1902,2020
24,24009,Asiago,6349,162.9334,2020
24,24010,Asigliano Veneto,868,8.0656,2020
24,24012,Bassano del Grappa,42527,47.0617,2020
24,24013,Bolzano Vicentino,6514,19.8367,2020
24,24014,Breganze,8439,21.7608,2020
24,24015,Brendola,6607,25.5675,2020
24,24016,Bressanvido,3204,8.4405,2020
24,24017,Brogliano,3987,12.1551,2020
24,24018,Caldogno,11328,15.8845,2020
24,24019,Caltrano,2508,22.7111,2020
24,24020,Calvene,1285,11.4722,2020
24,24021,Camisano Vicentino,11174,30.0209,2020
24,24022,Campiglia dei Berici,1666,11.0401,2020
24,24024,Carrè,3532,8.7389,2020
24,24025,Cartigliano,3723,7.377,2020
24,24026,Cassola,15043,12.7395,2020
24,24027,Castegnero,2848,11.6202,2020
24,24028,Castelgomberto,6122,17.4369,2020
24,24029,Chiampo,12574,22.604,2020
24,24030,Chiuppano,2493,4.7093,2020
24,24032,Cogollo del Cengio,3157,36.2167,2020
24,24034,Cornedo Vicentino,11728,23.5599,2020
24,24035,Costabissara,7705,13.132,2020
24,24036,Creazzo,11314,10.5285,2020
24,24037,Crespadoro,1280,30.2015,2020
24,24038,Dueville,13835,20.0095,2020
24,24039,Enego,1554,52.6032,2020
24,24040,Fara Vicentino,3720,15.1748,2020
24,24041,Foza,662,35.2089,2020
24,24042,Gallio,2342,47.8665,2020
24,24043,Gambellara,3402,12.9966,2020
24,24044,Gambugliano,831,7.9503,2020
24,24046,Grisignano di Zocco,4266,17.0202,2020
24,24047,Grumolo delle Abbadesse,3768,15.0136,2020
24,24048,Isola Vicentina,10288,26.4789,2020
24,24049,Laghi,125,22.237,2020
24,24050,Lastebasse,184,18.797,2020
24,24051,Longare,5618,22.7741,2020
24,24052,Lonigo,15928,49.4205,2020
24,24053,Lugo di Vicenza,3593,14.564,2020
24,24055,Malo,14771,30.5281,2020
24,24056,Marano Vicentino,9380,12.7254,2020
24,24057,Marostica,14022,36.5289,2020
24,24060,Montebello Vicentino,6450,21.4752,2020
24,24061,Montecchio Maggiore,23156,30.5401,2020
24,24062,Montecchio Precalcino,4903,14.4203,2020
24,24063,Monte di Malo,2787,23.7485,2020
24,24064,Montegalda,3387,17.4127,2020
24,24065,Montegaldella,1814,13.5735,2020
24,24066,Monteviale,2853,8.4385,2020
24,24067,Monticello Conte Otto,9067,10.2417,2020
24,24068,Montorso Vicentino,3077,9.2946,2020
24,24070,Mussolente,7603,15.4308,2020
24,24071,Nanto,3088,14.3508,2020
24,24072,Nogarole Vicentino,1235,9.0933,2020
24,24073,Nove,4871,8.1511,2020
24,24074,Noventa Vicentina,8914,22.8794,2020
24,24075,Orgiano,3036,18.0844,2020
24,24076,Pedemonte,708,12.592,2020
24,24077,Pianezze,2165,5.0235,2020
24,24078,Piovene Rocchette,8137,12.9065,2020
24,24079,Pojana Maggiore,4281,28.6152,2020
24,24080,Posina,564,43.6354,2020
24,24081,Pove del Grappa,3119,9.8406,2020
24,24082,Pozzoleone,2807,11.2548,2020
24,24083,Quinto Vicentino,5902,17.3964,2020
24,24084,Recoaro Terme,6140,60.1484,2020
24,24085,Roana,4181,78.1257,2020
24,24086,Romano d'Ezzelino,14172,21.3495,2020
24,24087,Rosà,14599,24.3153,2020
24,24088,Rossano Veneto,8138,10.5966,2020
24,24089,Rotzo,646,28.2505,2020
24,24090,Salcedo,1016,6.116,2020
24,24091,Sandrigo,8194,27.991,2020
24,24094,San Pietro Mussolino,1593,4.1081,2020
24,24095,Santorso,5559,13.2085,2020
24,24096,San Vito di Leguzzano,3599,6.1264,2020
24,24097,Sarcedo,5313,13.8528,2020
24,24098,Sarego,6670,23.9223,2020
24,24099,Schiavon,2645,12.0019,2020
24,24100,Schio,38635,66.2059,2020
24,24101,Solagna,1807,15.8119,2020
24,24102,Sossano,4194,20.8975,2020
24,24103,Sovizzo,7475,15.6614,2020
24,24104,Tezze sul Brenta,12820,17.9344,2020
24,24105,Thiene,23964,19.7031,2020
24,24106,Tonezza del Cimone,505,13.9407,2020
24,24107,Torrebelvicino,5816,20.7397,2020
24,24108,Torri di Quartesolo,11766,18.6733,2020
24,24110,Trissino,8675,21.9571,2020
24,24111,Valdagno,25706,50.2157,2020
24,24112,Valdastico,1218,23.9487,2020
24,24113,Valli del Pasubio,3051,49.3448,2020
24,24115,Velo d'Astico,2242,21.9041,2020
24,24116,Vicenza,111113,80.5798,2020
24,24117,Villaga,1911,23.225,2020
24,24118,Villaverla,6114,15.7881,2020
24,24119,Zanè,6616,7.645,2020
24,24120,Zermeghedo,1363,2.9709,2020
24,24121,Zovencedo,798,9.0441,2020
24,24122,Zugliano,6794,13.7301,2020
24,24123,Val Liona,3043,27.8442,2020
24,24124,Barbarano Mossano,6300,33.4857,2020
24,24125,Valbrenta,4914,93.3681,2020
24,24126,Colceresa,5944,19.4004,2020
24,24127,Lusiana Conco,4600,61.1912,2020
25,25001,Agordo,4074,23.7425,2020
25,25002,Alano di Piave,2687,36.521,2020
25,25003,Alleghe,1164,29.7145,2020
25,25004,Arsiè,2206,64.7612,2020
25,25005,Auronzo di Cadore,3150,220.5522,2020
25,25006,Belluno,35522,147.2211,2020
25,25007,Borca di Cadore,839,26.7552,2020
25,25008,Calalzo di Cadore,1906,43.5069,2020
25,25010,Cencenighe Agordino,1258,18.1305,2020
25,25011,Cesiomaggiore,3925,82.0893,2020
25,25012,Chies d'Alpago,1262,44.9711,2020
25,25013,Cibiana di Cadore,361,21.5866,2020
25,25014,Colle Santa Lucia,355,15.3388,2020
25,25015,Comelico Superiore,2096,96.0918,2020
25,25016,Cortina d'Ampezzo,5669,252.8033,2020
25,25017,Danta di Cadore,440,7.9544,2020
25,25018,Domegge di Cadore,2266,50.357,2020
25,25019,Falcade,1860,52.795,2020
25,25021,Feltre,20491,99.7878,2020
25,25022,Fonzaso,3082,27.6181,2020
25,25023,Canale d'Agordo,1085,45.955,2020
25,25025,Gosaldo,545,48.4729,2020
25,25026,Lamon,2699,54.352,2020
25,25027,La Valle Agordina,1067,48.6721,2020
25,25029,Limana,5309,39.1203,2020
25,25030,Livinallongo del Col di Lana,1315,100.0052,2020
25,25032,Lorenzago di Cadore,557,27.3486,2020
25,25033,Lozzo di Cadore,1286,30.4042,2020
25,25035,Ospitale di Cadore,269,39.7816,2020
25,25036,Pedavena,4323,25.0553,2020
25,25037,Perarolo di Cadore,367,43.9431,2020
25,25039,Pieve di Cadore,3729,67.1701,2020
25,25040,Ponte nelle Alpi,8003,58.14,2020
25,25043,Rivamonte Agordino,619,23.304,2020
25,25044,Rocca Pietore,1174,73.2883,2020
25,25045,San Gregorio nelle Alpi,1573,19.1176,2020
25,25046,San Nicolò di Comelico,373,24.1594,2020
25,25047,San Pietro di Cadore,1557,52.1269,2020
25,25048,Santa Giustina,6649,35.9234,2020
25,25049,San Tomaso Agordino,611,19.1806,2020
25,25050,Santo Stefano di Cadore,2418,100.6204,2020
25,25051,San Vito di Cadore,1955,61.6156,2020
25,25053,Sedico,10177,91.2029,2020
25,25054,Selva di Cadore,489,33.3266,2020
25,25055,Seren del Grappa,2417,62.5288,2020
25,25056,Sospirolo,3091,65.8581,2020
25,25057,Soverzene,366,14.7922,2020
25,25058,Sovramonte,1318,50.5416,2020
25,25059,Taibon Agordino,1728,90.0587,2020
25,25060,Tambre,1292,45.277,2020
25,25062,Vallada Agordina,473,12.9989,2020
25,25063,Valle di Cadore,1847,40.6394,2020
25,25065,Vigo di Cadore,1363,70.0659,2020
25,25066,Vodo Cadore,829,46.8767,2020
25,25067,Voltago Agordino,830,23.4694,2020
25,25069,Zoppè di Cadore,191,4.3319,2020
25,25070,Quero Vas,3100,45.9145,2020
25,25071,Longarone,5119,122.3607,2020
25,25072,Alpago,6648,80.3408,2020
25,25073,Val di Zoldo,2842,141.6513,2020
25,25074,Borgo Valbelluna,13488,167.6916,2020
26,26001,Altivole,7084,21.9467,2020
26,26002,Arcade,4503,8.2724,2020
26,26003,Asolo,9057,25.3668,2020
26,26004,Borso del Grappa,5909,33.139,2020
26,26005,Breda di Piave,7665,25.7608,2020
26,26006,Caerano di San Marco,7899,12.0885,2020
26,26007,Cappella Maggiore,4651,11.0891,2020
26,26008,Carbonera,11238,19.8826,2020
26,26009,Casale sul Sile,13149,26.9182,2020
26,26010,Casier,11335,13.4217,2020
26,26011,Castelcucco,2287,8.7916,2020
26,26012,Castelfranco Veneto,33357,51.609,2020
26,26013,Castello di Godego,7123,18.1318,2020
26,26014,Cavaso del Tomba,2863,18.973,2020
26,26015,Cessalto,3833,28.1773,2020
26,26016,Chiarano,3647,19.9235,2020
26,26017,Cimadolmo,3377,17.8957,2020
26,26018,Cison di Valmarino,2582,28.812,2020
26,26019,Codognè,5296,21.7507,2020
26,26020,Colle Umberto,5067,13.5797,2020
26,26021,Conegliano,34480,36.3983,2020
26,26022,Cordignano,6899,26.2483,2020
26,26023,Cornuda,6293,12.5101,2020
26,26025,Crocetta del Montello,6080,26.5683,2020
26,26026,Farra di Soligo,8521,28.3399,2020
26,26027,Follina,3658,24.0814,2020
26,26028,Fontanelle,5654,35.3529,2020
26,26029,Fonte,5989,14.5967,2020
26,26030,Fregona,2819,42.7229,2020
26,26031,Gaiarine,6021,28.7778,2020
26,26032,Giavera del Montello,5185,20.1877,2020
26,26033,Godega di Sant'Urbano,5918,24.342,2020
26,26034,Gorgo al Monticano,4039,27.0883,2020
26,26035,Istrana,9181,26.4776,2020
26,26036,Loria,9272,23.2505,2020
26,26037,Mansuè,4985,27.0947,2020
26,26038,Mareno di Piave,9608,27.7706,2020
26,26039,Maser,5129,25.8539,2020
26,26040,Maserada sul Piave,9217,28.7696,2020
26,26041,Meduna di Livenza,2925,15.3788,2020
26,26042,Miane,3163,30.8836,2020
26,26043,Mogliano Veneto,27561,46.2562,2020
26,26044,Monastier di Treviso,4438,25.2613,2020
26,26045,Monfumo,1305,11.4548,2020
26,26046,Montebelluna,31129,49.0063,2020
26,26047,Morgano,4424,11.761,2020
26,26048,Moriago della Battaglia,2811,13.7573,2020
26,26049,Motta di Livenza,10641,37.7775,2020
26,26050,Nervesa della Battaglia,6583,34.9727,2020
26,26051,Oderzo,20344,42.3532,2020
26,26052,Ormelle,4480,18.8269,2020
26,26053,Orsago,3859,10.7066,2020
26,26055,Paese,22026,38.089,2020
26,26056,Pederobba,7334,27.3165,2020
26,26057,Pieve di Soligo,11805,19.0228,2020
26,26058,Ponte di Piave,8285,32.4357,2020
26,26059,Ponzano Veneto,12910,22.2704,2020
26,26060,Portobuffolè,739,5.0807,2020
26,26061,Possagno,2196,12.1102,2020
26,26062,Povegliano,5097,12.9146,2020
26,26063,Preganziol,16896,23.1084,2020
26,26064,Quinto di Treviso,9945,19.0403,2020
26,26065,Refrontolo,1696,13.0349,2020
26,26066,Resana,9407,24.8911,2020
26,26067,Revine Lago,2109,18.7927,2020
26,26068,Riese Pio X,10938,30.6437,2020
26,26069,Roncade,14668,61.7762,2020
26,26070,Salgareda,6596,27.551,2020
26,26071,San Biagio di Callalta,12795,48.5044,2020
26,26072,San Fior,6875,17.8168,2020
26,26073,San Pietro di Feletto,5092,19.2525,2020
26,26074,San Polo di Piave,4946,20.9825,2020
26,26075,Santa Lucia di Piave,9120,19.8098,2020
26,26076,San Vendemiano,9897,18.4963,2020
26,26077,San Zenone degli Ezzelini,7317,19.9661,2020
26,26078,Sarmede,2975,18.0133,2020
26,26079,Segusino,1838,18.2274,2020
26,26080,Sernaglia della Battaglia,6171,20.1512,2020
26,26081,Silea,10195,18.9531,2020
26,26082,Spresiano,12313,25.7247,2020
26,26083,Susegana,11707,44.098,2020
26,26084,Tarzo,4228,23.9059,2020
26,26085,Trevignano,10704,26.4946,2020
26,26086,Treviso,84837,55.5781,2020
26,26087,Valdobbiadene,10140,62.8942,2020
26,26088,Vazzola,6858,26.1591,2020
26,26089,Vedelago,16491,61.8489,2020
26,26090,Vidor,3672,13.4259,2020
26,26091,Villorba,17768,30.5337,2020
26,26092,Vittorio Veneto,27479,82.8023,2020
26,26093,Volpago del Montello,10083,44.8222,2020
26,26094,Zenson di Piave,1729,9.4961,2020
26,26095,Zero Branco,11457,26.0637,2020
26,26096,Pieve del Grappa,6550,37.3385,2020
227,27001,Annone Veneto,3817,25.9339,2020
227,27002,Campagna Lupia,7157,87.591,2020
227,27003,Campolongo Maggiore,10689,23.6146,2020
227,27004,Camponogara,13036,21.299,2020
227,27005,Caorle,11242,153.834,2020
227,27006,Cavarzere,13181,140.4375,2020
227,27007,Ceggia,6104,22.1039,2020
227,27008,Chioggia,48223,187.9113,2020
227,27009,Cinto Caomaggiore,3172,21.3196,2020
227,27010,Cona,2875,65.1112,2020
227,27011,Concordia Sagittaria,10256,66.8349,2020
227,27012,Dolo,15053,24.284,2020
227,27013,Eraclea,12060,95.4535,2020
227,27014,Fiesso d'Artico,8465,6.3104,2020
227,27015,Fossalta di Piave,4150,9.6402,2020
227,27016,Fossalta di Portogruaro,5833,31.1041,2020
227,27017,Fossò,7053,10.1823,2020
227,27018,Gruaro,2760,17.4881,2020
227,27019,Jesolo,26511,96.3967,2020
227,27020,Marcon,17558,25.5472,2020
227,27021,Martellago,21394,20.1706,2020
227,27022,Meolo,6236,26.612,2020
227,27023,Mira,37969,99.1344,2020
227,27024,Mirano,27159,45.6303,2020
227,27025,Musile di Piave,11322,44.8684,2020
227,27026,Noale,16108,24.6898,2020
227,27027,Noventa di Piave,6997,17.9961,2020
227,27028,Pianiga,12258,20.0674,2020
227,27029,Portogruaro,24592,102.3109,2020
227,27030,Pramaggiore,4659,24.2151,2020
227,27031,Quarto d'Altino,8046,28.3286,2020
227,27032,Salzano,12858,17.1836,2020
227,27033,San Donà di Piave,41807,78.8769,2020
227,27034,San Michele al Tagliamento,11714,114.4092,2020
227,27035,Santa Maria di Sala,17541,28.051,2020
227,27036,San Stino di Livenza,12799,67.9666,2020
227,27037,Scorzè,19045,33.2872,2020
227,27038,Spinea,27877,14.9588,2020
227,27039,Stra,7543,8.8154,2020
227,27040,Teglio Veneto,2244,11.4427,2020
227,27041,Torre di Mosto,4768,37.9981,2020
227,27042,Venezia,256083,415.8927,2020
227,27043,Vigonovo,9936,12.8657,2020
227,27044,Cavallino-Treporti,13395,44.7138,2020
28,28001,Abano Terme,20095,21.4081,2020
28,28002,Agna,3193,18.8041,2020
28,28003,Albignasego,26441,21.1553,2020
28,28004,Anguillara Veneta,4182,21.665,2020
28,28005,Arquà Petrarca,1801,12.5158,2020
28,28006,Arre,2130,12.3439,2020
28,28007,Arzergrande,4899,13.6428,2020
28,28008,Bagnoli di Sopra,3408,34.977,2020
28,28009,Baone,3059,24.4195,2020
28,28010,Barbona,617,8.5865,2020
28,28011,Battaglia Terme,3805,6.2291,2020
28,28012,Boara Pisani,2416,16.6614,2020
28,28013,Borgoricco,8862,20.3938,2020
28,28014,Bovolenta,3491,22.7798,2020
28,28015,Brugine,7154,19.547,2020
28,28016,Cadoneghe,15972,12.9249,2020
28,28017,Campodarsego,14780,25.7182,2020
28,28018,Campodoro,2613,11.2241,2020
28,28019,Camposampiero,11874,21.1245,2020
28,28020,Campo San Martino,5683,13.1599,2020
28,28021,Candiana,2243,22.268,2020
28,28022,Carceri,1509,9.8081,2020
28,28023,Carmignano di Brenta,7494,14.6815,2020
28,28026,Cartura,4561,16.2785,2020
28,28027,Casale di Scodosia,4781,21.3152,2020
28,28028,Casalserugo,5330,15.5043,2020
28,28029,Castelbaldo,1446,15.1745,2020
28,28030,Cervarese Santa Croce,5648,17.7049,2020
28,28031,Cinto Euganeo,1960,19.7569,2020
28,28032,Cittadella,20072,36.6783,2020
28,28033,Codevigo,6411,70.0181,2020
28,28034,Conselve,10069,24.2861,2020
28,28035,Correzzola,5090,42.3257,2020
28,28036,Curtarolo,7103,14.729,2020
28,28037,Este,15990,32.8074,2020
28,28038,Fontaniva,7918,20.6111,2020
28,28039,Galliera Veneta,7127,8.9542,2020
28,28040,Galzignano Terme,4290,18.2007,2020
28,28041,Gazzo,4300,22.7096,2020
28,28042,Grantorto,4514,14.1029,2020
28,28043,Granze,1965,11.4734,2020
28,28044,Legnaro,9221,14.9138,2020
28,28045,Limena,8055,15.1553,2020
28,28046,Loreggia,7636,19.1159,2020
28,28047,Lozzo Atestino,2984,24.0731,2020
28,28048,Maserà di Padova,9144,17.5821,2020
28,28049,Masi,1746,13.7649,2020
28,28050,Massanzago,6070,13.2228,2020
28,28052,Megliadino San Vitale,1821,15.2476,2020
28,28053,Merlara,2518,21.3456,2020
28,28054,Mestrino,11649,19.218,2020
28,28055,Monselice,17258,50.5708,2020
28,28056,Montagnana,8894,45.0279,2020
28,28057,Montegrotto Terme,11366,15.37,2020
28,28058,Noventa Padovana,11507,7.0781,2020
28,28059,Ospedaletto Euganeo,5569,21.4782,2020
28,28060,Padova,209730,93.0257,2020
28,28061,Pernumia,3769,13.1797,2020
28,28062,Piacenza d'Adige,1259,18.4889,2020
28,28063,Piazzola sul Brenta,11046,40.9328,2020
28,28064,Piombino Dese,9484,29.6247,2020
28,28065,Piove di Sacco,20075,35.7342,2020
28,28066,Polverara,3358,9.8439,2020
28,28067,Ponso,2401,10.8489,2020
28,28068,Pontelongo,3674,10.8862,2020
28,28069,Ponte San Nicolò,13393,13.521,2020
28,28070,Pozzonovo,3502,24.4761,2020
28,28071,Rovolon,4906,27.6862,2020
28,28072,Rubano,16721,14.5124,2020
28,28073,Saccolongo,4930,13.7992,2020
28,28075,San Giorgio delle Pertiche,10145,18.8582,2020
28,28076,San Giorgio in Bosco,6413,28.3502,2020
28,28077,San Martino di Lupari,13110,24.1222,2020
28,28078,San Pietro in Gu,4368,17.9003,2020
28,28079,San Pietro Viminario,3044,13.3064,2020
28,28080,Santa Giustina in Colle,7168,17.9675,2020
28,28082,Sant'Angelo di Piove di Sacco,7216,13.9648,2020
28,28083,Sant'Elena,2521,8.9164,2020
28,28084,Sant'Urbano,1942,31.9186,2020
28,28085,Saonara,10426,13.5443,2020
28,28086,Selvazzano Dentro,22920,19.5168,2020
28,28087,Solesino,6843,10.1429,2020
28,28088,Stanghella,4113,19.8106,2020
28,28089,Teolo,8941,31.2006,2020
28,28090,Terrassa Padovana,2690,14.8125,2020
28,28091,Tombolo,8268,11.0202,2020
28,28092,Torreglia,6137,18.8543,2020
28,28093,Trebaseleghe,12941,30.6561,2020
28,28094,Tribano,4267,19.2263,2020
28,28095,Urbana,2049,17.022,2020
28,28096,Veggiano,4753,16.4121,2020
28,28097,Vescovana,1759,22.2473,2020
28,28098,Vighizzolo d'Este,901,17.0825,2020
28,28099,Vigodarzere,13035,19.916,2020
28,28100,Vigonza,23080,33.3229,2020
28,28101,Villa del Conte,5564,17.3484,2020
28,28102,Villa Estense,2135,16.0063,2020
28,28103,Villafranca Padovana,10491,23.9549,2020
28,28104,Villanova di Camposampiero,6163,12.2262,2020
28,28105,Vo',3258,20.3663,2020
28,28106,Due Carrare,8941,26.5644,2020
28,28107,Borgo Veneto,7045,39.1705,2020
29,29001,Adria,18950,113.3883,2020
29,29002,Ariano nel Polesine,4098,81.4577,2020
29,29003,Arquà Polesine,2628,19.9278,2020
29,29004,Badia Polesine,10053,44.5341,2020
29,29005,Bagnolo di Po,1195,21.358,2020
29,29006,Bergantino,2453,17.9675,2020
29,29007,Bosaro,1453,6.1227,2020
29,29008,Calto,683,10.8475,2020
29,29009,Canaro,2620,32.6473,2020
29,29010,Canda,878,14.3743,2020
29,29011,Castelguglielmo,1521,22.1291,2020
29,29012,Castelmassa,4016,11.8404,2020
29,29013,Castelnovo Bariano,2624,37.9133,2020
29,29014,Ceneselli,1583,28.6176,2020
29,29015,Ceregnano,3515,30.1699,2020
29,29017,Corbola,2217,18.547,2020
29,29018,Costa di Rovigo,2443,16.0651,2020
29,29019,Crespino,1747,31.855,2020
29,29021,Ficarolo,2197,18.0738,2020
29,29022,Fiesso Umbertiano,3891,27.5396,2020
29,29023,Frassinelle Polesine,1370,21.9767,2020
29,29024,Fratta Polesine,2542,20.9677,2020
29,29025,Gaiba,989,11.9896,2020
29,29026,Gavello,1470,24.3701,2020
29,29027,Giacciano con Baruchella,2068,18.4203,2020
29,29028,Guarda Veneta,1110,17.2052,2020
29,29029,Lendinara,11517,55.0601,2020
29,29030,Loreo,3326,39.8436,2020
29,29031,Lusia,3398,17.6764,2020
29,29032,Melara,1697,17.5809,2020
29,29033,Occhiobello,12052,32.3261,2020
29,29034,Papozze,1392,21.4869,2020
29,29035,Pettorazza Grimani,1513,21.4544,2020
29,29036,Pincara,1121,17.5061,2020
29,29037,Polesella,3723,16.4116,2020
29,29038,Pontecchio Polesine,2192,11.5313,2020
29,29039,Porto Tolle,9203,257.0646,2020
29,29040,Rosolina,6295,74.693,2020
29,29041,Rovigo,50535,108.8039,2020
29,29042,Salara,1081,14.1558,2020
29,29043,San Bellino,1064,15.8257,2020
29,29044,San Martino di Venezze,3777,31.0456,2020
29,29045,Stienta,3165,24.0221,2020
29,29046,Taglio di Po,8030,78.6785,2020
29,29047,Trecenta,2581,35.0778,2020
29,29048,Villadose,4867,32.074,2020
29,29049,Villamarzana,1153,14.1513,2020
29,29050,Villanova del Ghebbo,1991,11.7258,2020
29,29051,Villanova Marchesana,865,18.0497,2020
29,29052,Porto Viro,13911,133.3075,2020
30,30001,Aiello del Friuli,2179,13.3473,2020
30,30002,Amaro,848,33.2611,2020
30,30003,Ampezzo,941,73.6275,2020
30,30004,Aquileia,3187,37.4382,2020
30,30005,Arta Terme,2033,42.7698,2020
30,30006,Artegna,2830,11.2209,2020
30,30007,Attimis,1685,33.2372,2020
30,30008,Bagnaria Arsa,3452,19.233,2020
30,30009,Basiliano,5238,43.0279,2020
30,30010,Bertiolo,2391,26.0516,2020
30,30011,Bicinicco,1797,16.0085,2020
30,30012,Bordano,713,14.9043,2020
30,30013,Buja,6364,25.5056,2020
30,30014,Buttrio,3884,17.7768,2020
30,30015,Camino al Tagliamento,1558,22.3179,2020
30,30016,Campoformido,7863,21.9325,2020
30,30018,Carlino,2728,30.2261,2020
30,30019,Cassacco,2844,11.6785,2020
30,30020,Castions di Strada,3710,32.8328,2020
30,30021,Cavazzo Carnico,961,39.4345,2020
30,30022,Cercivento,652,15.7819,2020
30,30023,Cervignano del Friuli,13560,29.1668,2020
30,30024,Chiopris-Viscone,665,9.213,2020
30,30025,Chiusaforte,621,100.1977,2020
30,30026,Cividale del Friuli,10969,50.6458,2020
30,30027,Codroipo,15909,75.201,2020
30,30028,Colloredo di Monte Albano,2176,21.7505,2020
30,30029,Comeglians,449,19.414,2020
30,30030,Corno di Rosazzo,3121,12.6215,2020
30,30031,Coseano,2091,23.7787,2020
30,30032,Dignano,2313,27.6037,2020
30,30033,Dogna,156,70.3683,2020
30,30034,Drenchia,99,12.0083,2020
30,30035,Enemonzo,1278,23.7602,2020
30,30036,Faedis,2801,46.7805,2020
30,30037,Fagagna,6055,37.1864,2020
30,30039,Flaibano,1097,17.3415,2020
30,30040,Forni Avoltri,531,80.7485,2020
30,30041,Forni di Sopra,911,81.6557,2020
30,30042,Forni di Sotto,557,93.5943,2020
30,30043,Gemona del Friuli,10634,56.0573,2020
30,30044,Gonars,4621,19.8169,2020
30,30045,Grimacco,305,16.1058,2020
30,30046,Latisana,13268,37.7963,2020
30,30047,Lauco,678,34.7578,2020
30,30048,Lestizza,3674,34.3383,2020
30,30049,Lignano Sabbiadoro,6870,15.7064,2020
30,30051,Lusevera,605,53.0467,2020
30,30052,Magnano in Riviera,2291,8.3404,2020
30,30053,Majano,5840,28.2752,2020
30,30054,Malborghetto Valbruna,909,124.211,2020
30,30055,Manzano,6316,31.0425,2020
30,30056,Marano Lagunare,1742,85.8033,2020
30,30057,Martignacco,6898,26.677,2020
30,30058,Mereto di Tomba,2536,27.2869,2020
30,30059,Moggio Udinese,1630,142.4341,2020
30,30060,Moimacco,1659,11.7658,2020
30,30061,Montenars,495,20.5915,2020
30,30062,Mortegliano,4850,30.0528,2020
30,30063,Moruzzo,2434,17.776,2020
30,30064,Muzzana del Turgnano,2400,24.2909,2020
30,30065,Nimis,2586,33.8948,2020
30,30066,Osoppo,2826,22.404,2020
30,30067,Ovaro,1791,57.9039,2020
30,30068,Pagnacco,5152,14.9331,2020
30,30069,Palazzolo dello Stella,2881,34.55,2020
30,30070,Palmanova,5376,13.2774,2020
30,30071,Paluzza,2003,69.7487,2020
30,30072,Pasian di Prato,9299,15.414,2020
30,30073,Paularo,2382,84.2423,2020
30,30074,Pavia di Udine,5527,34.336,2020
30,30075,Pocenia,2399,23.9831,2020
30,30076,Pontebba,1345,99.6625,2020
30,30077,Porpetto,2480,18.0541,2020
30,30078,Povoletto,5410,38.4131,2020
30,30079,Pozzuolo del Friuli,6893,34.3697,2020
30,30080,Pradamano,3554,15.9086,2020
30,30081,Prato Carnico,870,81.7207,2020
30,30082,Precenicco,1450,27.2302,2020
30,30083,Premariacco,4015,39.885,2020
30,30084,Preone,260,22.4728,2020
30,30085,Prepotto,729,33.2345,2020
30,30086,Pulfero,849,48.676,2020
30,30087,Ragogna,2810,22.0271,2020
30,30088,Ravascletto,497,26.4796,2020
30,30089,Raveo,444,12.5973,2020
30,30090,Reana del Rojale,4790,20.332,2020
30,30091,Remanzacco,6110,30.9872,2020
30,30092,Resia,937,119.3121,2020
30,30093,Resiutta,272,20.3611,2020
30,30094,Rigolato,385,30.7703,2020
30,30095,Rive d'Arcano,2380,22.5658,2020
30,30097,Ronchis,1948,18.3968,2020
30,30098,Ruda,2817,19.4636,2020
30,30099,San Daniele del Friuli,7923,34.7795,2020
30,30100,San Giorgio di Nogaro,7375,25.9373,2020
30,30101,San Giovanni al Natisone,6101,24.0601,2020
30,30102,San Leonardo,1047,26.9138,2020
30,30103,San Pietro al Natisone,2129,23.9685,2020
30,30104,Santa Maria la Longa,2313,19.6031,2020
30,30105,San Vito al Torre,1219,11.9224,2020
30,30106,San Vito di Fagagna,1690,8.5705,2020
30,30107,Sauris,393,41.4911,2020
30,30108,Savogna,351,22.1649,2020
30,30109,Sedegliano,3681,50.422,2020
30,30110,Socchieve,866,66.1145,2020
30,30111,Stregna,317,19.6913,2020
30,30112,Sutrio,1237,20.7456,2020
30,30113,Taipana,554,65.4414,2020
30,30114,Talmassons,3900,43.0497,2020
30,30116,Tarcento,8830,35.4193,2020
30,30117,Tarvisio,4102,208.3559,2020
30,30118,Tavagnacco,14780,15.3441,2020
30,30120,Terzo d'Aquileia,2760,28.3598,2020
30,30121,Tolmezzo,9998,64.6226,2020
30,30122,Torreano,2059,34.9904,2020
30,30123,Torviscosa,2677,48.6221,2020
30,30124,Trasaghis,2116,77.8492,2020
30,30126,Treppo Grande,1686,11.3221,2020
30,30127,Tricesimo,7604,17.683,2020
30,30128,Trivignano Udinese,1586,18.4599,2020
30,30129,Udine,98156,57.1924,2020
30,30130,Varmo,2663,34.9183,2020
30,30131,Venzone,1976,54.5509,2020
30,30132,Verzegnis,845,39.3306,2020
30,30133,Villa Santina,2166,12.9947,2020
30,30135,Visco,816,3.5386,2020
30,30136,Zuglio,562,18.2113,2020
30,30137,Forgaria nel Friuli,1714,28.9391,2020
30,30138,Campolongo Tapogliano,1130,11.0193,2020
30,30188,Rivignano Teor,6174,47.7536,2020
30,30189,Sappada,1305,62.0628,2020
30,30190,Fiumicello Villa Vicentina,6275,28.7989,2020
30,30191,Treppo Ligosullo,702,35.5839,2020
31,31001,Capriva del Friuli,1622,6.32,2020
31,31002,Cormons,7250,35.085,2020
31,31003,Doberdò del Lago-Doberdob,1340,27.0526,2020
31,31004,Dolegna del Collio,325,12.8765,2020
31,31005,Farra d'Isonzo,1698,10.251,2020
31,31006,Fogliano Redipuglia,2977,7.9241,2020
31,31007,Gorizia,34087,41.2626,2020
31,31008,Gradisca d'Isonzo,6373,11.22,2020
31,31009,Grado,7959,119.5156,2020
31,31010,Mariano del Friuli,1475,8.5915,2020
31,31011,Medea,965,7.3593,2020
31,31012,Monfalcone,29233,20.6446,2020
31,31013,Moraro,693,3.5654,2020
31,31014,Mossa,1525,6.2051,2020
31,31015,Romans d'Isonzo,3706,15.4983,2020
31,31016,Ronchi dei Legionari,11851,17.1084,2020
31,31017,Sagrado,2155,13.9395,2020
31,31018,San Canzian d'Isonzo,6110,33.8903,2020
31,31019,San Floriano del Collio-Števerjan,747,10.6311,2020
31,31020,San Lorenzo Isontino,1518,4.4013,2020
31,31021,San Pier d'Isonzo,1977,9.028,2020
31,31022,Savogna d'Isonzo-Sovodnje ob Soči,1740,16.9815,2020
31,31023,Staranzano,7266,18.8163,2020
31,31024,Turriaco,2808,5.1749,2020
31,31025,Villesse,1670,12.0535,2020
32,32001,Duino Aurisina-Devin Nabrežina,8373,45.3135,2020
32,32002,Monrupino-Repentabor,857,12.6103,2020
32,32003,Muggia,12966,13.8518,2020
32,32004,San Dorligo della Valle-Dolina,5832,24.2218,2020
32,32005,Sgonico-Zgonik,2052,31.4024,2020
32,32006,Trieste,200609,85.1039,2020
33,33001,Agazzano,1972,36.145,2020
33,33002,Alseno,4673,55.2695,2020
33,33003,Besenzone,946,23.9471,2020
33,33004,Bettola,2612,122.3705,2020
33,33005,Bobbio,3487,106.5214,2020
33,33006,Borgonovo Val Tidone,7989,51.2167,2020
33,33007,Cadeo,5911,38.4792,2020
33,33008,Calendasco,2407,36.9357,2020
33,33010,Caorso,4740,40.9806,2020
33,33011,Carpaneto Piacentino,7640,63.0763,2020
33,33012,Castell'Arquato,4548,52.7485,2020
33,33013,Castel San Giovanni,13813,44.0397,2020
33,33014,Castelvetro Piacentino,5223,35.0518,2020
33,33015,Cerignale,119,30.818,2020
33,33016,Coli,853,71.6896,2020
33,33017,Corte Brugnatella,552,46.3089,2020
33,33018,Cortemaggiore,4614,36.4718,2020
33,33019,Farini,1078,112.3548,2020
33,33020,Ferriere,1137,178.4949,2020
33,33021,Fiorenzuola d'Arda,14947,59.769,2020
33,33022,Gazzola,2104,44.4768,2020
33,33023,Gossolengo,5666,31.0994,2020
33,33024,Gragnano Trebbiense,4491,34.612,2020
33,33025,Gropparello,2144,56.33,2020
33,33026,Lugagnano Val d'Arda,3857,54.3974,2020
33,33027,Monticelli d'Ongina,5118,46.3298,2020
33,33028,Morfasso,926,83.9336,2020
33,33030,Ottone,468,98.9494,2020
33,33032,Piacenza,102731,118.2281,2020
33,33033,Pianello Val Tidone,2173,36.2849,2020
33,33034,Piozzano,594,43.6068,2020
33,33035,Podenzano,9138,44.3354,2020
33,33036,Ponte dell'Olio,4573,43.9148,2020
33,33037,Pontenure,6512,33.8481,2020
33,33038,Rivergaro,7012,43.8291,2020
33,33039,Rottofreno,12211,35.1646,2020
33,33040,San Giorgio Piacentino,5600,49.194,2020
33,33041,San Pietro in Cerro,808,27.3456,2020
33,33042,Sarmato,2896,27.2585,2020
33,33043,Travo,2110,81.0121,2020
33,33044,Vernasca,2017,72.5658,2020
33,33045,Vigolzone,4193,42.0366,2020
33,33046,Villanova sull'Arda,1681,36.5647,2020
33,33047,Zerba,70,24.127,2020
33,33048,Ziano Piacentino,2451,32.7755,2020
33,33049,Alta Val Tidone,2937,100.8556,2020
34,34001,Albareto,2101,104.1033,2020
34,34002,Bardi,2044,189.894,2020
34,34003,Bedonia,3200,169.5556,2020
34,34004,Berceto,1988,131.7046,2020
34,34005,Bore,676,43.0043,2020
34,34006,Borgo Val di Taro,6715,151.4879,2020
34,34007,Busseto,6827,76.5911,2020
34,34008,Calestano,2049,57.3542,2020
34,34009,Collecchio,14634,58.831,2020
34,34010,Colorno,9008,48.4061,2020
34,34011,Compiano,1061,37.532,2020
34,34012,Corniglio,1755,165.6975,2020
34,34013,Felino,9151,38.3458,2020
34,34014,Fidenza,26987,95.1166,2020
34,34015,Fontanellato,7013,53.9754,2020
34,34016,Fontevivo,5624,26.0045,2020
34,34017,Fornovo di Taro,5906,57.5224,2020
34,34018,Langhirano,10599,70.8424,2020
34,34019,Lesignano de' Bagni,5033,47.485,2020
34,34020,Medesano,10703,88.7682,2020
34,34022,Monchio delle Corti,843,69.0416,2020
34,34023,Montechiarugolo,11077,48.2015,2020
34,34024,Neviano degli Arduini,3466,105.9563,2020
34,34025,Noceto,13138,79.1728,2020
34,34026,Palanzano,1060,69.8016,2020
34,34027,Parma,195998,260.5979,2020
34,34028,Pellegrino Parmense,955,82.0786,2020
34,34030,Roccabianca,2878,40.459,2020
34,34031,Sala Baganza,5757,30.7549,2020
34,34032,Salsomaggiore Terme,19819,81.4989,2020
34,34033,San Secondo Parmense,5767,37.7094,2020
34,34035,Solignano,1722,73.1352,2020
34,34036,Soragna,4790,45.3863,2020
34,34038,Terenzo,1172,72.6961,2020
34,34039,Tizzano Val Parma,2122,78.3864,2020
34,34040,Tornolo,894,67.4779,2020
34,34041,Torrile,7702,37.147,2020
34,34042,Traversetolo,9556,54.8602,2020
34,34044,Valmozzola,513,67.6414,2020
34,34045,Varano de' Melegari,2617,64.9214,2020
34,34046,Varsi,1157,80.0644,2020
34,34049,Sissa Trecasali,7729,72.7144,2020
34,34050,Polesine Zibello,3139,48.5037,2020
34,34051,Sorbolo Mezzani,12683,66.9713,2020
35,35001,Albinea,8743,43.8883,2020
35,35002,Bagnolo in Piano,9628,26.9392,2020
35,35003,Baiso,3209,75.553,2020
35,35004,Bibbiano,10140,28.1622,2020
35,35005,Boretto,5311,18.0943,2020
35,35006,Brescello,5675,24.0376,2020
35,35008,Cadelbosco di Sopra,10704,43.5957,2020
35,35009,Campagnola Emilia,5635,24.3929,2020
35,35010,Campegine,5292,22.6234,2020
35,35011,Carpineti,3877,89.567,2020
35,35012,Casalgrande,18946,37.7068,2020
35,35013,Casina,4455,63.8037,2020
35,35014,Castellarano,15364,58.058,2020
35,35015,Castelnovo di Sotto,8415,35.0143,2020
35,35016,Castelnovo ne' Monti,10360,96.6802,2020
35,35017,Cavriago,9828,16.9945,2020
35,35018,Canossa,3676,53.0823,2020
35,35020,Correggio,24966,77.5093,2020
35,35021,Fabbrico,6618,23.6332,2020
35,35022,Gattatico,5715,42.1447,2020
35,35023,Gualtieri,6317,35.6438,2020
35,35024,Guastalla,14746,52.9206,2020
35,35026,Luzzara,8520,38.5245,2020
35,35027,Montecchio Emilia,10433,24.3868,2020
35,35028,Novellara,13368,58.1064,2020
35,35029,Poviglio,7176,43.5507,2020
35,35030,Quattro Castella,13115,46.3056,2020
35,35032,Reggiolo,9072,42.6623,2020
35,35033,Reggio nell'Emilia,170601,230.6805,2020
35,35034,Rio Saliceto,5962,22.5618,2020
35,35035,Rolo,4021,14.1703,2020
35,35036,Rubiera,14869,25.1941,2020
35,35037,San Martino in Rio,8219,22.7176,2020
35,35038,San Polo d'Enza,6173,32.2932,2020
35,35039,Sant'Ilario d'Enza,11159,20.2331,2020
35,35040,Scandiano,25672,50.0478,2020
35,35041,Toano,4195,67.2538,2020
35,35042,Vetto,1801,53.3728,2020
35,35043,Vezzano sul Crostolo,4323,37.8178,2020
35,35044,Viano,3309,44.9712,2020
35,35045,Villa Minozzo,3540,168.0773,2020
35,35046,Ventasso,3992,258.1724,2020
36,36001,Bastiglia,4134,10.4662,2020
36,36002,Bomporto,10142,38.8735,2020
36,36003,Campogalliano,8605,35.6891,2020
36,36004,Camposanto,3192,22.7072,2020
36,36005,Carpi,71730,131.5407,2020
36,36006,Castelfranco Emilia,32908,102.5111,2020
36,36007,Castelnuovo Rangone,15081,22.4407,2020
36,36008,Castelvetro di Modena,11284,49.783,2020
36,36009,Cavezzo,6960,26.7719,2020
36,36010,Concordia sulla Secchia,8162,40.9448,2020
36,36011,Fanano,2951,89.9056,2020
36,36012,Finale Emilia,15047,105.1257,2020
36,36013,Fiorano Modenese,16988,26.2317,2020
36,36014,Fiumalbo,1196,39.1349,2020
36,36015,Formigine,34541,46.7584,2020
36,36016,Frassinoro,1801,95.4568,2020
36,36017,Guiglia,4003,48.296,2020
36,36018,Lama Mocogno,2656,63.907,2020
36,36019,Maranello,17379,32.5808,2020
36,36020,Marano sul Panaro,5297,45.4654,2020
36,36021,Medolla,6301,26.9959,2020
36,36022,Mirandola,24103,137.0459,2020
36,36023,Modena,186414,183.173,2020
36,36024,Montecreto,914,31.2213,2020
36,36025,Montefiorino,2084,45.277,2020
36,36026,Montese,3208,81.0046,2020
36,36027,Nonantola,16010,55.32,2020
36,36028,Novi di Modena,9983,51.808,2020
36,36029,Palagano,2073,60.411,2020
36,36030,Pavullo nel Frignano,17979,143.7304,2020
36,36031,Pievepelago,2185,76.5344,2020
36,36032,Polinago,1580,53.7389,2020
36,36033,Prignano sulla Secchia,3753,79.6652,2020
36,36034,Ravarino,6194,28.5303,2020
36,36035,Riolunato,676,44.9129,2020
36,36036,San Cesario sul Panaro,6533,27.3097,2020
36,36037,San Felice sul Panaro,10741,51.6636,2020
36,36038,San Possidonio,3471,17.0582,2020
36,36039,San Prospero,5975,34.557,2020
36,36040,Sassuolo,40722,38.4032,2020
36,36041,Savignano sul Panaro,9289,25.554,2020
36,36042,Serramazzoni,8404,93.9602,2020
36,36043,Sestola,2435,52.4711,2020
36,36044,Soliera,15474,50.9283,2020
36,36045,Spilamberto,12845,29.7918,2020
36,36046,Vignola,25726,22.8613,2020
36,36047,Zocca,4567,69.3646,2020
237,37001,Anzola dell'Emilia,12353,36.5961,2020
237,37002,Argelato,9741,35.1033,2020
237,37003,Baricella,7074,45.4839,2020
237,37005,Bentivoglio,5801,51.1055,2020
237,37006,Bologna,391686,140.8566,2020
237,37007,Borgo Tossignano,3228,29.2729,2020
237,37008,Budrio,18368,120.1849,2020
237,37009,Calderara di Reno,13479,40.7517,2020
237,37010,Camugnano,1800,96.5976,2020
237,37011,Casalecchio di Reno,36052,17.3334,2020
237,37012,Casalfiumanese,3373,82.0283,2020
237,37013,Castel d'Aiano,1857,45.2605,2020
237,37014,Castel del Rio,1189,52.5914,2020
237,37015,Castel di Casio,3307,47.3257,2020
237,37016,Castel Guelfo di Bologna,4529,28.6088,2020
237,37017,Castello d'Argile,6554,29.0706,2020
237,37019,Castel Maggiore,18631,30.9004,2020
237,37020,Castel San Pietro Terme,20786,148.4147,2020
237,37021,Castenaso,15870,35.7333,2020
237,37022,Castiglione dei Pepoli,5418,65.7611,2020
237,37024,Crevalcore,13675,102.7526,2020
237,37025,Dozza,6609,24.2317,2020
237,37026,Fontanelice,1945,36.5572,2020
237,37027,Gaggio Montano,4810,58.6697,2020
237,37028,Galliera,5504,37.1536,2020
237,37030,Granarolo dell'Emilia,12471,34.3693,2020
237,37031,Grizzana Morandi,3882,77.4024,2020
237,37032,Imola,69855,205.0213,2020
237,37033,Lizzano in Belvedere,2161,85.447,2020
237,37034,Loiano,4328,52.4056,2020
237,37035,Malalbergo,9085,53.8163,2020
237,37036,Marzabotto,6731,74.5263,2020
237,37037,Medicina,16599,159.1056,2020
237,37038,Minerbio,8941,43.0663,2020
237,37039,Molinella,15648,127.8402,2020
237,37040,Monghidoro,3699,48.2812,2020
237,37041,Monterenzio,6105,105.2554,2020
237,37042,Monte San Pietro,10695,74.6857,2020
237,37044,Monzuno,6346,65.0081,2020
237,37045,Mordano,4613,21.4513,2020
237,37046,Ozzano dell'Emilia,13927,64.9471,2020
237,37047,Pianoro,17472,107.129,2020
237,37048,Pieve di Cento,7132,15.9368,2020
237,37050,Sala Bolognese,8478,45.6367,2020
237,37051,San Benedetto Val di Sambro,4203,66.4675,2020
237,37052,San Giorgio di Piano,9048,30.4326,2020
237,37053,San Giovanni in Persiceto,28048,114.4106,2020
237,37054,San Lazzaro di Savena,32665,44.7241,2020
237,37055,San Pietro in Casale,12678,65.8561,2020
237,37056,Sant'Agata Bolognese,7339,34.7917,2020
237,37057,Sasso Marconi,14761,96.4485,2020
237,37059,Vergato,7608,59.9401,2020
237,37060,Zola Predosa,19113,37.7472,2020
237,37061,Valsamoggia,31503,178.1313,2020
237,37062,Alto Reno Terme,6835,73.6224,2020
38,38001,Argenta,21140,311.663,2020
38,38003,Bondeno,13905,174.753,2020
38,38004,Cento,35107,64.7415,2020
38,38005,Codigoro,11297,169.2711,2020
38,38006,Comacchio,22081,283.7461,2020
38,38007,Copparo,15874,157.0042,2020
38,38008,Ferrara,131669,405.1396,2020
38,38010,Jolanda di Savoia,2686,108.3382,2020
38,38011,Lagosanto,4760,34.4368,2020
38,38012,Masi Torello,2332,22.7071,2020
38,38014,Mesola,6549,84.2986,2020
38,38017,Ostellato,5769,173.3408,2020
38,38018,Poggio Renatico,9787,80.2322,2020
38,38019,Portomaggiore,11506,126.6429,2020
38,38022,Vigarano Mainarda,7590,42.0182,2020
38,38023,Voghiera,3646,40.3268,2020
38,38025,Goro,3588,26.6198,2020
38,38027,Fiscaglia,8493,116.1817,2020
38,38028,Terre del Reno,9826,51.0347,2020
38,38029,Riva del Po,7573,111.8218,2020
38,38030,Tresignana,6883,43.0586,2020
39,39001,Alfonsine,11626,106.7905,2020
39,39002,Bagnacavallo,16402,79.5793,2020
39,39003,Bagnara di Romagna,2414,9.9578,2020
39,39004,Brisighella,7244,194.319,2020
39,39005,Casola Valsenio,2502,84.4135,2020
39,39006,Castel Bolognese,9549,32.3734,2020
39,39007,Cervia,28774,82.2725,2020
39,39008,Conselice,9554,60.1994,2020
39,39009,Cotignola,7329,35.139,2020
39,39010,Faenza,59063,215.7569,2020
39,39011,Fusignano,8082,24.5496,2020
39,39012,Lugo,31934,117.0548,2020
39,39013,Massa Lombarda,10501,37.2479,2020
39,39014,Ravenna,156463,653.8119,2020
39,39015,Riolo Terme,5699,44.2582,2020
39,39016,Russi,12136,46.2594,2020
39,39017,Sant'Agata sul Santerno,2898,9.3707,2020
39,39018,Solarolo,4473,26.0383,2020
40,40001,Bagno di Romagna,5621,233.5005,2020
40,40003,Bertinoro,11016,57.2533,2020
40,40004,Borghi,2878,30.2325,2020
40,40005,Castrocaro Terme e Terra del Sole,6264,38.9501,2020
40,40007,Cesena,96520,249.4614,2020
40,40008,Cesenatico,25992,45.1634,2020
40,40009,Civitella di Romagna,3701,117.929,2020
40,40011,Dovadola,1567,38.9702,2020
40,40012,Forlì,117407,228.1972,2020
40,40013,Forlimpopoli,13099,24.4588,2020
40,40014,Galeata,2385,63.1294,2020
40,40015,Gambettola,10661,7.7713,2020
40,40016,Gatteo,9289,14.138,2020
40,40018,Longiano,7219,23.576,2020
40,40019,Meldola,9910,79.0775,2020
40,40020,Mercato Saraceno,6821,99.3304,2020
40,40022,Modigliana,4357,101.1628,2020
40,40028,Montiano,1704,9.2571,2020
40,40031,Portico e San Benedetto,745,61.0511,2020
40,40032,Predappio,6183,91.3883,2020
40,40033,Premilcuore,716,98.5567,2020
40,40036,Rocca San Casciano,1766,50.558,2020
40,40037,Roncofreddo,3416,51.526,2020
40,40041,San Mauro Pascoli,12184,17.2873,2020
40,40043,Santa Sofia,4053,148.8602,2020
40,40044,Sarsina,3301,100.7182,2020
40,40045,Savignano sul Rubicone,17858,23.3027,2020
40,40046,Sogliano al Rubicone,3117,93.4291,2020
40,40049,Tredozio,1142,62.1988,2020
40,40050,Verghereto,1750,117.8823,2020
41,41001,Acqualagna,4240,50.6846,2020
41,41002,Apecchio,1749,103.1077,2020
41,41005,Belforte all'Isauro,750,12.2898,2020
41,41006,Borgo Pace,540,56.2216,2020
41,41007,Cagli,8072,226.4575,2020
41,41008,Cantiano,2021,83.2457,2020
41,41009,Carpegna,1608,28.9389,2020
41,41010,Cartoceto,7974,23.2029,2020
41,41013,Fano,60136,120.3167,2020
41,41014,Fermignano,8290,43.7022,2020
41,41015,Fossombrone,9123,106.8757,2020
41,41016,Fratte Rosa,882,15.63,2020
41,41017,Frontino,291,10.3673,2020
41,41018,Frontone,1222,36.0741,2020
41,41019,Gabicce Mare,5597,4.9349,2020
41,41020,Gradara,4881,17.5257,2020
41,41021,Isola del Piano,556,23.3024,2020
41,41022,Lunano,1465,15.0143,2020
41,41023,Macerata Feltria,1904,40.0743,2020
41,41025,Mercatello sul Metauro,1298,68.3532,2020
41,41026,Mercatino Conca,1008,13.9454,2020
41,41027,Mombaroccio,2042,28.2059,2020
41,41028,Mondavio,3663,29.6355,2020
41,41029,Mondolfo,14307,24.3413,2020
41,41030,Montecalvo in Foglia,2723,18.247,2020
41,41031,Monte Cerignone,636,18.2355,2020
41,41033,Montecopiolo,1064,35.8116,2020
41,41034,Montefelcino,2517,39.0064,2020
41,41035,Monte Grimano Terme,1075,23.9678,2020
41,41036,Montelabbate,6933,19.565,2020
41,41038,Monte Porzio,2801,18.2874,2020
41,41041,Peglio,651,21.3607,2020
41,41043,Pergola,5849,112.3954,2020
41,41044,Pesaro,95950,152.8116,2020
41,41045,Petriano,2768,11.2713,2020
41,41047,Piandimeleto,2054,39.9011,2020
41,41048,Pietrarubbia,610,13.2885,2020
41,41049,Piobbico,1839,48.1975,2020
41,41051,San Costanzo,4583,40.886,2020
41,41054,San Lorenzo in Campo,3176,28.798,2020
41,41057,Sant'Angelo in Vado,3919,67.3367,2020
41,41058,Sant'Ippolito,1463,19.8757,2020
41,41060,Sassofeltrio,1352,21.0784,2020
41,41061,Serra Sant'Abbondio,944,32.8009,2020
41,41064,Tavoleto,852,12.4065,2020
41,41065,Tavullia,7878,42.0639,2020
41,41066,Urbania,6886,77.5329,2020
41,41067,Urbino,14007,226.4923,2020
41,41068,Vallefoglia,14908,39.5691,2020
41,41069,Colli al Metauro,12202,46.1679,2020
41,41070,Terre Roveresche,5143,70.3655,2020
41,41071,Sassocorvaro Auditore,4870,87.5458,2020
42,42001,Agugliano,4747,21.8901,2020
42,42002,Ancona,99273,124.8683,2020
42,42003,Arcevia,4272,128.331,2020
42,42004,Barbara,1281,11.0386,2020
42,42005,Belvedere Ostrense,2133,29.4501,2020
42,42006,Camerano,7160,20.0041,2020
42,42007,Camerata Picena,2525,11.8916,2020
42,42008,Castelbellino,4956,6.0471,2020
42,42010,Castelfidardo,18517,33.3901,2020
42,42011,Castelleone di Suasa,1597,15.9198,2020
42,42012,Castelplanio,3465,15.3181,2020
42,42013,Cerreto d'Esi,3486,16.9129,2020
42,42014,Chiaravalle,14389,17.602,2020
42,42015,Corinaldo,4848,49.2789,2020
42,42016,Cupramontana,4418,27.4029,2020
42,42017,Fabriano,29484,272.0776,2020
42,42018,Falconara Marittima,25727,25.8148,2020
42,42019,Filottrano,9034,71.2015,2020
42,42020,Genga,1679,73.1543,2020
42,42021,Jesi,39440,108.9032,2020
42,42022,Loreto,12825,17.8954,2020
42,42023,Maiolati Spontini,6150,21.4923,2020
42,42024,Mergo,991,7.2775,2020
42,42025,Monsano,3299,14.6644,2020
42,42026,Montecarotto,1845,24.3854,2020
42,42027,Montemarciano,9896,22.3106,2020
42,42029,Monte Roberto,3052,13.5694,2020
42,42030,Monte San Vito,6744,21.8135,2020
42,42031,Morro d'Alba,1813,19.4605,2020
42,42032,Numana,3741,10.9349,2020
42,42033,Offagna,2051,10.6305,2020
42,42034,Osimo,34826,106.7377,2020
42,42035,Ostra,6464,47.2517,2020
42,42036,Ostra Vetere,3125,30.0164,2020
42,42037,Poggio San Marcello,648,13.3629,2020
42,42038,Polverigi,4584,24.9832,2020
42,42040,Rosora,1890,9.4061,2020
42,42041,San Marcello,1983,25.7778,2020
42,42042,San Paolo di Jesi,920,10.1118,2020
42,42043,Santa Maria Nuova,4048,18.2869,2020
42,42044,Sassoferrato,6876,137.2273,2020
42,42045,Senigallia,44323,117.7689,2020
42,42046,Serra de' Conti,3650,24.543,2020
42,42047,Serra San Quirico,2596,49.333,2020
42,42048,Sirolo,4069,16.6769,2020
42,42049,Staffolo,2112,27.4964,2020
42,42050,Trecastelli,7467,39.3019,2020
43,43002,Apiro,2073,53.7792,2020
43,43003,Appignano,4065,22.6722,2020
43,43004,Belforte del Chienti,1827,16.0545,2020
43,43005,Bolognola,153,25.8647,2020
43,43006,Caldarola,1684,29.2218,2020
43,43007,Camerino,6312,129.8821,2020
43,43008,Camporotondo di Fiastrone,511,8.8058,2020
43,43009,Castelraimondo,4364,44.8463,2020
43,43010,Castelsantangelo sul Nera,241,70.6713,2020
43,43011,Cessapalombo,443,27.5803,2020
43,43012,Cingoli,9797,148.1969,2020
43,43013,Civitanova Marche,41894,46.0658,2020
43,43014,Colmurano,1190,11.1987,2020
43,43015,Corridonia,14941,61.9643,2020
43,43016,Esanatoglia,1917,47.909,2020
43,43017,Fiastra,642,84.4799,2020
43,43019,Fiuminata,1288,76.2168,2020
43,43020,Gagliole,538,24.0501,2020
43,43021,Gualdo,736,22.2234,2020
43,43022,Loro Piceno,2203,32.5783,2020
43,43023,Macerata,41079,92.5263,2020
43,43024,Matelica,9364,81.1,2020
43,43025,Mogliano,4407,29.2582,2020
43,43026,Montecassiano,6961,33.3569,2020
43,43027,Monte Cavallo,108,38.5079,2020
43,43028,Montecosaro,7384,21.8779,2020
43,43029,Montefano,3315,33.9412,2020
43,43030,Montelupone,3436,32.6715,2020
43,43031,Monte San Giusto,7543,20.0369,2020
43,43032,Monte San Martino,697,18.4669,2020
43,43033,Morrovalle,9979,42.5803,2020
43,43034,Muccia,849,25.9085,2020
43,43035,Penna San Giovanni,992,28.0835,2020
43,43036,Petriolo,1868,15.6459,2020
43,43038,Pieve Torina,1284,74.7979,2020
43,43039,Pioraco,1001,19.4522,2020
43,43040,Poggio San Vicino,221,13.0308,2020
43,43041,Pollenza,6350,39.5473,2020
43,43042,Porto Recanati,12163,17.2489,2020
43,43043,Potenza Picena,15652,48.5522,2020
43,43044,Recanati,20865,103.4588,2020
43,43045,Ripe San Ginesio,819,10.1694,2020
43,43046,San Ginesio,3149,78.0195,2020
43,43047,San Severino Marche,12009,194.2547,2020
43,43048,Sant'Angelo in Pontano,1285,27.3837,2020
43,43049,Sarnano,3080,63.1659,2020
43,43050,Sefro,416,42.537,2020
43,43051,Serrapetrona,910,37.6468,2020
43,43052,Serravalle di Chienti,1031,95.9871,2020
43,43053,Tolentino,18498,95.1181,2020
43,43054,Treia,9123,93.5356,2020
43,43055,Urbisaglia,2448,22.8633,2020
43,43056,Ussita,381,55.2948,2020
43,43057,Visso,1005,100.4148,2020
43,43058,Valfornace,919,48.6127,2020
44,44001,Acquasanta Terme,2575,138.3914,2020
44,44002,Acquaviva Picena,3668,21.0624,2020
44,44005,Appignano del Tronto,1708,23.1943,2020
44,44006,Arquata del Tronto,1040,92.1821,2020
44,44007,Ascoli Piceno,46554,158.0203,2020
44,44010,Carassai,985,22.2382,2020
44,44011,Castel di Lama,8458,10.9762,2020
44,44012,Castignano,2639,38.7952,2020
44,44013,Castorano,2270,14.0833,2020
44,44014,Colli del Tronto,3655,5.939,2020
44,44015,Comunanza,2981,54.3954,2020
44,44016,Cossignano,872,14.9507,2020
44,44017,Cupra Marittima,5355,17.3366,2020
44,44020,Folignano,8916,14.8568,2020
44,44021,Force,1175,34.3072,2020
44,44023,Grottammare,15960,17.9947,2020
44,44027,Maltignano,2305,8.1726,2020
44,44029,Massignano,1651,16.3038,2020
44,44031,Monsampolo del Tronto,4486,15.4334,2020
44,44032,Montalto delle Marche,1964,33.94,2020
44,44034,Montedinove,479,11.9333,2020
44,44036,Montefiore dell'Aso,1991,28.2074,2020
44,44038,Montegallo,463,48.4639,2020
44,44044,Montemonaco,546,67.7926,2020
44,44045,Monteprandone,12820,26.3736,2020
44,44054,Offida,4770,49.6025,2020
44,44056,Palmiano,165,12.6977,2020
44,44063,Ripatransone,4061,74.2773,2020
44,44064,Roccafluvione,1926,60.6319,2020
44,44065,Rotella,834,27.4373,2020
44,44066,San Benedetto del Tronto,46976,25.4053,2020
44,44071,Spinetoli,7248,12.5824,2020
44,44073,Venarotta,1929,30.2096,2020
45,45001,Aulla,10781,59.9874,2020
45,45002,Bagnone,1735,73.9351,2020
45,45003,Carrara,60833,71.2778,2020
45,45004,Casola in Lunigiana,988,41.5412,2020
45,45005,Comano,672,53.8314,2020
45,45006,Filattiera,2209,48.7783,2020
45,45007,Fivizzano,7300,181.1155,2020
45,45008,Fosdinovo,4629,48.3949,2020
45,45009,Licciana Nardi,4804,55.6777,2020
45,45010,Massa,66977,93.8397,2020
45,45011,Montignoso,10050,16.7091,2020
45,45012,Mulazzo,2293,62.5051,2020
45,45013,Podenzana,2106,17.1035,2020
45,45014,Pontremoli,6950,182.5158,2020
45,45015,Tresana,1925,44.4507,2020
45,45016,Villafranca in Lunigiana,4592,29.3197,2020
45,45017,Zeri,992,73.6187,2020
46,46001,Altopascio,15619,28.5991,2020
46,46002,Bagni di Lucca,5629,164.7064,2020
46,46003,Barga,9574,66.4641,2020
46,46004,Borgo a Mozzano,6719,72.2028,2020
46,46005,Camaiore,31761,85.4275,2020
46,46006,Camporgiano,2062,27.0912,2020
46,46007,Capannori,46389,156.1777,2020
46,46008,Careggine,522,24.081,2020
46,46009,Castelnuovo di Garfagnana,5685,28.4824,2020
46,46010,Castiglione di Garfagnana,1700,48.5253,2020
46,46011,Coreglia Antelminelli,5161,52.9404,2020
46,46013,Forte dei Marmi,7217,9.1872,2020
46,46014,Fosciandora,567,19.8594,2020
46,46015,Gallicano,3580,31.0403,2020
46,46017,Lucca,89378,185.7334,2020
46,46018,Massarosa,21951,68.2379,2020
46,46019,Minucciano,1853,57.2823,2020
46,46020,Molazzana,1018,31.3297,2020
46,46021,Montecarlo,4353,15.63,2020
46,46022,Pescaglia,3342,70.5479,2020
46,46023,Piazza al Serchio,2178,27.0295,2020
46,46024,Pietrasanta,23121,42.1153,2020
46,46025,Pieve Fosciana,2318,28.7546,2020
46,46026,Porcari,8830,17.8894,2020
46,46027,San Romano in Garfagnana,1368,26.1567,2020
46,46028,Seravezza,12556,39.4678,2020
46,46030,Stazzema,2898,80.1265,2020
46,46031,Vagli Sotto,865,41.2192,2020
46,46033,Viareggio,61251,32.5275,2020
46,46034,Villa Basilica,1494,36.5731,2020
46,46035,Villa Collemandina,1241,34.79,2020
46,46036,Fabbriche di Vergemoli,751,42.5469,2020
46,46037,Sillano Giuncugnano,1006,81.2949,2020
47,47002,Agliana,18112,11.6792,2020
47,47003,Buggiano,8768,16.0642,2020
47,47005,Lamporecchio,7372,22.2518,2020
47,47006,Larciano,6279,24.9667,2020
47,47007,Marliana,3130,43.0435,2020
47,47008,Massa e Cozzile,7707,16.0119,2020
47,47009,Monsummano Terme,20899,32.6232,2020
47,47010,Montale,10757,32.1174,2020
47,47011,Montecatini-Terme,20452,17.6864,2020
47,47012,Pescia,19250,79.1246,2020
47,47013,Pieve a Nievole,9167,12.6668,2020
47,47014,Pistoia,89729,236.3969,2020
47,47016,Ponte Buggianese,8792,29.5227,2020
47,47017,Quarrata,26924,45.9127,2020
47,47018,Sambuca Pistoiese,1444,77.2396,2020
47,47020,Serravalle Pistoiese,11664,42.0349,2020
47,47021,Uzzano,5612,7.8501,2020
47,47022,Chiesina Uzzanese,4505,7.251,2020
47,47023,Abetone Cutigliano,1973,74.9918,2020
47,47024,San Marcello Piteglio,7709,134.7274,2020
248,48001,Bagno a Ripoli,25323,74.0913,2020
248,48002,Barberino di Mugello,10870,133.3254,2020
248,48004,Borgo San Lorenzo,18207,146.3627,2020
248,48005,Calenzano,18420,76.9699,2020
248,48006,Campi Bisenzio,47871,28.7516,2020
248,48008,Capraia e Limite,7856,24.9167,2020
248,48010,Castelfiorentino,17437,66.3437,2020
248,48011,Cerreto Guidi,10932,49.305,2020
248,48012,Certaldo,15632,75.2749,2020
248,48013,Dicomano,5439,61.6319,2020
248,48014,Empoli,48674,62.4217,2020
248,48015,Fiesole,13845,42.1928,2020
248,48017,Firenze,368419,102.3156,2020
248,48018,Firenzuola,4499,271.9594,2020
248,48019,Fucecchio,22990,65.1757,2020
248,48020,Gambassi Terme,4792,83.2314,2020
248,48021,Greve in Chianti,13426,169.3743,2020
248,48022,Impruneta,14497,48.7144,2020
248,48024,Lastra a Signa,19814,42.8991,2020
248,48025,Londa,1833,59.2885,2020
248,48026,Marradi,2954,154.0525,2020
248,48027,Montaione,3505,104.7585,2020
248,48028,Montelupo Fiorentino,14269,24.6575,2020
248,48030,Montespertoli,13242,124.8777,2020
248,48031,Palazzuolo sul Senio,1111,109.1026,2020
248,48032,Pelago,7713,54.5602,2020
248,48033,Pontassieve,20477,114.3984,2020
248,48035,Reggello,16534,121.6458,2020
248,48036,Rignano sull'Arno,8615,54.1439,2020
248,48037,Rufina,7165,45.8797,2020
248,48038,San Casciano in Val di Pesa,16690,107.8317,2020
248,48039,San Godenzo,1067,99.1989,2020
248,48041,Scandicci,50460,59.6923,2020
248,48043,Sesto Fiorentino,49315,48.811,2020
248,48044,Signa,19211,18.8084,2020
248,48046,Vaglia,5187,56.9411,2020
248,48049,Vicchio,8056,138.861,2020
248,48050,Vinci,14744,54.1848,2020
248,48052,Figline e Incisa Valdarno,23316,97.9012,2020
248,48053,Scarperia e San Piero,12071,115.8099,2020
248,48054,Barberino Tavarnelle,11953,122.9905,2020
49,49001,Bibbona,3185,65.6114,2020
49,49002,Campiglia Marittima,12585,83.276,2020
49,49003,Campo nell'Elba,4710,55.7876,2020
49,49004,Capoliveri,3857,39.5606,2020
49,49005,Capraia Isola,391,19.3267,2020
49,49006,Castagneto Carducci,8792,142.3149,2020
49,49007,Cecina,27982,42.4945,2020
49,49008,Collesalvetti,16381,107.9895,2020
49,49009,Livorno,155370,104.7138,2020
49,49010,Marciana,2050,45.4509,2020
49,49011,Marciana Marina,1894,5.859,2020
49,49012,Piombino,32648,130.3251,2020
49,49013,Porto Azzurro,3704,13.3301,2020
49,49014,Portoferraio,11914,48.0293,2020
49,49017,Rosignano Marittimo,30138,120.6514,2020
49,49018,San Vincenzo,6573,33.1539,2020
49,49019,Sassetta,489,26.7469,2020
49,49020,Suvereto,2985,92.3809,2020
49,49021,Rio,3348,36.5182,2020
50,50001,Bientina,8544,29.4899,2020
50,50002,Buti,5538,23.0257,2020
50,50003,Calci,6372,25.1051,2020
50,50004,Calcinaia,12700,14.8907,2020
50,50005,Capannoli,6363,22.725,2020
50,50006,Casale Marittimo,1053,14.3589,2020
50,50008,Cascina,45005,78.6061,2020
50,50009,Castelfranco di Sotto,13419,48.2483,2020
50,50010,Castellina Marittima,1877,45.5735,2020
50,50011,Castelnuovo di Val di Cecina,2121,89.0162,2020
50,50012,Chianni,1318,61.9916,2020
50,50014,Fauglia,3647,42.4313,2020
50,50015,Guardistallo,1168,23.6101,2020
50,50016,Lajatico,1272,72.6651,2020
50,50019,Montecatini Val di Cecina,1683,154.9495,2020
50,50020,Montescudaio,2134,20.1518,2020
50,50021,Monteverdi Marittimo,747,98.0741,2020
50,50022,Montopoli in Val d'Arno,11060,30.1734,2020
50,50023,Orciano Pisano,629,11.6218,2020
50,50024,Palaia,4519,73.644,2020
50,50025,Peccioli,4649,92.5368,2020
50,50026,Pisa,89969,185.069,2020
50,50027,Pomarance,5473,227.8437,2020
50,50028,Ponsacco,15466,19.8828,2020
50,50029,Pontedera,29270,46.0346,2020
50,50030,Riparbella,1554,58.9604,2020
50,50031,San Giuliano Terme,30915,91.94,2020
50,50032,San Miniato,27785,102.5828,2020
50,50033,Santa Croce sull'Arno,14549,16.7885,2020
50,50034,Santa Luce,1607,66.6216,2020
50,50035,Santa Maria a Monte,13307,38.0351,2020
50,50036,Terricciola,4439,43.283,2020
50,50037,Vecchiano,11933,67.5491,2020
50,50038,Vicopisano,8541,26.8681,2020
50,50039,Volterra,9830,252.6378,2020
50,50040,Casciana Terme Lari,12134,81.3978,2020
50,50041,Crespina Lorenzana,5393,46.4332,2020
51,51001,Anghiari,5428,130.9192,2020
51,51002,Arezzo,97373,384.7537,2020
51,51003,Badia Tedalda,996,118.7171,2020
51,51004,Bibbiena,11846,86.5122,2020
51,51005,Bucine,9947,131.6157,2020
51,51006,Capolona,5211,47.5561,2020
51,51007,Caprese Michelangelo,1361,66.5302,2020
51,51008,Castel Focognano,2987,56.6283,2020
51,51010,Castel San Niccolò,2544,83.2702,2020
51,51011,Castiglion Fibocchi,2086,25.4628,2020
51,51012,Castiglion Fiorentino,13012,111.4256,2020
51,51013,Cavriglia,9447,60.8681,2020
51,51014,Chitignano,880,14.8936,2020
51,51015,Chiusi della Verna,1894,102.3216,2020
51,51016,Civitella in Val di Chiana,8808,100.326,2020
51,51017,Cortona,21413,342.7316,2020
51,51018,Foiano della Chiana,9224,40.7826,2020
51,51020,Loro Ciuffenna,5837,86.5219,2020
51,51021,Lucignano,3458,44.9309,2020
51,51022,Marciano della Chiana,3433,23.6944,2020
51,51023,Montemignaio,521,25.943,2020
51,51024,Monterchi,1718,29.4156,2020
51,51025,Monte San Savino,8626,89.8062,2020
51,51026,Montevarchi,24161,56.6641,2020
51,51027,Ortignano Raggiolo,845,36.3016,2020
51,51030,Pieve Santo Stefano,3015,156.0867,2020
51,51031,Poppi,5957,97.0817,2020
51,51033,San Giovanni Valdarno,16637,21.4497,2020
51,51034,Sansepolcro,15444,91.1928,2020
51,51035,Sestino,1227,80.2296,2020
51,51037,Subbiano,6297,77.8418,2020
51,51038,Talla,980,59.8867,2020
51,51039,Terranuova Bracciolini,12105,85.8786,2020
51,51040,Castelfranco Piandiscò,9812,55.991,2020
51,51041,Pratovecchio Stia,5469,138.2261,2020
51,51042,Laterina Pergine Valdarno,6502,70.5358,2020
52,52001,Abbadia San Salvatore,6121,58.9933,2020
52,52002,Asciano,6933,215.6315,2020
52,52003,Buonconvento,3058,64.8436,2020
52,52004,Casole d'Elsa,3720,148.7041,2020
52,52005,Castellina in Chianti,2733,99.799,2020
52,52006,Castelnuovo Berardenga,8960,177.1077,2020
52,52007,Castiglione d'Orcia,2157,141.5389,2020
52,52008,Cetona,2516,53.5433,2020
52,52009,Chianciano Terme,6813,36.5614,2020
52,52010,Chiusdino,1801,141.5667,2020
52,52011,Chiusi,8124,58.0687,2020
52,52012,Colle di Val d'Elsa,21752,92.0349,2020
52,52013,Gaiole in Chianti,2638,128.8832,2020
52,52015,Montepulciano,13484,165.5399,2020
52,52016,Monteriggioni,10011,99.7309,2020
52,52017,Monteroni d'Arbia,9040,105.8556,2020
52,52018,Monticiano,1535,109.5005,2020
52,52019,Murlo,2417,114.6246,2020
52,52020,Piancastagnaio,4016,69.6264,2020
52,52021,Pienza,2022,122.8667,2020
52,52022,Poggibonsi,28781,70.6019,2020
52,52023,Radda in Chianti,1505,80.4148,2020
52,52024,Radicofani,1071,117.975,2020
52,52025,Radicondoli,919,132.5264,2020
52,52026,Rapolano Terme,5174,83.0208,2020
52,52027,San Casciano dei Bagni,1546,92.1425,2020
52,52028,San Gimignano,7574,138.5687,2020
52,52030,San Quirico d'Orcia,2636,42.2351,2020
52,52031,Sarteano,4528,84.8432,2020
52,52032,Siena,54123,118.5306,2020
52,52033,Sinalunga,12195,78.6758,2020
52,52034,Sovicille,9944,143.5768,2020
52,52035,Torrita di Siena,7078,58.339,2020
52,52036,Trequanda,1203,63.9492,2020
52,52037,Montalcino,5673,310.3936,2020
53,53001,Arcidosso,4302,93.2541,2020
53,53002,Campagnatico,2378,162.2885,2020
53,53003,Capalbio,3914,187.3488,2020
53,53004,Castel del Piano,4813,67.7697,2020
53,53005,Castell'Azzara,1350,64.2308,2020
53,53006,Castiglione della Pescaia,7134,209.1009,2020
53,53007,Cinigiano,2414,161.5518,2020
53,53008,Civitella Paganico,3020,192.9001,2020
53,53009,Follonica,20648,56.0491,2020
53,53010,Gavorrano,8264,164.0818,2020
53,53011,Grosseto,81643,473.5252,2020
53,53012,Isola del Giglio,1345,24.0114,2020
53,53013,Magliano in Toscana,3373,250.8568,2020
53,53014,Manciano,7105,372.4982,2020
53,53015,Massa Marittima,8169,283.4428,2020
53,53016,Monte Argentario,12064,60.4003,2020
53,53017,Montieri,1148,108.2049,2020
53,53018,Orbetello,14450,226.8069,2020
53,53019,Pitigliano,3641,101.9591,2020
53,53020,Roccalbegna,947,124.8586,2020
53,53021,Roccastrada,8756,284.4636,2020
53,53022,Santa Fiora,2490,63.4512,2020
53,53023,Scansano,4268,273.56,2020
53,53024,Scarlino,3829,88.2265,2020
53,53025,Seggiano,1006,49.4287,2020
53,53026,Sorano,3118,174.5585,2020
53,53027,Monterotondo Marittimo,1269,102.6929,2020
53,53028,Semproniano,988,81.6534,2020
54,54001,Assisi,28004,187.1913,2020
54,54002,Bastia Umbra,21379,27.6014,2020
54,54003,Bettona,4297,45.0747,2020
54,54004,Bevagna,4833,56.2226,2020
54,54005,Campello sul Clitunno,2361,49.7616,2020
54,54006,Cannara,4256,32.8087,2020
54,54007,Cascia,2977,180.8336,2020
54,54008,Castel Ritaldi,3072,22.4414,2020
54,54009,Castiglione del Lago,15160,205.2661,2020
54,54010,Cerreto di Spoleto,1014,74.7826,2020
54,54011,Citerna,3419,23.5288,2020
54,54012,Città della Pieve,7571,110.9444,2020
54,54013,Città di Castello,38657,387.317,2020
54,54014,Collazzone,3400,55.5632,2020
54,54015,Corciano,21391,63.723,2020
54,54016,Costacciaro,1119,41.0597,2020
54,54017,Deruta,9478,44.56,2020
54,54018,Foligno,55831,264.656,2020
54,54019,Fossato di Vico,2650,35.391,2020
54,54020,Fratta Todina,1823,17.4281,2020
54,54021,Giano dell'Umbria,3756,44.4751,2020
54,54022,Gualdo Cattaneo,5759,96.6236,2020
54,54023,Gualdo Tadino,14408,124.2833,2020
54,54024,Gubbio,30923,525.7677,2020
54,54025,Lisciano Niccone,590,35.1821,2020
54,54026,Magione,14612,129.7327,2020
54,54027,Marsciano,18201,161.5281,2020
54,54028,Massa Martana,3642,78.4082,2020
54,54029,Monte Castello di Vibio,1455,31.9491,2020
54,54030,Montefalco,5461,69.5123,2020
54,54031,Monteleone di Spoleto,574,62.165,2020
54,54032,Monte Santa Maria Tiberina,1120,72.5288,2020
54,54033,Montone,1603,51.0941,2020
54,54034,Nocera Umbra,5601,157.1641,2020
54,54035,Norcia,4617,275.57,2020
54,54036,Paciano,950,16.9058,2020
54,54037,Panicale,5421,79.2582,2020
54,54038,Passignano sul Trasimeno,5651,81.3321,2020
54,54039,Perugia,164721,449.6117,2020
54,54040,Piegaro,3419,99.0764,2020
54,54041,Pietralunga,1995,140.4153,2020
54,54042,Poggiodomo,94,40.0939,2020
54,54043,Preci,700,82.0201,2020
54,54044,San Giustino,10975,79.9788,2020
54,54045,Sant'Anatolia di Narco,526,46.5485,2020
54,54046,Scheggia e Pascelupo,1315,64.1501,2020
54,54047,Scheggino,463,35.8493,2020
54,54048,Sellano,1003,85.8384,2020
54,54049,Sigillo,2319,26.4743,2020
54,54050,Spello,8371,61.6445,2020
54,54051,Spoleto,36914,348.1366,2020
54,54052,Todi,15877,222.8556,2020
54,54053,Torgiano,6644,37.6662,2020
54,54054,Trevi,8130,71.1853,2020
54,54055,Tuoro sul Trasimeno,3738,55.8849,2020
54,54056,Umbertide,16367,200.8295,2020
54,54057,Valfabbrica,3253,92.3024,2020
54,54058,Vallo di Nera,350,36.2211,2020
54,54059,Valtopina,1296,40.5734,2020
55,55001,Acquasparta,4456,81.6058,2020
55,55002,Allerona,1686,82.6127,2020
55,55003,Alviano,1403,23.8952,2020
55,55004,Amelia,11682,132.4964,2020
55,55005,Arrone,2558,41.032,2020
55,55006,Attigliano,1950,10.512,2020
55,55007,Baschi,2657,68.5686,2020
55,55008,Calvi dell'Umbria,1693,46.0063,2020
55,55009,Castel Giorgio,2037,42.1444,2020
55,55010,Castel Viscardo,2758,26.2156,2020
55,55011,Fabro,2648,34.5504,2020
55,55012,Ferentillo,1820,69.5861,2020
55,55013,Ficulle,1583,64.6187,2020
55,55014,Giove,1857,15.0882,2020
55,55015,Guardea,1749,39.3808,2020
55,55016,Lugnano in Teverina,1429,29.8297,2020
55,55017,Montecastrilli,4821,62.4282,2020
55,55018,Montecchio,1592,49.2172,2020
55,55019,Montefranco,1256,10.0869,2020
55,55020,Montegabbione,1118,51.0591,2020
55,55021,Monteleone d'Orvieto,1376,24.0978,2020
55,55022,Narni,18405,197.9836,2020
55,55023,Orvieto,19931,281.2704,2020
55,55024,Otricoli,1735,27.4114,2020
55,55025,Parrano,498,40.0911,2020
55,55026,Penna in Teverina,1051,10.0033,2020
55,55027,Polino,219,19.5678,2020
55,55028,Porano,1913,13.604,2020
55,55029,San Gemini,4836,27.8956,2020
55,55030,San Venanzo,2157,169.4518,2020
55,55031,Stroncone,4685,71.1557,2020
55,55032,Terni,107982,212.4261,2020
55,55033,Avigliano Umbro,2405,51.3387,2020
56,56001,Acquapendente,5346,131.6022,2020
56,56002,Arlena di Castro,830,21.8706,2020
56,56003,Bagnoregio,3501,72.8081,2020
56,56004,Barbarano Romano,1004,37.5635,2020
56,56005,Bassano Romano,4578,37.5457,2020
56,56006,Bassano in Teverina,1251,12.1676,2020
56,56007,Blera,3035,92.9142,2020
56,56008,Bolsena,3757,63.5714,2020
56,56009,Bomarzo,1684,39.6448,2020
56,56010,Calcata,894,7.6322,2020
56,56011,Canepina,2945,20.8477,2020
56,56012,Canino,5122,124.0375,2020
56,56013,Capodimonte,1647,61.2907,2020
56,56014,Capranica,6357,40.9683,2020
56,56015,Caprarola,5265,57.5769,2020
56,56016,Carbognano,1932,17.411,2020
56,56017,Castel Sant'Elia,2477,23.9151,2020
56,56018,Castiglione in Teverina,2280,19.8891,2020
56,56019,Celleno,1304,23.8237,2020
56,56020,Cellere,1076,37.195,2020
56,56021,Civita Castellana,15455,84.2211,2020
56,56022,Civitella d'Agliano,1500,32.9552,2020
56,56023,Corchiano,3574,33.0306,2020
56,56024,Fabrica di Roma,8094,34.7859,2020
56,56025,Faleria,1984,25.6785,2020
56,56026,Farnese,1385,52.3752,2020
56,56027,Gallese,2649,37.1735,2020
56,56028,Gradoli,1276,43.8083,2020
56,56029,Graffignano,2151,29.1023,2020
56,56030,Grotte di Castro,2450,33.42,2020
56,56031,Ischia di Castro,2205,104.9432,2020
56,56032,Latera,775,22.4294,2020
56,56033,Lubriano,890,16.6891,2020
56,56034,Marta,3283,33.5404,2020
56,56035,Montalto di Castro,8770,189.6215,2020
56,56036,Montefiascone,13005,104.93,2020
56,56037,Monte Romano,1914,86.14,2020
56,56038,Monterosi,4729,10.6834,2020
56,56039,Nepi,9185,83.7096,2020
56,56040,Onano,944,24.5077,2020
56,56041,Oriolo Romano,3708,19.311,2020
56,56042,Orte,9081,69.5589,2020
56,56043,Piansano,1922,26.6051,2020
56,56044,Proceno,522,42.0138,2020
56,56045,Ronciglione,8343,52.5258,2020
56,56046,Villa San Giovanni in Tuscia,1213,5.2792,2020
56,56047,San Lorenzo Nuovo,1995,26.735,2020
56,56048,Soriano nel Cimino,7992,78.5355,2020
56,56049,Sutri,6539,60.9413,2020
56,56050,Tarquinia,16153,279.3305,2020
56,56051,Tessennano,296,14.7309,2020
56,56052,Tuscania,8168,208.691,2020
56,56053,Valentano,2722,43.4947,2020
56,56054,Vallerano,2445,15.4516,2020
56,56055,Vasanello,3953,28.9623,2020
56,56056,Vejano,2157,44.3071,2020
56,56057,Vetralla,13446,113.771,2020
56,56058,Vignanello,4325,20.5289,2020
56,56059,Viterbo,66113,406.2267,2020
56,56060,Vitorchiano,5234,30.143,2020
57,57001,Accumoli,555,87.343,2020
57,57002,Amatrice,2320,174.3849,2020
57,57003,Antrodoco,2371,63.9041,2020
57,57004,Ascrea,213,13.9761,2020
57,57005,Belmonte in Sabina,637,23.6446,2020
57,57006,Borbona,589,47.9485,2020
57,57007,Borgorose,4260,145.8039,2020
57,57008,Borgo Velino,934,18.2929,2020
57,57009,Cantalice,2481,37.624,2020
57,57010,Cantalupo in Sabina,1634,10.6212,2020
57,57011,Casaprota,699,14.5461,2020
57,57012,Casperia,1210,25.3087,2020
57,57013,Castel di Tora,267,15.4912,2020
57,57014,Castelnuovo di Farfa,994,8.8422,2020
57,57015,Castel Sant'Angelo,1209,31.2697,2020
57,57016,Cittaducale,6503,71.2532,2020
57,57017,Cittareale,415,59.6601,2020
57,57018,Collalto Sabino,395,22.3698,2020
57,57019,Colle di Tora,359,14.3718,2020
57,57020,Collegiove,135,10.6126,2020
57,57021,Collevecchio,1507,26.9475,2020
57,57022,Colli sul Velino,465,12.7551,2020
57,57023,Concerviano,282,21.3896,2020
57,57024,Configni,583,22.9256,2020
57,57025,Contigliano,3772,53.5447,2020
57,57026,Cottanello,531,36.6915,2020
57,57027,Fara in Sabina,13738,54.9624,2020
57,57028,Fiamignano,1215,100.618,2020
57,57029,Forano,3024,17.6853,2020
57,57030,Frasso Sabino,727,4.3898,2020
57,57031,Greccio,1492,17.8535,2020
57,57032,Labro,375,11.7424,2020
57,57033,Leonessa,2141,204.0152,2020
57,57034,Longone Sabino,553,34.3338,2020
57,57035,Magliano Sabina,3527,43.1617,2020
57,57036,Marcetelli,76,11.0838,2020
57,57037,Micigliano,114,36.8517,2020
57,57038,Mompeo,494,10.8922,2020
57,57039,Montasola,382,12.7472,2020
57,57040,Montebuono,872,19.6813,2020
57,57041,Monteleone Sabino,1184,19.0398,2020
57,57042,Montenero Sabino,278,22.5865,2020
57,57043,Monte San Giovanni in Sabina,648,30.757,2020
57,57044,Montopoli di Sabina,4081,37.9405,2020
57,57045,Morro Reatino,344,15.7311,2020
57,57046,Nespolo,191,8.6446,2020
57,57047,Orvinio,390,24.6887,2020
57,57048,Paganico Sabino,155,9.3138,2020
57,57049,Pescorocchiano,1925,94.7727,2020
57,57050,Petrella Salto,1055,102.9304,2020
57,57051,Poggio Bustone,1986,22.3815,2020
57,57052,Poggio Catino,1240,14.9813,2020
57,57053,Poggio Mirteto,6152,26.3948,2020
57,57054,Poggio Moiano,2763,26.9469,2020
57,57055,Poggio Nativo,2513,16.4995,2020
57,57056,Poggio San Lorenzo,522,8.6696,2020
57,57057,Posta,589,66.0132,2020
57,57058,Pozzaglia Sabina,315,24.9787,2020
57,57059,Rieti,45907,206.455,2020
57,57060,Rivodutri,1138,26.7897,2020
57,57061,Roccantica,552,16.7231,2020
57,57062,Rocca Sinibalda,783,49.5551,2020
57,57063,Salisano,514,17.5958,2020
57,57064,Scandriglia,3138,63.3505,2020
57,57065,Selci,1081,7.7281,2020
57,57066,Stimigliano,2211,11.3837,2020
57,57067,Tarano,1382,19.9796,2020
57,57068,Toffia,1057,11.3292,2020
57,57069,Torricella in Sabina,1364,25.7914,2020
57,57070,Torri in Sabina,1196,26.3048,2020
57,57071,Turania,228,8.5099,2020
57,57072,Vacone,226,9.1848,2020
57,57073,Varco Sabino,177,24.7527,2020
258,58001,Affile,1439,15.1123,2020
258,58002,Agosta,1703,9.4997,2020
258,58003,Albano Laziale,39672,23.8082,2020
258,58004,Allumiere,3831,92.1659,2020
258,58005,Anguillara Sabazia,19018,75.2338,2020
258,58006,Anticoli Corrado,825,16.2155,2020
258,58007,Anzio,57838,43.6586,2020
258,58008,Arcinazzo Romano,1262,28.3109,2020
258,58009,Ariccia,18307,18.5919,2020
258,58010,Arsoli,1402,12.1991,2020
258,58011,Artena,13664,54.797,2020
258,58012,Bellegra,2727,18.7794,2020
258,58013,Bracciano,18560,143.0603,2020
258,58014,Camerata Nuova,403,40.4932,2020
258,58015,Campagnano di Roma,10990,46.9371,2020
258,58016,Canale Monterano,4128,36.9174,2020
258,58017,Canterano,349,7.373,2020
258,58018,Capena,10695,29.5069,2020
258,58019,Capranica Prenestina,316,20.3617,2020
258,58020,Carpineto Romano,4141,86.2892,2020
258,58021,Casape,662,5.3793,2020
258,58022,Castel Gandolfo,8585,14.1906,2020
258,58023,Castel Madama,7133,28.8029,2020
258,58024,Castelnuovo di Porto,8423,30.5654,2020
258,58025,Castel San Pietro Romano,839,15.2923,2020
258,58026,Cave,10728,17.8793,2020
258,58027,Cerreto Laziale,1080,12.0754,2020
258,58028,Cervara di Roma,442,31.7432,2020
258,58029,Cerveteri,37504,134.3187,2020
258,58030,Ciciliano,1259,18.8473,2020
258,58031,Cineto Romano,584,10.3668,2020
258,58032,Civitavecchia,52069,73.7376,2020
258,58033,Civitella San Paolo,1993,20.7493,2020
258,58034,Colleferro,20698,26.9893,2020
258,58035,Colonna,4224,3.5491,2020
258,58036,Fiano Romano,15722,41.1862,2020
258,58037,Filacciano,457,5.6584,2020
258,58038,Formello,13249,31.1449,2020
258,58039,Frascati,22624,22.4759,2020
258,58040,Gallicano nel Lazio,6408,25.6995,2020
258,58041,Gavignano,1920,15.0431,2020
258,58042,Genazzano,5724,32.065,2020
258,58043,Genzano di Roma,23221,17.9002,2020
258,58044,Gerano,1163,10.1242,2020
258,58045,Gorga,698,26.1895,2020
258,58046,Grottaferrata,20337,18.396,2020
258,58047,Guidonia Montecelio,87875,79.4718,2020
258,58048,Jenne,355,31.4509,2020
258,58049,Labico,6333,11.7531,2020
258,58050,Lanuvio,12851,43.763,2020
258,58051,Licenza,880,17.985,2020
258,58052,Magliano Romano,1423,20.5174,2020
258,58053,Mandela,921,13.7166,2020
258,58054,Manziana,7655,23.9991,2020
258,58055,Marano Equo,792,7.6536,2020
258,58056,Marcellina,7095,15.356,2020
258,58057,Marino,45321,24.1913,2020
258,58058,Mazzano Romano,2995,29.0667,2020
258,58059,Mentana,22612,24.2684,2020
258,58060,Monte Compatri,11844,24.5711,2020
258,58061,Monteflavio,1214,16.8416,2020
258,58062,Montelanico,2062,35.1398,2020
258,58063,Montelibretti,5107,45.4257,2020
258,58064,Monte Porzio Catone,8557,9.125,2020
258,58065,Monterotondo,41258,40.9352,2020
258,58066,Montorio Romano,1992,23.3928,2020
258,58067,Moricone,2480,19.5872,2020
258,58068,Morlupo,8424,24.0841,2020
258,58069,Nazzano,1339,12.3969,2020
258,58070,Nemi,1872,7.3249,2020
258,58071,Nerola,1900,17.096,2020
258,58072,Nettuno,48500,71.6278,2020
258,58073,Olevano Romano,6455,26.1597,2020
258,58074,Palestrina,21921,47.0165,2020
258,58075,Palombara Sabina,12835,75.8028,2020
258,58076,Percile,217,17.7577,2020
258,58077,Pisoniano,739,12.92,2020
258,58078,Poli,2275,21.7449,2020
258,58079,Pomezia,63767,86.5727,2020
258,58080,Ponzano Romano,1117,19.5196,2020
258,58081,Riano,10274,25.4484,2020
258,58082,Rignano Flaminio,10005,38.5618,2020
258,58083,Riofreddo,733,12.3841,2020
258,58084,Rocca Canterano,184,15.8371,2020
258,58085,Rocca di Cave,355,11.0854,2020
258,58086,Rocca di Papa,16999,39.7161,2020
258,58087,Roccagiovine,251,8.4072,2020
258,58088,Rocca Priora,11978,28.2646,2020
258,58089,Rocca Santo Stefano,951,9.5724,2020
258,58090,Roiate,663,10.3501,2020
258,58091,Roma,2770226,1287.3716,2020
258,58092,Roviano,1258,8.5016,2020
258,58093,Sacrofano,7231,28.4283,2020
258,58094,Sambuci,851,8.3046,2020
258,58095,San Gregorio da Sassola,1454,35.4501,2020
258,58096,San Polo dei Cavalieri,2762,42.5287,2020
258,58097,Santa Marinella,18516,48.9057,2020
258,58098,Sant'Angelo Romano,4833,21.3566,2020
258,58099,Sant'Oreste,3504,43.8935,2020
258,58100,San Vito Romano,3125,12.6619,2020
258,58101,Saracinesco,171,11.1597,2020
258,58102,Segni,8985,60.8581,2020
258,58103,Subiaco,8515,63.2313,2020
258,58104,Tivoli,55150,68.644,2020
258,58105,Tolfa,4828,168.2671,2020
258,58106,Torrita Tiberina,1047,10.7793,2020
258,58107,Trevignano Romano,5696,38.9862,2020
258,58108,Vallepietra,251,52.9396,2020
258,58109,Vallinfreda,290,16.7183,2020
258,58110,Valmontone,15662,40.9131,2020
258,58111,Velletri,52312,118.2667,2020
258,58112,Vicovaro,3676,35.9435,2020
258,58113,Vivaro Romano,165,12.5375,2020
258,58114,Zagarolo,18010,28.0351,2020
258,58115,Lariano,13191,22.4985,2020
258,58116,Ladispoli,40160,25.9515,2020
258,58117,Ardea,48667,72.0684,2020
258,58118,Ciampino,38675,12.9981,2020
258,58119,San Cesareo,15714,23.6431,2020
258,58120,Fiumicino,79995,213.8908,2020
258,58122,Fonte Nuova,32139,19.9404,2020
59,59001,Aprilia,73429,178.123,2020
59,59002,Bassiano,1439,32.4003,2020
59,59003,Campodimele,587,38.3826,2020
59,59004,Castelforte,4172,29.7046,2020
59,59005,Cisterna di Latina,36481,144.1568,2020
59,59006,Cori,10482,85.3114,2020
59,59007,Fondi,39237,143.913,2020
59,59008,Formia,37341,74.1642,2020
59,59009,Gaeta,19755,29.2033,2020
59,59010,Itri,10344,101.097,2020
59,59011,Latina,127560,277.6174,2020
59,59012,Lenola,4075,45.2423,2020
59,59013,Maenza,2996,42.1331,2020
59,59014,Minturno,19971,42.1345,2020
59,59015,Monte San Biagio,6159,65.1013,2020
59,59016,Norma,3708,31.2214,2020
59,59017,Pontinia,14849,112.1023,2020
59,59018,Ponza,3301,10.1563,2020
59,59019,Priverno,13763,56.9808,2020
59,59020,Prossedi,1167,35.3661,2020
59,59021,Roccagorga,4199,24.4927,2020
59,59022,Rocca Massima,1088,18.1656,2020
59,59023,Roccasecca dei Volsci,1057,23.5035,2020
59,59024,Sabaudia,19938,145.3721,2020
59,59025,San Felice Circeo,10129,32.6307,2020
59,59026,Santi Cosma e Damiano,6813,31.6104,2020
59,59027,Sermoneta,9977,44.9962,2020
59,59028,Sezze,23576,100.471,2020
59,59029,Sonnino,7433,63.8186,2020
59,59030,Sperlonga,3116,19.4897,2020
59,59031,Spigno Saturnia,2851,38.7401,2020
59,59032,Terracina,44495,136.5876,2020
59,59033,Ventotene,736,1.7454,2020
60,60001,Acquafondata,280,25.3174,2020
60,60002,Acuto,1883,13.4662,2020
60,60003,Alatri,27768,96.9573,2020
60,60004,Alvito,2526,51.7134,2020
60,60005,Amaseno,4102,77.7258,2020
60,60006,Anagni,20853,112.8135,2020
60,60007,Aquino,4992,19.2368,2020
60,60008,Arce,5403,39.5217,2020
60,60009,Arnara,2222,12.2884,2020
60,60010,Arpino,6898,56.2398,2020
60,60011,Atina,4139,29.8889,2020
60,60012,Ausonia,2441,19.6376,2020
60,60013,Belmonte Castello,692,14.0535,2020
60,60014,Boville Ernica,8425,28.1885,2020
60,60015,Broccostella,2688,11.7934,2020
60,60016,Campoli Appennino,1596,32.4273,2020
60,60017,Casalattico,535,28.3769,2020
60,60018,Casalvieri,2383,27.2708,2020
60,60019,Cassino,35418,83.4187,2020
60,60020,Castelliri,3256,15.3207,2020
60,60021,Castelnuovo Parano,875,9.8819,2020
60,60022,Castrocielo,3841,27.9148,2020
60,60023,Castro dei Volsci,4483,58.45,2020
60,60024,Ceccano,22610,61.061,2020
60,60025,Ceprano,8408,38.0302,2020
60,60026,Cervaro,7794,39.409,2020
60,60027,Colfelice,1822,14.5176,2020
60,60028,Collepardo,903,24.6784,2020
60,60029,Colle San Magno,650,44.9886,2020
60,60030,Coreno Ausonio,1531,26.3838,2020
60,60031,Esperia,3649,108.5646,2020
60,60032,Falvaterra,540,12.7328,2020
60,60033,Ferentino,20247,80.9996,2020
60,60034,Filettino,507,78.0689,2020
60,60035,Fiuggi,10119,32.9774,2020
60,60036,Fontana Liri,2757,16.1111,2020
60,60037,Fontechiari,1246,16.1479,2020
60,60038,Frosinone,44491,46.8443,2020
60,60039,Fumone,2002,14.8358,2020
60,60040,Gallinaro,1192,17.737,2020
60,60041,Giuliano di Roma,2358,33.5444,2020
60,60042,Guarcino,1520,40.3728,2020
60,60043,Isola del Liri,10945,16.014,2020
60,60044,Monte San Giovanni Campano,12228,48.7118,2020
60,60045,Morolo,3172,26.571,2020
60,60046,Paliano,7975,70.6362,2020
60,60047,Pastena,1265,42.1606,2020
60,60048,Patrica,3090,27.3072,2020
60,60049,Pescosolido,1445,44.8889,2020
60,60050,Picinisco,1096,62.1469,2020
60,60051,Pico,2683,32.9312,2020
60,60052,Piedimonte San Germano,6336,17.3244,2020
60,60053,Piglio,4386,35.3812,2020
60,60054,Pignataro Interamna,2403,24.4058,2020
60,60055,Pofi,3951,30.6809,2020
60,60056,Pontecorvo,12470,88.8006,2020
60,60057,Posta Fibreno,1077,9.8043,2020
60,60058,Ripi,5093,31.6134,2020
60,60059,Rocca d'Arce,921,11.5828,2020
60,60060,Roccasecca,7016,43.3317,2020
60,60061,San Biagio Saracinisco,308,31.2138,2020
60,60062,San Donato Val di Comino,1886,37.6342,2020
60,60063,San Giorgio a Liri,3005,15.7054,2020
60,60064,San Giovanni Incarico,3146,24.7104,2020
60,60065,Sant'Ambrogio sul Garigliano,906,9.0257,2020
60,60066,Sant'Andrea del Garigliano,1303,17.1068,2020
60,60067,Sant'Apollinare,1834,18.0186,2020
60,60068,Sant'Elia Fiumerapido,5733,41.103,2020
60,60069,Santopadre,1225,21.5978,2020
60,60070,San Vittore del Lazio,2505,27.5042,2020
60,60071,Serrone,2982,15.3938,2020
60,60072,Settefrati,711,50.677,2020
60,60073,Sgurgola,2411,19.221,2020
60,60074,Sora,25133,72.1249,2020
60,60075,Strangolagalli,2316,10.5679,2020
60,60076,Supino,4678,35.5901,2020
60,60077,Terelle,311,31.6444,2020
60,60078,Torre Cajetani,1310,11.9926,2020
60,60079,Torrice,4772,18.0598,2020
60,60080,Trevi nel Lazio,1741,54.3218,2020
60,60081,Trivigliano,1619,12.6404,2020
60,60082,Vallecorsa,2454,39.2762,2020
60,60083,Vallemaio,902,18.5375,2020
60,60084,Vallerotonda,1405,59.6558,2020
60,60085,Veroli,19868,119.6404,2020
60,60086,Vicalvi,743,8.2083,2020
60,60087,Vico nel Lazio,2110,45.8421,2020
60,60088,Villa Latina,1146,17.0226,2020
60,60089,Villa Santa Lucia,2547,17.7672,2020
60,60090,Villa Santo Stefano,1649,20.0989,2020
60,60091,Viticuso,303,20.8595,2020
61,61001,Ailano,1252,16.0556,2020
61,61002,Alife,7337,64.3172,2020
61,61003,Alvignano,4576,38.1268,2020
61,61004,Arienzo,5265,14.0079,2020
61,61005,Aversa,50640,8.8518,2020
61,61006,Baia e Latina,2021,24.4328,2020
61,61007,Bellona,5958,11.7783,2020
61,61008,Caianello,1754,15.6782,2020
61,61009,Caiazzo,5210,37.0404,2020
61,61010,Calvi Risorta,5524,15.9577,2020
61,61011,Camigliano,1975,6.0171,2020
61,61012,Cancello ed Arnone,5443,49.3014,2020
61,61013,Capodrise,10033,3.4356,2020
61,61014,Capriati a Volturno,1482,18.3864,2020
61,61015,Capua,17657,48.603,2020
61,61016,Carinaro,7126,6.3159,2020
61,61017,Carinola,7318,59.2291,2020
61,61018,Casagiove,12983,6.3569,2020
61,61019,Casal di Principe,21077,23.5127,2020
61,61020,Casaluce,9442,9.5584,2020
61,61021,Casapulla,8317,2.9044,2020
61,61022,Caserta,72813,54.0685,2020
61,61023,Castel Campagnano,1478,17.4785,2020
61,61024,Castel di Sasso,1064,20.3231,2020
61,61025,Castello del Matese,1403,21.7729,2020
61,61026,Castel Morrone,3644,25.3439,2020
61,61027,Castel Volturno,26737,73.9413,2020
61,61028,Cervino,4818,8.2077,2020
61,61029,Cesa,9310,2.737,2020
61,61030,Ciorlano,382,28.6508,2020
61,61031,Conca della Campania,1177,26.467,2020
61,61032,Curti,6766,1.6894,2020
61,61033,Dragoni,1998,25.7843,2020
61,61034,Fontegreca,767,9.7113,2020
61,61035,Formicola,1356,15.6781,2020
61,61036,Francolise,4635,40.9244,2020
61,61037,Frignano,9034,9.858,2020
61,61038,Gallo Matese,522,31.129,2020
61,61039,Galluccio,2016,32.1131,2020
61,61040,Giano Vetusto,666,10.9275,2020
61,61041,Gioia Sannitica,3316,54.4234,2020
61,61042,Grazzanise,6785,47.05,2020
61,61043,Gricignano di Aversa,12589,9.9776,2020
61,61044,Letino,646,31.5888,2020
61,61045,Liberi,1061,17.5891,2020
61,61046,Lusciano,15579,4.5573,2020
61,61047,Macerata Campania,10026,7.633,2020
61,61048,Maddaloni,37221,36.6723,2020
61,61049,Marcianise,38740,30.236,2020
61,61050,Marzano Appio,2032,28.304,2020
61,61051,Mignano Monte Lungo,2981,53.0952,2020
61,61052,Mondragone,28915,55.7257,2020
61,61053,Orta di Atella,26950,10.8339,2020
61,61054,Parete,11875,5.6084,2020
61,61055,Pastorano,2949,14.0206,2020
61,61056,Piana di Monte Verna,2160,23.4954,2020
61,61057,Piedimonte Matese,10373,41.4291,2020
61,61058,Pietramelara,4478,23.9339,2020
61,61059,Pietravairano,2800,33.4929,2020
61,61060,Pignataro Maggiore,5785,32.3783,2020
61,61061,Pontelatone,1569,32.2451,2020
61,61062,Portico di Caserta,7750,1.9126,2020
61,61063,Prata Sannita,1382,21.2092,2020
61,61064,Pratella,1469,33.7444,2020
61,61065,Presenzano,1687,31.8895,2020
61,61066,Raviscanina,1194,24.6402,2020
61,61067,Recale,7657,3.2195,2020
61,61068,Riardo,2232,16.4795,2020
61,61069,Rocca d'Evandro,3032,49.532,2020
61,61070,Roccamonfina,3230,31.0384,2020
61,61071,Roccaromana,841,27.712,2020
61,61072,Rocchetta e Croce,450,13.0055,2020
61,61073,Ruviano,1733,24.1506,2020
61,61074,San Cipriano d'Aversa,13196,6.1901,2020
61,61075,San Felice a Cancello,16884,27.179,2020
61,61076,San Gregorio Matese,890,56.4989,2020
61,61077,San Marcellino,14274,4.6099,2020
61,61078,San Nicola la Strada,22160,4.7271,2020
61,61079,San Pietro Infine,887,13.7174,2020
61,61080,San Potito Sannitico,1918,23.1312,2020
61,61081,San Prisco,12043,7.7852,2020
61,61082,Santa Maria a Vico,14074,10.8351,2020
61,61083,Santa Maria Capua Vetere,31968,15.9201,2020
61,61084,Santa Maria la Fossa,2553,29.7297,2020
61,61085,San Tammaro,5717,36.9668,2020
61,61086,Sant'Angelo d'Alife,2095,33.5227,2020
61,61087,Sant'Arpino,14869,3.2007,2020
61,61088,Sessa Aurunca,20414,162.187,2020
61,61089,Sparanise,7182,18.7652,2020
61,61090,Succivo,8575,7.2119,2020
61,61091,Teano,11518,89.4301,2020
61,61092,Teverola,14338,6.6991,2020
61,61093,Tora e Piccilli,821,12.3939,2020
61,61094,Trentola Ducenta,19881,6.6551,2020
61,61095,Vairano Patenora,6365,43.5233,2020
61,61096,Valle Agricola,784,24.4196,2020
61,61097,Valle di Maddaloni,2631,10.9014,2020
61,61098,Villa di Briano,7217,8.5469,2020
61,61099,Villa Literno,11989,61.8249,2020
61,61100,Vitulazio,7568,22.9698,2020
61,61101,Falciano del Massico,3358,46.72,2020
61,61102,Cellole,7985,36.7814,2020
61,61103,Casapesenna,6816,3.0481,2020
61,61104,San Marco Evangelista,6470,5.6867,2020
62,62001,Airola,8105,14.8972,2020
62,62002,Amorosi,2645,11.2218,2020
62,62003,Apice,5426,49.0381,2020
62,62004,Apollosa,2502,21.1195,2020
62,62005,Arpaia,1994,4.961,2020
62,62006,Arpaise,734,6.6568,2020
62,62007,Baselice,2135,47.8169,2020
62,62008,Benevento,57500,130.834,2020
62,62009,Bonea,1349,11.4626,2020
62,62010,Bucciano,2016,7.9402,2020
62,62011,Buonalbergo,1583,25.0788,2020
62,62012,Calvi,2525,22.3059,2020
62,62013,Campolattaro,983,17.5858,2020
62,62014,Campoli del Monte Taburno,1599,9.8038,2020
62,62015,Casalduni,1242,23.3398,2020
62,62016,Castelfranco in Miscano,845,43.3975,2020
62,62017,Castelpagano,1365,38.2547,2020
62,62018,Castelpoto,1150,11.7795,2020
62,62019,Castelvenere,2545,15.4357,2020
62,62020,Castelvetere in Val Fortore,1056,34.573,2020
62,62021,Cautano,1931,19.7176,2020
62,62022,Ceppaloni,3166,23.8035,2020
62,62023,Cerreto Sannita,3654,33.353,2020
62,62024,Circello,2189,45.6637,2020
62,62025,Colle Sannita,2213,37.275,2020
62,62026,Cusano Mutri,3823,58.8586,2020
62,62027,Dugenta,2627,16.0522,2020
62,62028,Durazzano,2103,12.9049,2020
62,62029,Faicchio,3376,43.9892,2020
62,62030,Foglianise,3233,11.7656,2020
62,62031,Foiano di Val Fortore,1357,41.309,2020
62,62032,Forchia,1197,5.4545,2020
62,62033,Fragneto l'Abate,979,20.5738,2020
62,62034,Fragneto Monforte,1698,24.4921,2020
62,62035,Frasso Telesino,2102,21.8164,2020
62,62036,Ginestra degli Schiavoni,423,14.7871,2020
62,62037,Guardia Sanframondi,4656,21.0975,2020
62,62038,Limatola,4072,18.3809,2020
62,62039,Melizzano,1739,17.5907,2020
62,62040,Moiano,4026,20.2035,2020
62,62041,Molinara,1484,24.1636,2020
62,62042,Montefalcone di Val Fortore,1355,41.938,2020
62,62043,Montesarchio,13098,26.5073,2020
62,62044,Morcone,4580,101.3315,2020
62,62045,Paduli,3688,45.2987,2020
62,62046,Pago Veiano,2290,23.749,2020
62,62047,Pannarano,2024,11.7988,2020
62,62048,Paolisi,2013,6.001,2020
62,62049,Paupisi,1522,6.8327,2020
62,62050,Pesco Sannita,1855,24.1537,2020
62,62051,Pietraroja,507,35.813,2020
62,62052,Pietrelcina,2902,28.2535,2020
62,62053,Ponte,2466,17.9153,2020
62,62054,Pontelandolfo,2018,29.0289,2020
62,62055,Puglianello,1297,8.7611,2020
62,62056,Reino,1110,23.6384,2020
62,62057,San Bartolomeo in Galdo,4457,82.6623,2020
62,62058,San Giorgio del Sannio,9804,22.3386,2020
62,62059,San Giorgio La Molara,2845,65.7653,2020
62,62060,San Leucio del Sannio,2920,9.959,2020
62,62061,San Lorenzello,2129,13.8833,2020
62,62062,San Lorenzo Maggiore,1944,16.2955,2020
62,62063,San Lupo,730,15.3043,2020
62,62064,San Marco dei Cavoti,3058,49.187,2020
62,62065,San Martino Sannita,1163,6.184,2020
62,62066,San Nazzaro,867,2.0421,2020
62,62067,San Nicola Manfredi,3577,19.2242,2020
62,62068,San Salvatore Telesino,3845,18.3108,2020
62,62069,Santa Croce del Sannio,874,16.241,2020
62,62070,Sant'Agata de' Goti,10426,63.3786,2020
62,62071,Sant'Angelo a Cupolo,4148,11.0134,2020
62,62072,Sassinoro,642,13.2448,2020
62,62073,Solopaca,3536,31.1266,2020
62,62074,Telese Terme,7665,9.9987,2020
62,62075,Tocco Caudio,1435,27.4911,2020
62,62076,Torrecuso,3307,29.1549,2020
62,62077,Vitulano,2779,35.9905,2020
62,62078,Sant'Arcangelo Trimonte,493,9.7986,2020
263,63001,Acerra,58334,54.7117,2020
263,63002,Afragola,61861,17.9106,2020
263,63003,Agerola,7640,19.8316,2020
263,63004,Anacapri,6940,6.4666,2020
263,63005,Arzano,32750,4.731,2020
263,63006,Bacoli,25436,13.4675,2020
263,63007,Barano d'Ischia,9845,10.9609,2020
263,63008,Boscoreale,26309,11.3981,2020
263,63009,Boscotrecase,9810,7.5305,2020
263,63010,Brusciano,15715,5.6161,2020
263,63011,Caivano,35908,27.2212,2020
263,63012,Calvizzano,12204,3.9831,2020
263,63013,Camposano,5111,3.3276,2020
263,63014,Capri,6937,4.0628,2020
263,63015,Carbonara di Nola,2464,3.6495,2020
263,63016,Cardito,21598,3.1983,2020
263,63017,Casalnuovo di Napoli,47489,7.8354,2020
263,63018,Casamarciano,3112,6.3842,2020
263,63019,Casamicciola Terme,7802,5.8488,2020
263,63020,Casandrino,13397,3.1823,2020
263,63021,Casavatore,18146,1.5267,2020
263,63022,Casola di Napoli,3723,2.5932,2020
263,63023,Casoria,74115,12.1384,2020
263,63024,Castellammare di Stabia,63694,17.8099,2020
263,63025,Castello di Cisterna,7756,3.9214,2020
263,63026,Cercola,17076,4.229,2020
263,63027,Cicciano,12334,7.3311,2020
263,63028,Cimitile,6970,2.7406,2020
263,63029,Comiziano,1692,2.4494,2020
263,63030,Crispano,11705,2.2191,2020
263,63031,Forio,17410,13.0814,2020
263,63032,Frattamaggiore,28828,5.3882,2020
263,63033,Frattaminore,15461,2.0417,2020
263,63034,Giugliano in Campania,122364,94.6321,2020
263,63035,Gragnano,28293,14.6424,2020
263,63036,Grumo Nevano,17274,2.8769,2020
263,63037,Ischia,19602,8.1402,2020
263,63038,Lacco Ameno,4641,2.0768,2020
263,63039,Lettere,6055,12.0191,2020
263,63040,Liveri,1516,2.7109,2020
263,63041,Marano di Napoli,57700,15.6525,2020
263,63042,Mariglianella,7738,3.2623,2020
263,63043,Marigliano,29182,22.5752,2020
263,63044,Massa Lubrense,14022,19.8362,2020
263,63045,Melito di Napoli,36216,3.7992,2020
263,63046,Meta,7830,2.2511,2020
263,63047,Monte di Procida,11952,3.7043,2020
263,63048,Mugnano di Napoli,34388,5.2636,2020
263,63049,Napoli,922094,118.9441,2020
263,63050,Nola,33718,39.1853,2020
263,63051,Ottaviano,22981,20.0227,2020
263,63052,Palma Campania,16618,20.6708,2020
263,63053,Piano di Sorrento,12549,7.3354,2020
263,63054,Pimonte,5836,12.5394,2020
263,63055,Poggiomarino,21955,13.2007,2020
263,63056,Pollena Trocchia,12968,8.0156,2020
263,63057,Pomigliano d'Arco,39673,11.7093,2020
263,63058,Pompei,24233,12.4303,2020
263,63059,Portici,52721,4.6013,2020
263,63060,Pozzuoli,77090,43.4339,2020
263,63061,Procida,10183,4.2559,2020
263,63062,Qualiano,24804,7.4345,2020
263,63063,Quarto,40819,14.159,2020
263,63064,Ercolano,50617,19.8936,2020
263,63065,Roccarainola,6601,28.3315,2020
263,63066,San Gennaro Vesuviano,12183,7.0144,2020
263,63067,San Giorgio a Cremano,43230,4.1538,2020
263,63068,San Giuseppe Vesuviano,30147,14.1713,2020
263,63069,San Paolo Bel Sito,3367,2.948,2020
263,63070,San Sebastiano al Vesuvio,8738,2.6395,2020
263,63071,Sant'Agnello,8685,4.1482,2020
263,63072,Sant'Anastasia,26411,18.7405,2020
263,63073,Sant'Antimo,32446,5.9133,2020
263,63074,Sant'Antonio Abate,19247,7.9318,2020
263,63075,San Vitaliano,6371,5.3696,2020
263,63076,Saviano,15949,13.8775,2020
263,63077,Scisciano,6071,5.4791,2020
263,63078,Serrara Fontana,3023,6.4432,2020
263,63079,Somma Vesuviana,33881,30.6664,2020
263,63080,Sorrento,15809,9.9556,2020
263,63081,Striano,8660,7.6518,2020
263,63082,Terzigno,17482,23.4648,2020
263,63083,Torre Annunziata,40674,7.508,2020
263,63084,Torre del Greco,81655,30.6611,2020
263,63085,Tufino,3401,5.207,2020
263,63086,Vico Equense,20322,29.3794,2020
263,63087,Villaricca,30710,6.8729,2020
263,63088,Visciano,4226,10.9036,2020
263,63089,Volla,24905,6.2063,2020
263,63090,Santa Maria la Carità,11685,3.9788,2020
263,63091,Trecase,8643,6.2131,2020
263,63092,Massa di Somma,5019,3.0421,2020
64,64001,Aiello del Sabato,3956,10.8723,2020
64,64002,Altavilla Irpina,4000,14.0831,2020
64,64003,Andretta,1700,43.6485,2020
64,64004,Aquilonia,1518,56.145,2020
64,64005,Ariano Irpino,21422,186.7365,2020
64,64006,Atripalda,10570,8.5931,2020
64,64007,Avella,7553,29.389,2020
64,64008,Avellino,52819,30.55,2020
64,64009,Bagnoli Irpino,3030,68.8043,2020
64,64010,Baiano,4517,12.2951,2020
64,64011,Bisaccia,3604,102.1573,2020
64,64012,Bonito,2238,18.7774,2020
64,64013,Cairano,281,13.8104,2020
64,64014,Calabritto,2161,56.334,2020
64,64015,Calitri,4341,101.0517,2020
64,64016,Candida,1100,5.3488,2020
64,64017,Caposele,3295,41.2828,2020
64,64018,Capriglia Irpina,2242,7.4879,2020
64,64019,Carife,1306,16.7239,2020
64,64020,Casalbore,1626,28.0937,2020
64,64021,Cassano Irpino,920,13.0746,2020
64,64022,Castel Baronia,1066,15.3663,2020
64,64023,Castelfranci,1862,11.6888,2020
64,64024,Castelvetere sul Calore,1532,17.17,2020
64,64025,Cervinara,8903,29.343,2020
64,64026,Cesinali,2602,3.7261,2020
64,64027,Chianche,457,6.6074,2020
64,64028,Chiusano di San Domenico,2128,24.6024,2020
64,64029,Contrada,2961,10.3106,2020
64,64030,Conza della Campania,1265,51.6343,2020
64,64031,Domicella,1833,6.399,2020
64,64032,Flumeri,2626,34.5501,2020
64,64033,Fontanarosa,2880,16.7042,2020
64,64034,Forino,5162,20.3896,2020
64,64035,Frigento,3484,38.0394,2020
64,64036,Gesualdo,3303,27.3349,2020
64,64037,Greci,610,30.2633,2020
64,64038,Grottaminarda,7722,29.1148,2020
64,64039,Grottolella,1833,7.1256,2020
64,64040,Guardia Lombardi,1533,55.8729,2020
64,64041,Lacedonia,2107,82.0825,2020
64,64042,Lapio,1452,15.2465,2020
64,64043,Lauro,3303,11.2934,2020
64,64044,Lioni,6009,46.5111,2020
64,64045,Luogosano,1094,6.0681,2020
64,64046,Manocalzati,3054,8.7453,2020
64,64047,Marzano di Nola,1632,4.7196,2020
64,64048,Melito Irpino,1807,20.684,2020
64,64049,Mercogliano,11653,19.9169,2020
64,64050,Mirabella Eclano,6856,33.9585,2020
64,64051,Montaguto,357,18.3786,2020
64,64052,Montecalvo Irpino,3406,54.0056,2020
64,64053,Montefalcione,3140,15.294,2020
64,64054,Monteforte Irpino,11303,26.9575,2020
64,64055,Montefredane,2136,9.4461,2020
64,64056,Montefusco,1232,8.2382,2020
64,64057,Montella,7392,82.9536,2020
64,64058,Montemarano,2667,34.0089,2020
64,64059,Montemiletto,5065,21.6348,2020
64,64060,Monteverde,734,39.566,2020
64,64063,Morra De Sanctis,1163,30.412,2020
64,64064,Moschiano,1573,13.4535,2020
64,64065,Mugnano del Cardinale,5132,12.2983,2020
64,64066,Nusco,3946,53.6004,2020
64,64067,Ospedaletto d'Alpinolo,2113,5.6764,2020
64,64068,Pago del Vallo di Lauro,1699,4.6255,2020
64,64069,Parolise,634,3.2187,2020
64,64070,Paternopoli,2166,18.4254,2020
64,64071,Petruro Irpino,288,3.1398,2020
64,64072,Pietradefusi,1974,9.2415,2020
64,64073,Pietrastornina,1429,15.7281,2020
64,64074,Prata di Principato Ultra,2782,10.9911,2020
64,64075,Pratola Serra,3664,8.8428,2020
64,64076,Quadrelle,1833,6.9311,2020
64,64077,Quindici,1888,23.9082,2020
64,64078,Roccabascerana,2299,12.4554,2020
64,64079,Rocca San Felice,804,14.4116,2020
64,64080,Rotondi,3449,7.8084,2020
64,64081,Salza Irpina,728,4.9594,2020
64,64082,San Mango sul Calore,1094,14.5865,2020
64,64083,San Martino Valle Caudina,4753,22.9153,2020
64,64084,San Michele di Serino,2436,4.4659,2020
64,64085,San Nicola Baronia,761,6.8989,2020
64,64086,San Potito Ultra,1479,4.5378,2020
64,64087,San Sossio Baronia,1529,19.1929,2020
64,64088,Santa Lucia di Serino,1406,3.9333,2020
64,64089,Sant'Andrea di Conza,1351,7.0432,2020
64,64090,Sant'Angelo all'Esca,729,5.4602,2020
64,64091,Sant'Angelo a Scala,709,10.7449,2020
64,64092,Sant'Angelo dei Lombardi,3946,55.1046,2020
64,64093,Santa Paolina,1201,8.4343,2020
64,64095,Santo Stefano del Sole,2071,10.7802,2020
64,64096,Savignano Irpino,1048,38.4722,2020
64,64097,Scampitella,1087,15.1053,2020
64,64098,Senerchia,762,32.025,2020
64,64099,Serino,6789,52.4994,2020
64,64100,Sirignano,2795,6.1867,2020
64,64101,Solofra,12124,22.2135,2020
64,64102,Sorbo Serpico,554,8.1034,2020
64,64103,Sperone,3650,4.6968,2020
64,64104,Sturno,2859,16.6733,2020
64,64105,Summonte,1491,12.3678,2020
64,64106,Taurano,1476,9.7662,2020
64,64107,Taurasi,2193,14.4115,2020
64,64108,Teora,1450,23.2061,2020
64,64109,Torella dei Lombardi,1973,26.5685,2020
64,64110,Torre Le Nocelle,1211,10.0416,2020
64,64111,Torrioni,460,4.2199,2020
64,64112,Trevico,880,11.0025,2020
64,64113,Tufo,796,5.9641,2020
64,64114,Vallata,2570,47.9136,2020
64,64115,Vallesaccarda,1246,14.1237,2020
64,64116,Venticano,2336,14.1566,2020
64,64117,Villamaina,924,9.0366,2020
64,64118,Villanova del Battista,1496,19.9992,2020
64,64119,Volturara Irpina,3062,32.4183,2020
64,64120,Zungoli,1003,19.2142,2020
64,64121,Montoro,19305,40.1409,2020
65,65001,Acerno,2533,72.4968,2020
65,65002,Agropoli,21214,32.7665,2020
65,65003,Albanella,6287,40.2302,2020
65,65004,Alfano,977,4.8222,2020
65,65005,Altavilla Silentina,6907,52.4817,2020
65,65006,Amalfi,4921,5.7001,2020
65,65007,Angri,33889,13.7655,2020
65,65008,Aquara,1358,32.7339,2020
65,65009,Ascea,5757,37.4528,2020
65,65010,Atena Lucana,2392,26.0072,2020
65,65011,Atrani,808,0.1206,2020
65,65012,Auletta,2165,35.6828,2020
65,65013,Baronissi,16912,17.9298,2020
65,65014,Battipaglia,49805,56.8494,2020
65,65015,Bellosguardo,734,16.7467,2020
65,65016,Bracigliano,5327,14.4087,2020
65,65017,Buccino,4697,65.9179,2020
65,65018,Buonabitacolo,2425,15.5398,2020
65,65019,Caggiano,2577,35.4297,2020
65,65020,Calvanico,1388,14.9092,2020
65,65021,Camerota,6859,70.5768,2020
65,65022,Campagna,16423,136.3035,2020
65,65023,Campora,359,29.153,2020
65,65024,Cannalonga,990,17.7503,2020
65,65025,Capaccio Paestum,22276,113.0263,2020
65,65026,Casalbuono,1077,34.8232,2020
65,65027,Casaletto Spartano,1294,86.5703,2020
65,65028,Casal Velino,5341,31.7096,2020
65,65029,Caselle in Pittari,1855,45.5545,2020
65,65030,Castelcivita,1507,57.634,2020
65,65031,Castellabate,8624,37.4332,2020
65,65032,Castelnuovo Cilento,2799,18.0593,2020
65,65033,Castelnuovo di Conza,596,14.0638,2020
65,65034,Castel San Giorgio,13606,13.5851,2020
65,65035,Castel San Lorenzo,2263,14.2937,2020
65,65036,Castiglione del Genovesi,1301,10.4074,2020
65,65037,Cava de' Tirreni,51257,36.5311,2020
65,65038,Celle di Bulgheria,1774,31.6166,2020
65,65039,Centola,4969,47.7508,2020
65,65040,Ceraso,2242,46.4579,2020
65,65041,Cetara,1993,4.9681,2020
65,65042,Cicerale,1174,41.3734,2020
65,65043,Colliano,3436,55.158,2020
65,65044,Conca dei Marini,671,1.1281,2020
65,65045,Controne,805,7.7461,2020
65,65046,Contursi Terme,3244,28.9342,2020
65,65047,Corbara,2490,6.7318,2020
65,65048,Corleto Monforte,528,58.9663,2020
65,65049,Cuccaro Vetere,555,17.6631,2020
65,65050,Eboli,37908,137.5727,2020
65,65051,Felitto,1163,41.5341,2020
65,65052,Fisciano,13756,31.6874,2020
65,65053,Furore,719,1.8817,2020
65,65054,Futani,1094,14.8506,2020
65,65055,Giffoni Sei Casali,4931,35.075,2020
65,65056,Giffoni Valle Piana,11560,88.6125,2020
65,65057,Gioi,1148,27.9883,2020
65,65058,Giungano,1296,11.7006,2020
65,65059,Ispani,1000,8.343,2020
65,65060,Laureana Cilento,1182,13.7442,2020
65,65061,Laurino,1339,70.4538,2020
65,65062,Laurito,729,20.222,2020
65,65063,Laviano,1360,55.6766,2020
65,65064,Lustra,1001,15.2415,2020
65,65065,Magliano Vetere,619,23.2957,2020
65,65066,Maiori,5420,16.6714,2020
65,65067,Mercato San Severino,21740,30.3331,2020
65,65068,Minori,2606,2.6624,2020
65,65069,Moio della Civitella,1816,17.1887,2020
65,65070,Montano Antilia,1762,33.4423,2020
65,65071,Montecorice,2533,22.251,2020
65,65072,Montecorvino Pugliano,10937,28.8816,2020
65,65073,Montecorvino Rovella,12279,42.1614,2020
65,65074,Monteforte Cilento,538,22.1659,2020
65,65075,Monte San Giacomo,1438,51.6911,2020
65,65076,Montesano sulla Marcellana,6295,110.2217,2020
65,65077,Morigerati,614,21.1938,2020
65,65078,Nocera Inferiore,44377,20.9447,2020
65,65079,Nocera Superiore,23917,14.6625,2020
65,65080,Novi Velia,2267,34.7132,2020
65,65081,Ogliastro Cilento,2267,13.2426,2020
65,65082,Olevano sul Tusciano,6483,26.7239,2020
65,65083,Oliveto Citra,3655,31.6214,2020
65,65084,Omignano,1637,10.1008,2020
65,65085,Orria,991,26.5503,2020
65,65086,Ottati,646,53.6115,2020
65,65087,Padula,4972,67.1141,2020
65,65088,Pagani,34474,11.9763,2020
65,65089,Palomonte,3787,28.298,2020
65,65090,Pellezzano,10959,14.0374,2020
65,65091,Perdifumo,1710,23.8138,2020
65,65092,Perito,856,23.9994,2020
65,65093,Pertosa,656,6.1585,2020
65,65094,Petina,1011,35.4697,2020
65,65095,Piaggine,1183,62.7654,2020
65,65096,Pisciotta,2453,31.238,2020
65,65097,Polla,5177,48.0811,2020
65,65098,Pollica,2204,28.1653,2020
65,65099,Pontecagnano Faiano,25797,37.1891,2020
65,65100,Positano,3782,8.6531,2020
65,65101,Postiglione,2002,48.2433,2020
65,65102,Praiano,1994,2.6706,2020
65,65103,Prignano Cilento,1049,12.0409,2020
65,65104,Ravello,2403,7.935,2020
65,65105,Ricigliano,1069,27.9286,2020
65,65106,Roccadaspide,6910,64.1579,2020
65,65107,Roccagloriosa,1595,40.5575,2020
65,65108,Roccapiemonte,8731,5.3133,2020
65,65109,Rofrano,1312,63.5882,2020
65,65110,Romagnano al Monte,385,9.67,2020
65,65111,Roscigno,657,15.1813,2020
65,65112,Rutino,779,9.6883,2020
65,65113,Sacco,451,23.657,2020
65,65114,Sala Consilina,11900,59.6928,2020
65,65115,Salento,1834,23.7851,2020
65,65116,Salerno,129206,59.8517,2020
65,65117,Salvitelle,500,9.5976,2020
65,65118,San Cipriano Picentino,6532,17.3872,2020
65,65119,San Giovanni a Piro,3636,37.9015,2020
65,65120,San Gregorio Magno,4004,50.0525,2020
65,65121,San Mango Piemonte,2637,6.0237,2020
65,65122,San Marzano sul Sarno,10357,5.1894,2020
65,65123,San Mauro Cilento,862,15.2807,2020
65,65124,San Mauro la Bruca,548,19.0544,2020
65,65125,San Pietro al Tanagro,1663,15.5134,2020
65,65126,San Rufo,1619,31.9585,2020
65,65127,Santa Marina,3141,28.3605,2020
65,65128,Sant'Angelo a Fasanella,531,32.6091,2020
65,65129,Sant'Arsenio,2713,20.1435,2020
65,65130,Sant'Egidio del Monte Albino,8806,7.2451,2020
65,65131,Santomenna,405,8.9193,2020
65,65132,San Valentino Torio,10893,9.1563,2020
65,65133,Sanza,2368,128.7442,2020
65,65134,Sapri,6418,14.2001,2020
65,65135,Sarno,30590,40.0006,2020
65,65136,Sassano,4641,47.7559,2020
65,65137,Scafati,48612,19.8723,2020
65,65138,Scala,1488,13.8627,2020
65,65139,Serramezzana,289,7.2296,2020
65,65140,Serre,3749,67.033,2020
65,65141,Sessa Cilento,1210,18.0424,2020
65,65142,Siano,9464,8.5692,2020
65,65143,Sicignano degli Alburni,3137,81.1133,2020
65,65144,Stella Cilento,690,14.5173,2020
65,65145,Stio,793,24.28,2020
65,65146,Teggiano,7221,61.8655,2020
65,65147,Torchiara,1805,8.4617,2020
65,65148,Torraca,1204,16.0132,2020
65,65149,Torre Orsaia,1987,21.0329,2020
65,65150,Tortorella,480,34.2173,2020
65,65151,Tramonti,4022,24.826,2020
65,65152,Trentinara,1548,23.4361,2020
65,65153,Valle dell'Angelo,224,36.6021,2020
65,65154,Vallo della Lucania,8089,25.3214,2020
65,65155,Valva,1535,26.785,2020
65,65156,Vibonati,3182,20.5428,2020
65,65157,Vietri sul Mare,7306,9.5175,2020
65,65158,Bellizzi,13366,8.022,2020
66,66001,Acciano,300,32.2232,2020
66,66002,Aielli,1437,37.5166,2020
66,66003,Alfedena,917,39.95,2020
66,66004,Anversa degli Abruzzi,318,32.4329,2020
66,66005,Ateleta,1092,41.9252,2020
66,66006,Avezzano,41283,104.0845,2020
66,66007,Balsorano,3297,58.842,2020
66,66008,Barete,623,24.5883,2020
66,66009,Barisciano,1678,78.4864,2020
66,66010,Barrea,720,87.1069,2020
66,66011,Bisegna,208,46.5929,2020
66,66012,Bugnara,1058,25.121,2020
66,66013,Cagnano Amiterno,1190,61.3144,2020
66,66014,Calascio,128,39.4433,2020
66,66015,Campo di Giove,780,28.904,2020
66,66016,Campotosto,464,51.7245,2020
66,66017,Canistro,936,15.903,2020
66,66018,Cansano,221,37.6995,2020
66,66019,Capestrano,858,43.6574,2020
66,66020,Capistrello,4889,60.9626,2020
66,66021,Capitignano,629,30.6391,2020
66,66022,Caporciano,202,18.6151,2020
66,66023,Cappadocia,555,68.5707,2020
66,66024,Carapelle Calvisio,83,14.7863,2020
66,66025,Carsoli,5130,95.7935,2020
66,66026,Castel del Monte,450,58.0313,2020
66,66027,Castel di Ieri,298,18.8838,2020
66,66028,Castel di Sangro,6533,84.4298,2020
66,66029,Castellafiume,1050,24.1005,2020
66,66030,Castelvecchio Calvisio,128,15.3194,2020
66,66031,Castelvecchio Subequo,850,19.2942,2020
66,66032,Celano,10431,82.7991,2020
66,66033,Cerchio,1570,20.1647,2020
66,66034,Civita d'Antino,944,28.3454,2020
66,66035,Civitella Alfedena,285,29.4906,2020
66,66036,Civitella Roveto,3068,45.4518,2020
66,66037,Cocullo,217,31.6044,2020
66,66038,Collarmele,843,23.9435,2020
66,66039,Collelongo,1120,54.0194,2020
66,66040,Collepietro,217,15.2092,2020
66,66041,Corfinio,984,17.9499,2020
66,66042,Fagnano Alto,381,24.6437,2020
66,66043,Fontecchio,293,16.8595,2020
66,66044,Fossa,695,8.7066,2020
66,66045,Gagliano Aterno,244,32.149,2020
66,66046,Gioia dei Marsi,1738,58.4035,2020
66,66047,Goriano Sicoli,525,20.2376,2020
66,66048,Introdacqua,1981,37.1068,2020
66,66049,L'Aquila,69349,473.9064,2020
66,66050,Lecce nei Marsi,1569,66.4694,2020
66,66051,Luco dei Marsi,6047,44.8647,2020
66,66052,Lucoli,873,103.4425,2020
66,66053,Magliano de' Marsi,3530,70.9185,2020
66,66054,Massa d'Albe,1385,68.5331,2020
66,66055,Molina Aterno,362,12.2078,2020
66,66056,Montereale,2262,104.4084,2020
66,66057,Morino,1328,51.2701,2020
66,66058,Navelli,518,42.0036,2020
66,66059,Ocre,1125,23.6036,2020
66,66060,Ofena,454,36.8978,2020
66,66061,Opi,375,49.9042,2020
66,66062,Oricola,1256,18.3576,2020
66,66063,Ortona dei Marsi,437,57.1661,2020
66,66064,Ortucchio,1766,38.9993,2020
66,66065,Ovindoli,1171,61.3767,2020
66,66066,Pacentro,1101,72.5874,2020
66,66067,Pereto,647,41.1547,2020
66,66068,Pescasseroli,2081,91.1585,2020
66,66069,Pescina,3851,48.7943,2020
66,66070,Pescocostanzo,1106,55.0623,2020
66,66071,Pettorano sul Gizio,1343,62.8484,2020
66,66072,Pizzoli,4259,56.4355,2020
66,66073,Poggio Picenze,1055,11.4565,2020
66,66074,Prata d'Ansidonia,441,19.6544,2020
66,66075,Pratola Peligna,7187,28.6736,2020
66,66076,Prezza,920,21.5962,2020
66,66077,Raiano,2658,28.9925,2020
66,66078,Rivisondoli,673,32.0009,2020
66,66079,Roccacasale,611,17.3068,2020
66,66080,Rocca di Botte,848,31.1067,2020
66,66081,Rocca di Cambio,486,27.6186,2020
66,66082,Rocca di Mezzo,1387,90.5452,2020
66,66083,Rocca Pia,181,44.961,2020
66,66084,Roccaraso,1548,49.91,2020
66,66085,San Benedetto dei Marsi,3761,16.7609,2020
66,66086,San Benedetto in Perillis,97,19.0984,2020
66,66087,San Demetrio ne' Vestini,1880,16.4918,2020
66,66088,San Pio delle Camere,671,17.2122,2020
66,66089,Sante Marie,1111,40.8133,2020
66,66090,Sant'Eusanio Forconese,362,7.9441,2020
66,66091,Santo Stefano di Sessanio,116,33.6988,2020
66,66092,San Vincenzo Valle Roveto,2120,46.0389,2020
66,66093,Scanno,1717,134.6765,2020
66,66094,Scontrone,542,21.3541,2020
66,66095,Scoppito,3802,53.0036,2020
66,66096,Scurcola Marsicana,2702,30.3815,2020
66,66097,Secinaro,329,33.341,2020
66,66098,Sulmona,22643,57.9278,2020
66,66099,Tagliacozzo,6443,87.4574,2020
66,66100,Tione degli Abruzzi,275,39.6548,2020
66,66101,Tornimparte,2865,65.9607,2020
66,66102,Trasacco,5978,51.443,2020
66,66103,Villalago,509,33.1994,2020
66,66104,Villa Santa Lucia degli Abruzzi,92,26.9897,2020
66,66105,Villa Sant'Angelo,474,5.2153,2020
66,66106,Villavallelonga,854,73.7329,2020
66,66107,Villetta Barrea,601,20.5246,2020
66,66108,Vittorito,836,14.1945,2020
67,67001,Alba Adriatica,12631,9.5964,2020
67,67002,Ancarano,1886,13.9192,2020
67,67003,Arsita,787,34.136,2020
67,67004,Atri,10179,92.1814,2020
67,67005,Basciano,2345,18.8534,2020
67,67006,Bellante,6852,50.044,2020
67,67007,Bisenti,1707,30.8746,2020
67,67008,Campli,6714,73.4239,2020
67,67009,Canzano,1768,16.7371,2020
67,67010,Castel Castagna,463,18.159,2020
67,67011,Castellalto,7426,34.1757,2020
67,67012,Castelli,990,49.6808,2020
67,67013,Castiglione Messer Raimondo,2082,30.6851,2020
67,67014,Castilenti,1379,23.7942,2020
67,67015,Cellino Attanasio,2320,43.9394,2020
67,67016,Cermignano,1493,26.3628,2020
67,67017,Civitella del Tronto,4649,77.7369,2020
67,67018,Colledara,2106,18.0131,2020
67,67019,Colonnella,3649,21.6331,2020
67,67020,Controguerra,2272,22.8145,2020
67,67021,Corropoli,5145,22.1135,2020
67,67022,Cortino,596,62.9429,2020
67,67023,Crognaleto,1146,124.3022,2020
67,67024,Fano Adriano,261,35.7722,2020
67,67025,Giulianova,23464,28.0024,2020
67,67026,Isola del Gran Sasso d'Italia,4465,84.045,2020
67,67027,Montefino,965,18.5937,2020
67,67028,Montorio al Vomano,7657,53.5649,2020
67,67029,Morro d'Oro,3583,28.7269,2020
67,67030,Mosciano Sant'Angelo,9101,48.4475,2020
67,67031,Nereto,5296,7.0112,2020
67,67032,Notaresco,6433,38.1502,2020
67,67033,Penna Sant'Andrea,1668,11.0982,2020
67,67034,Pietracamela,227,44.4851,2020
67,67035,Pineto,14582,38.1092,2020
67,67036,Rocca Santa Maria,483,61.7982,2020
67,67037,Roseto degli Abruzzi,25429,53.2664,2020
67,67038,Sant'Egidio alla Vibrata,9834,18.3618,2020
67,67039,Sant'Omero,5185,34.2024,2020
67,67040,Silvi,15251,20.6259,2020
67,67041,Teramo,52476,152.8396,2020
67,67042,Torano Nuovo,1523,10.2171,2020
67,67043,Torricella Sicura,2497,54.3803,2020
67,67044,Tortoreto,11810,22.9731,2020
67,67045,Tossicia,1253,27.1359,2020
67,67046,Valle Castellana,878,131.7532,2020
67,67047,Martinsicuro,16198,14.6579,2020
68,68001,Abbateggio,365,15.4014,2020
68,68002,Alanno,3424,32.5275,2020
68,68003,Bolognano,1041,16.9583,2020
68,68004,Brittoli,264,15.9862,2020
68,68005,Bussi sul Tirino,2317,25.9116,2020
68,68006,Cappelle sul Tavo,3956,5.4127,2020
68,68007,Caramanico Terme,1823,84.9893,2020
68,68008,Carpineto della Nora,573,24.0819,2020
68,68009,Castiglione a Casauria,748,16.5745,2020
68,68010,Catignano,1242,17.0253,2020
68,68011,Cepagatti,10920,30.8178,2020
68,68012,Città Sant'Angelo,14799,62.0216,2020
68,68013,Civitaquana,1190,21.8798,2020
68,68014,Civitella Casanova,1650,31.0959,2020
68,68015,Collecorvino,5990,31.9847,2020
68,68016,Corvara,218,13.7324,2020
68,68017,Cugnoli,1366,15.9615,2020
68,68018,Elice,1644,14.3097,2020
68,68019,Farindola,1363,45.4721,2020
68,68020,Lettomanoppello,2767,15.0704,2020
68,68021,Loreto Aprutino,7164,59.4993,2020
68,68022,Manoppello,6784,39.2626,2020
68,68023,Montebello di Bertona,914,21.5012,2020
68,68024,Montesilvano,53344,23.5815,2020
68,68025,Moscufo,3088,20.2564,2020
68,68026,Nocciano,1750,13.7621,2020
68,68027,Penne,11470,91.1943,2020
68,68028,Pescara,118766,34.3332,2020
68,68029,Pescosansonesco,482,18.3464,2020
68,68030,Pianella,8494,47.0484,2020
68,68031,Picciano,1287,7.558,2020
68,68032,Pietranico,442,14.771,2020
68,68033,Popoli,4784,35.0393,2020
68,68034,Roccamorice,908,25.0563,2020
68,68035,Rosciano,3977,27.7943,2020
68,68036,Salle,268,21.8034,2020
68,68037,Sant'Eufemia a Maiella,258,40.4182,2020
68,68038,San Valentino in Abruzzo Citeriore,1860,16.3973,2020
68,68039,Scafa,3542,10.3407,2020
68,68040,Serramonacesca,537,23.8874,2020
68,68041,Spoltore,18996,37.0138,2020
68,68042,Tocco da Casauria,2459,29.6676,2020
68,68043,Torre de' Passeri,2905,5.9177,2020
68,68044,Turrivalignani,791,6.1122,2020
68,68045,Vicoli,381,9.3297,2020
68,68046,Villa Celiera,571,13.1818,2020
69,69001,Altino,3080,15.3302,2020
69,69002,Archi,2030,28.5443,2020
69,69003,Ari,1071,11.3915,2020
69,69004,Arielli,1084,11.7167,2020
69,69005,Atessa,10443,110.9761,2020
69,69006,Bomba,755,17.2605,2020
69,69007,Borrello,313,14.5091,2020
69,69008,Bucchianico,5002,38.0774,2020
69,69009,Montebello sul Sangro,75,5.3819,2020
69,69010,Canosa Sannita,1270,13.9124,2020
69,69011,Carpineto Sinello,536,29.8539,2020
69,69012,Carunchio,610,32.5642,2020
69,69013,Casacanditella,1174,12.5381,2020
69,69014,Casalanguida,876,13.6687,2020
69,69015,Casalbordino,5808,46.0149,2020
69,69016,Casalincontrada,3004,16.0004,2020
69,69017,Casoli,5305,67.035,2020
69,69018,Castel Frentano,4268,21.8861,2020
69,69019,Castelguidone,327,15.0721,2020
69,69020,Castiglione Messer Marino,1575,47.9829,2020
69,69021,Celenza sul Trigno,819,22.6778,2020
69,69022,Chieti,49139,59.5668,2020
69,69023,Civitaluparella,297,22.4613,2020
69,69024,Civitella Messer Raimondo,797,12.7214,2020
69,69025,Colledimacine,166,11.2952,2020
69,69026,Colledimezzo,440,11.0465,2020
69,69027,Crecchio,2648,19.2341,2020
69,69028,Cupello,4752,48.3922,2020
69,69029,Dogliola,323,11.8476,2020
69,69030,Fara Filiorum Petri,1936,14.9639,2020
69,69031,Fara San Martino,1312,44.692,2020
69,69032,Filetto,884,13.5328,2020
69,69033,Fossacesia,6215,30.1407,2020
69,69034,Fraine,280,16.0895,2020
69,69035,Francavilla al Mare,25677,23.1125,2020
69,69036,Fresagrandinaria,908,25.1486,2020
69,69037,Frisa,1634,11.4882,2020
69,69038,Furci,851,25.9896,2020
69,69039,Gamberale,289,15.5604,2020
69,69040,Gessopalena,1261,31.4701,2020
69,69041,Gissi,2545,36.6462,2020
69,69042,Giuliano Teatino,1151,9.8874,2020
69,69043,Guardiagrele,8615,56.5009,2020
69,69044,Guilmi,417,12.5631,2020
69,69045,Lama dei Peligni,1102,31.371,2020
69,69046,Lanciano,34410,66.9494,2020
69,69047,Lentella,651,12.6165,2020
69,69048,Lettopalena,325,21.1285,2020
69,69049,Liscia,668,8.1795,2020
69,69050,Miglianico,4640,22.7343,2020
69,69051,Montazzoli,877,39.4634,2020
69,69052,Monteferrante,119,15.2862,2020
69,69053,Montelapiano,80,8.268,2020
69,69054,Montenerodomo,617,29.9986,2020
69,69055,Monteodorisio,2342,25.2122,2020
69,69056,Mozzagrogna,2412,14.1032,2020
69,69057,Orsogna,3639,25.446,2020
69,69058,Ortona,22287,70.8737,2020
69,69059,Paglieta,4157,33.7797,2020
69,69060,Palena,1268,93.6299,2020
69,69061,Palmoli,836,32.778,2020
69,69062,Palombaro,975,17.193,2020
69,69063,Pennadomo,219,11.02,2020
69,69064,Pennapiedimonte,435,47.0312,2020
69,69065,Perano,1523,6.4826,2020
69,69066,Pizzoferrato,1000,30.9206,2020
69,69067,Poggiofiorito,828,9.9473,2020
69,69068,Pollutri,2073,26.168,2020
69,69069,Pretoro,866,26.1259,2020
69,69070,Quadri,734,7.4453,2020
69,69071,Rapino,1230,20.2985,2020
69,69072,Ripa Teatina,4002,20.1629,2020
69,69073,Roccamontepiano,1573,18.2198,2020
69,69074,Rocca San Giovanni,2301,21.6995,2020
69,69075,Roccascalegna,1082,23.006,2020
69,69076,Roccaspinalveti,1208,33.0066,2020
69,69077,Roio del Sangro,95,11.8107,2020
69,69078,Rosello,202,19.2305,2020
69,69079,San Buono,891,25.2693,2020
69,69080,San Giovanni Lipioni,149,8.6722,2020
69,69081,San Giovanni Teatino,14174,17.7311,2020
69,69082,San Martino sulla Marrucina,865,7.408,2020
69,69083,San Salvo,19445,19.6996,2020
69,69084,Santa Maria Imbaro,2054,5.7079,2020
69,69085,Sant'Eusanio del Sangro,2308,23.8273,2020
69,69086,San Vito Chietino,5189,17.0004,2020
69,69087,Scerni,3022,41.2545,2020
69,69088,Schiavi di Abruzzo,702,45.5688,2020
69,69089,Taranta Peligna,343,21.8984,2020
69,69090,Tollo,3948,14.9591,2020
69,69091,Torino di Sangro,2971,32.1175,2020
69,69092,Tornareccio,1669,27.5279,2020
69,69093,Torrebruna,746,23.2887,2020
69,69094,Torrevecchia Teatina,4165,14.6762,2020
69,69095,Torricella Peligna,1189,36.1143,2020
69,69096,Treglio,1687,4.8695,2020
69,69097,Tufillo,370,21.4377,2020
69,69098,Vacri,1550,12.2727,2020
69,69099,Vasto,40553,71.3449,2020
69,69100,Villalfonsina,908,9.1285,2020
69,69101,Villamagna,2180,12.7324,2020
69,69102,Villa Santa Maria,1147,16.2298,2020
69,69103,Pietraferrazzana,131,4.3672,2020
69,69104,Fallo,121,6.0991,2020
70,70001,Acquaviva Collecroce,595,28.5993,2020
70,70002,Baranello,2510,24.9947,2020
70,70003,Bojano,7569,52.6298,2020
70,70004,Bonefro,1236,31.2796,2020
70,70005,Busso,1163,23.8102,2020
70,70006,Campobasso,47535,56.1117,2020
70,70007,Campochiaro,599,35.701,2020
70,70008,Campodipietra,2444,19.7217,2020
70,70009,Campolieto,817,24.4253,2020
70,70010,Campomarino,7629,76.676,2020
70,70011,Casacalenda,1913,67.2764,2020
70,70012,Casalciprano,501,19.0649,2020
70,70013,Castelbottaccio,261,11.2235,2020
70,70014,Castellino del Biferno,460,15.5442,2020
70,70015,Castelmauro,1279,43.6196,2020
70,70016,Castropignano,883,26.9572,2020
70,70017,Cercemaggiore,3577,56.9107,2020
70,70018,Cercepiccola,627,16.7935,2020
70,70019,Civitacampomarano,323,38.8933,2020
70,70020,Colle d'Anchise,753,15.6946,2020
70,70021,Colletorto,1713,35.905,2020
70,70022,Duronia,395,22.4681,2020
70,70023,Ferrazzano,3181,16.7727,2020
70,70024,Fossalto,1198,28.3337,2020
70,70025,Gambatesa,1297,43.6825,2020
70,70026,Gildone,759,29.7548,2020
70,70027,Guardialfiera,970,43.5261,2020
70,70028,Guardiaregia,726,43.7156,2020
70,70029,Guglionesi,4957,100.9461,2020
70,70030,Jelsi,1678,28.7729,2020
70,70031,Larino,6452,88.7652,2020
70,70032,Limosano,711,28.2662,2020
70,70033,Lucito,642,31.5628,2020
70,70034,Lupara,440,25.8724,2020
70,70035,Macchia Valfortore,503,26.7323,2020
70,70036,Mafalda,1100,32.5053,2020
70,70037,Matrice,1063,20.4211,2020
70,70038,Mirabello Sannitico,2067,21.4272,2020
70,70039,Molise,161,5.1999,2020
70,70040,Monacilioni,477,27.214,2020
70,70041,Montagano,1018,26.6236,2020
70,70042,Montecilfone,1214,22.919,2020
70,70043,Montefalcone nel Sannio,1426,32.5674,2020
70,70044,Montelongo,325,12.7631,2020
70,70045,Montemitro,314,16.2928,2020
70,70046,Montenero di Bisaccia,6186,93.3125,2020
70,70047,Montorio nei Frentani,383,31.6629,2020
70,70048,Morrone del Sannio,540,45.84,2020
70,70049,Oratino,1657,17.8849,2020
70,70050,Palata,1595,43.8179,2020
70,70051,Petacciato,3514,35.4006,2020
70,70052,Petrella Tifernina,1062,26.5154,2020
70,70053,Pietracatella,1256,50.2809,2020
70,70054,Pietracupa,216,10.0789,2020
70,70055,Portocannone,2331,13.1136,2020
70,70056,Provvidenti,105,14.0324,2020
70,70057,Riccia,4962,70.0393,2020
70,70058,Ripabottoni,465,31.9604,2020
70,70059,Ripalimosani,3017,33.827,2020
70,70060,Roccavivara,653,21.0439,2020
70,70061,Rotello,1133,70.7399,2020
70,70062,Salcito,635,28.2595,2020
70,70063,San Biase,150,11.846,2020
70,70064,San Felice del Molise,571,24.3719,2020
70,70065,San Giacomo degli Schiavoni,1375,11.0822,2020
70,70066,San Giovanni in Galdo,537,19.4484,2020
70,70067,San Giuliano del Sannio,949,24.0508,2020
70,70068,San Giuliano di Puglia,992,42.0477,2020
70,70069,San Martino in Pensilis,4601,100.652,2020
70,70070,San Massimo,811,27.3299,2020
70,70071,San Polo Matese,477,15.2841,2020
70,70072,Santa Croce di Magliano,4058,53.367,2020
70,70073,Sant'Angelo Limosano,328,16.8688,2020
70,70074,Sant'Elia a Pianisi,1605,68.2452,2020
70,70075,Sepino,1791,61.3707,2020
70,70076,Spinete,1193,17.8338,2020
70,70077,Tavenna,624,21.9697,2020
70,70078,Termoli,32560,55.6345,2020
70,70079,Torella del Sannio,720,16.7316,2020
70,70080,Toro,1271,24.0582,2020
70,70081,Trivento,4499,73.6983,2020
70,70082,Tufara,822,35.5163,2020
70,70083,Ururi,2514,31.6494,2020
70,70084,Vinchiaturo,3260,35.4776,2020
71,71001,Accadia,2212,30.7359,2020
71,71002,Alberona,863,49.7469,2020
71,71003,Anzano di Puglia,1126,11.014,2020
71,71004,Apricena,12681,172.5024,2020
71,71005,Ascoli Satriano,5986,336.6715,2020
71,71006,Biccari,2634,106.6444,2020
71,71007,Bovino,3044,84.9297,2020
71,71008,Cagnano Varano,6711,166.8365,2020
71,71009,Candela,2574,96.8096,2020
71,71010,Carapelle,6703,25.0017,2020
71,71011,Carlantino,845,34.7114,2020
71,71012,Carpino,3867,80.0494,2020
71,71013,Casalnuovo Monterotaro,1395,48.3611,2020
71,71014,Casalvecchio di Puglia,1701,31.9321,2020
71,71015,Castelluccio dei Sauri,2009,51.4736,2020
71,71016,Castelluccio Valmaggiore,1218,26.7854,2020
71,71017,Castelnuovo della Daunia,1308,61.4861,2020
71,71018,Celenza Valfortore,1426,65.4171,2020
71,71019,Celle di San Vito,152,18.4132,2020
71,71020,Cerignola,57223,593.9196,2020
71,71021,Chieuti,1557,61.5173,2020
71,71022,Deliceto,3588,75.8521,2020
71,71023,Faeto,616,26.0981,2020
71,71024,Foggia,147467,509.2545,2020
71,71025,Ischitella,4236,85.4608,2020
71,71026,Isole Tremiti,451,3.178,2020
71,71027,Lesina,6200,160.1534,2020
71,71028,Lucera,31765,339.787,2020
71,71029,Manfredonia,54643,354.5377,2020
71,71031,Mattinata,6016,73.4796,2020
71,71032,Monteleone di Puglia,986,36.4107,2020
71,71033,Monte Sant'Angelo,11654,245.1273,2020
71,71034,Motta Montecorvino,668,19.9412,2020
71,71035,Orsara di Puglia,2550,83.0056,2020
71,71036,Orta Nova,16964,105.2381,2020
71,71037,Panni,695,32.7043,2020
71,71038,Peschici,4295,49.3895,2020
71,71039,Pietramontecorvino,2554,71.6453,2020
71,71040,Poggio Imperiale,2573,52.8824,2020
71,71041,Rignano Garganico,1905,89.3968,2020
71,71042,Rocchetta Sant'Antonio,1736,72.4654,2020
71,71043,Rodi Garganico,3401,13.4471,2020
71,71044,Roseto Valfortore,1010,50.0521,2020
71,71046,San Giovanni Rotondo,26344,261.8788,2020
71,71047,San Marco in Lamis,12901,234.1973,2020
71,71048,San Marco la Catola,910,28.6249,2020
71,71049,San Nicandro Garganico,14132,173.3574,2020
71,71050,San Paolo di Civitate,5597,91.1604,2020
71,71051,San Severo,50284,336.3046,2020
71,71052,Sant'Agata di Puglia,1832,116.1326,2020
71,71053,Serracapriola,3759,143.3541,2020
71,71054,Stornara,5712,33.8629,2020
71,71055,Stornarella,5220,33.8122,2020
71,71056,Torremaggiore,16690,210.0084,2020
71,71058,Troia,6804,168.245,2020
71,71059,Vico del Gargano,7350,111.0822,2020
71,71060,Vieste,13461,169.1885,2020
71,71061,Volturara Appula,389,51.997,2020
71,71062,Volturino,1572,58.3471,2020
71,71063,Ordona,2909,39.5651,2020
71,71064,Zapponeta,3320,41.7458,2020
272,72001,Acquaviva delle Fonti,20184,132.0242,2020
272,72002,Adelfia,16547,29.8139,2020
272,72003,Alberobello,10373,40.8232,2020
272,72004,Altamura,69911,431.37,2020
272,72006,Bari,317205,117.4097,2020
272,72008,Binetto,2161,17.6537,2020
272,72010,Bitetto,11767,33.9452,2020
272,72011,Bitonto,53457,174.3365,2020
272,72012,Bitritto,11197,17.9815,2020
272,72014,Capurso,15357,15.1052,2020
272,72015,Casamassima,19537,78.4318,2020
272,72016,Cassano delle Murge,14805,90.1974,2020
272,72017,Castellana Grotte,19323,69.1282,2020
272,72018,Cellamare,5766,5.9108,2020
272,72019,Conversano,25801,128.4204,2020
272,72020,Corato,47316,169.3426,2020
272,72021,Gioia del Colle,26963,208.9351,2020
272,72022,Giovinazzo,19537,44.2824,2020
272,72023,Gravina in Puglia,42895,384.7214,2020
272,72024,Grumo Appula,12298,81.3018,2020
272,72025,Locorotondo,14066,48.1791,2020
272,72027,Modugno,37002,32.2364,2020
272,72028,Mola di Bari,24678,50.9399,2020
272,72029,Molfetta,57891,58.9733,2020
272,72030,Monopoli,48007,157.8253,2020
272,72031,Noci,18541,150.5967,2020
272,72032,Noicattaro,26042,40.7925,2020
272,72033,Palo del Colle,20774,79.7126,2020
272,72034,Poggiorsini,1339,43.4436,2020
272,72035,Polignano a Mare,17653,63.0865,2020
272,72036,Putignano,26143,100.1539,2020
272,72037,Rutigliano,18374,53.8522,2020
272,72038,Ruvo di Puglia,24611,223.8254,2020
272,72039,Sammichele di Bari,6118,34.2339,2020
272,72040,Sannicandro di Bari,9651,56.7931,2020
272,72041,Santeramo in Colle,25827,144.8521,2020
272,72043,Terlizzi,26245,69.2294,2020
272,72044,Toritto,8096,75.3502,2020
272,72046,Triggiano,26321,20.1386,2020
272,72047,Turi,12919,71.3998,2020
272,72048,Valenzano,17460,15.9786,2020
73,73001,Avetrana,6317,74.1707,2020
73,73002,Carosino,6677,10.9347,2020
73,73003,Castellaneta,16488,242.3148,2020
73,73004,Crispiano,13271,112.3004,2020
73,73005,Faggiano,3418,21.0642,2020
73,73006,Fragagnano,5066,22.4128,2020
73,73007,Ginosa,21926,188.503,2020
73,73008,Grottaglie,30993,102.1219,2020
73,73009,Laterza,14944,161.1716,2020
73,73010,Leporano,8069,15.3135,2020
73,73011,Lizzano,9626,47.1769,2020
73,73012,Manduria,30147,180.4069,2020
73,73013,Martina Franca,47380,298.7194,2020
73,73014,Maruggio,5238,49.0687,2020
73,73015,Massafra,32168,127.9935,2020
73,73016,Monteiasi,5394,9.746,2020
73,73017,Montemesola,3621,16.4326,2020
73,73018,Monteparano,2303,3.8486,2020
73,73019,Mottola,15545,213.9603,2020
73,73020,Palagianello,7679,43.8616,2020
73,73021,Palagiano,15776,69.9641,2020
73,73022,Pulsano,11201,18.269,2020
73,73023,Roccaforzata,1801,6.1453,2020
73,73024,San Giorgio Ionico,14414,23.5598,2020
73,73025,San Marzano di San Giuseppe,8950,19.1944,2020
73,73026,Sava,15463,44.5686,2020
73,73027,Taranto,190717,249.8582,2020
73,73028,Torricella,4175,26.9252,2020
73,73029,Statte,13191,67.32,2020
74,74001,Brindisi,83690,333.0135,2020
74,74002,Carovigno,16761,106.6192,2020
74,74003,Ceglie Messapica,18991,132.0201,2020
74,74004,Cellino San Marco,6227,37.8384,2020
74,74005,Cisternino,11252,54.1688,2020
74,74006,Erchie,8276,44.6284,2020
74,74007,Fasano,38890,131.7854,2020
74,74008,Francavilla Fontana,35324,177.9378,2020
74,74009,Latiano,13767,55.382,2020
74,74010,Mesagne,25964,124.0505,2020
74,74011,Oria,14630,83.6667,2020
74,74012,Ostuni,30276,225.5577,2020
74,74013,San Donaci,6276,34.0443,2020
74,74014,San Michele Salentino,6170,26.5343,2020
74,74015,San Pancrazio Salentino,9429,56.6779,2020
74,74016,San Pietro Vernotico,13114,46.9393,2020
74,74017,San Vito dei Normanni,18439,67.079,2020
74,74018,Torchiarolo,5205,32.479,2020
74,74019,Torre Santa Susanna,10206,55.7645,2020
74,74020,Villa Castelli,9059,35.1455,2020
75,75002,Alessano,6116,28.6923,2020
75,75003,Alezio,5580,16.7894,2020
75,75004,Alliste,6470,23.5298,2020
75,75005,Andrano,4632,15.7116,2020
75,75006,Aradeo,8922,8.5803,2020
75,75007,Arnesano,3959,13.5612,2020
75,75008,Bagnolo del Salento,1769,6.7446,2020
75,75009,Botrugno,2670,9.7498,2020
75,75010,Calimera,6794,11.1807,2020
75,75011,Campi Salentina,9910,45.8786,2020
75,75012,Cannole,1631,20.3484,2020
75,75013,Caprarica di Lecce,2337,10.7074,2020
75,75014,Carmiano,11733,24.2405,2020
75,75015,Carpignano Salentino,3677,48.9866,2020
75,75016,Casarano,19404,38.7274,2020
75,75017,Castri di Lecce,2779,12.9451,2020
75,75018,Castrignano de' Greci,3736,9.6246,2020
75,75019,Castrignano del Capo,5133,20.7689,2020
75,75020,Cavallino,12766,22.6543,2020
75,75021,Collepasso,5725,12.7891,2020
75,75022,Copertino,23227,58.5317,2020
75,75023,Corigliano d'Otranto,5678,28.4134,2020
75,75024,Corsano,5250,9.1202,2020
75,75025,Cursi,3901,8.3571,2020
75,75026,Cutrofiano,8723,56.8074,2020
75,75027,Diso,2867,11.4238,2020
75,75028,Gagliano del Capo,4906,16.5981,2020
75,75029,Galatina,25944,82.6466,2020
75,75030,Galatone,15015,47.0682,2020
75,75031,Gallipoli,19679,41.2188,2020
75,75032,Giuggianello,1148,10.2665,2020
75,75033,Giurdignano,1929,14.0433,2020
75,75034,Guagnano,5488,38.0291,2020
75,75035,Lecce,95037,238.8158,2020
75,75036,Lequile,8708,36.8041,2020
75,75037,Leverano,13748,49.503,2020
75,75038,Lizzanello,11889,25.4162,2020
75,75039,Maglie,13752,22.6639,2020
75,75040,Martano,8693,22.2478,2020
75,75041,Martignano,1616,6.4921,2020
75,75042,Matino,11037,26.6286,2020
75,75043,Melendugno,9944,92.3099,2020
75,75044,Melissano,6772,12.5488,2020
75,75045,Melpignano,2134,11.1026,2020
75,75046,Miggiano,3329,7.799,2020
75,75047,Minervino di Lecce,3505,18.1285,2020
75,75048,Monteroni di Lecce,13452,16.7428,2020
75,75049,Montesano Salentino,2612,8.5283,2020
75,75050,Morciano di Leuca,3071,13.5676,2020
75,75051,Muro Leccese,4799,16.7671,2020
75,75052,Nardò,30775,193.2643,2020
75,75053,Neviano,4986,16.3019,2020
75,75054,Nociglia,2188,11.1267,2020
75,75055,Novoli,7655,18.0457,2020
75,75056,Ortelle,2246,10.2252,2020
75,75057,Otranto,5707,77.1936,2020
75,75058,Palmariggi,1399,8.9724,2020
75,75059,Parabita,8694,21.0919,2020
75,75060,Patù,1640,8.6891,2020
75,75061,Poggiardo,5845,19.9594,2020
75,75063,Racale,10634,24.2878,2020
75,75064,Ruffano,9411,39.7265,2020
75,75065,Salice Salentino,7889,59.8721,2020
75,75066,Salve,4483,33.0704,2020
75,75067,Sanarica,1443,13.0223,2020
75,75068,San Cesario di Lecce,7880,8.0889,2020
75,75069,San Donato di Lecce,5498,21.5772,2020
75,75070,Sannicola,5687,27.639,2020
75,75071,San Pietro in Lama,3443,8.1977,2020
75,75072,Santa Cesarea Terme,2877,26.8239,2020
75,75073,Scorrano,6689,35.3303,2020
75,75074,Seclì,1825,8.7759,2020
75,75075,Sogliano Cavour,3923,5.3306,2020
75,75076,Soleto,5254,30.4551,2020
75,75077,Specchia,4560,25.0953,2020
75,75078,Spongano,3491,12.4246,2020
75,75079,Squinzano,13477,31.3741,2020
75,75080,Sternatia,2171,16.7645,2020
75,75081,Supersano,4162,36.4054,2020
75,75082,Surano,1569,8.9883,2020
75,75083,Surbo,14725,20.7829,2020
75,75084,Taurisano,11328,23.6797,2020
75,75085,Taviano,11531,22.1311,2020
75,75086,Tiggiano,2778,7.7107,2020
75,75087,Trepuzzi,14100,23.9139,2020
75,75088,Tricase,17129,43.3296,2020
75,75089,Tuglie,5091,8.5014,2020
75,75090,Ugento,12006,100.396,2020
75,75091,Uggiano la Chiesa,4354,14.458,2020
75,75092,Veglie,13458,62.3085,2020
75,75093,Vernole,6784,61.2746,2020
75,75094,Zollino,1884,9.9545,2020
75,75095,San Cassiano,1966,8.7747,2020
75,75096,Castro,2331,4.5637,2020
75,75097,Porto Cesareo,6232,35.1153,2020
75,75098,Presicce-Acquarica,9436,43.0595,2020
76,76001,Abriola,1329,97.1894,2020
76,76002,Acerenza,2204,77.6422,2020
76,76003,Albano di Lucania,1369,55.8735,2020
76,76004,Anzi,1573,77.0954,2020
76,76005,Armento,577,58.9765,2020
76,76006,Atella,3744,88.4769,2020
76,76007,Avigliano,10796,85.4804,2020
76,76008,Balvano,1751,42.1526,2020
76,76009,Banzi,1230,83.0544,2020
76,76010,Baragiano,2536,29.603,2020
76,76011,Barile,2664,24.1247,2020
76,76012,Bella,4796,99.7113,2020
76,76013,Brienza,3873,82.9325,2020
76,76014,Brindisi Montagna,840,59.8776,2020
76,76015,Calvello,1775,106.3938,2020
76,76016,Calvera,361,16.0061,2020
76,76017,Campomaggiore,746,12.4751,2020
76,76018,Cancellara,1166,42.4985,2020
76,76019,Carbone,550,48.529,2020
76,76020,San Paolo Albanese,226,30.2232,2020
76,76021,Castelgrande,841,34.8983,2020
76,76022,Castelluccio Inferiore,1955,28.963,2020
76,76023,Castelluccio Superiore,739,32.9788,2020
76,76024,Castelmezzano,744,33.9081,2020
76,76025,Castelsaraceno,1243,74.7742,2020
76,76026,Castronuovo di Sant'Andrea,943,47.4521,2020
76,76027,Cersosimo,571,24.7426,2020
76,76028,Chiaromonte,1778,70.0175,2020
76,76029,Corleto Perticara,2351,89.3392,2020
76,76030,Episcopia,1276,28.644,2020
76,76031,Fardella,559,29.0762,2020
76,76032,Filiano,2800,71.8087,2020
76,76033,Forenza,1901,116.3055,2020
76,76034,Francavilla in Sinni,3987,46.8176,2020
76,76035,Gallicchio,824,23.6307,2020
76,76036,Genzano di Lucania,5377,208.9252,2020
76,76037,Grumento Nova,1598,66.6494,2020
76,76038,Guardia Perticara,524,53.6795,2020
76,76039,Lagonegro,5192,113.067,2020
76,76040,Latronico,4173,76.6582,2020
76,76041,Laurenzana,1642,95.7074,2020
76,76042,Lauria,12166,176.6271,2020
76,76043,Lavello,13139,134.6546,2020
76,76044,Maratea,4837,67.8354,2020
76,76045,Marsico Nuovo,3910,100.9652,2020
76,76046,Marsicovetere,5536,38.0116,2020
76,76047,Maschito,1511,45.8173,2020
76,76048,Melfi,17196,206.206,2020
76,76049,Missanello,533,22.3407,2020
76,76050,Moliterno,3663,98.5528,2020
76,76051,Montemilone,1438,114.133,2020
76,76052,Montemurro,1144,56.8705,2020
76,76053,Muro Lucano,4999,126.184,2020
76,76054,Nemoli,1402,19.4925,2020
76,76055,Noepoli,773,46.7094,2020
76,76056,Oppido Lucano,3627,54.8779,2020
76,76057,Palazzo San Gervasio,4540,62.9102,2020
76,76058,Pescopagano,1727,69.8342,2020
76,76059,Picerno,5687,78.5089,2020
76,76060,Pietragalla,3930,66.0977,2020
76,76061,Pietrapertosa,945,67.7025,2020
76,76062,Pignola,6830,56.235,2020
76,76063,Potenza,65420,175.4318,2020
76,76064,Rapolla,4146,29.8734,2020
76,76065,Rapone,908,29.506,2020
76,76066,Rionero in Vulture,12652,53.5181,2020
76,76067,Ripacandida,1594,33.4848,2020
76,76068,Rivello,2591,69.5848,2020
76,76069,Roccanova,1345,61.7351,2020
76,76070,Rotonda,3282,42.9226,2020
76,76071,Ruoti,3383,55.4508,2020
76,76072,Ruvo del Monte,993,32.621,2020
76,76073,San Chirico Nuovo,1225,23.3938,2020
76,76074,San Chirico Raparo,955,84.0711,2020
76,76075,San Costantino Albanese,624,43.2479,2020
76,76076,San Fele,2654,97.6989,2020
76,76077,San Martino d'Agri,685,50.3893,2020
76,76078,San Severino Lucano,1419,61.1583,2020
76,76079,Sant'Angelo Le Fratte,1331,23.1067,2020
76,76080,Sant'Arcangelo,6062,89.0963,2020
76,76081,Sarconi,1405,30.686,2020
76,76082,Sasso di Castalda,766,45.4313,2020
76,76083,Satriano di Lucania,2254,32.9008,2020
76,76084,Savoia di Lucania,1018,32.8373,2020
76,76085,Senise,6656,97.3049,2020
76,76086,Spinoso,1362,38.1821,2020
76,76087,Teana,551,19.2982,2020
76,76088,Terranova di Pollino,1065,113.069,2020
76,76089,Tito,7162,71.2665,2020
76,76090,Tolve,3047,128.6832,2020
76,76091,Tramutola,2946,36.6436,2020
76,76092,Trecchina,2159,38.1885,2020
76,76093,Trivigno,603,25.9965,2020
76,76094,Vaglio Basilicata,1903,43.3628,2020
76,76095,Venosa,11093,170.3885,2020
76,76096,Vietri di Potenza,2694,52.241,2020
76,76097,Viggianello,2790,120.827,2020
76,76098,Viggiano,3269,89.6975,2020
76,76099,Ginestra,721,13.3184,2020
76,76100,Paterno,3100,40.7355,2020
77,77001,Accettura,1679,90.3668,2020
77,77002,Aliano,891,98.4081,2020
77,77003,Bernalda,12050,126.1966,2020
77,77004,Calciano,678,49.6912,2020
77,77005,Cirigliano,297,14.9042,2020
77,77006,Colobraro,1086,66.6099,2020
77,77007,Craco,651,77.0417,2020
77,77008,Ferrandina,8137,218.1083,2020
77,77009,Garaguso,1001,38.6109,2020
77,77010,Gorgoglione,888,34.9256,2020
77,77011,Grassano,4865,41.6299,2020
77,77012,Grottole,2088,117.1502,2020
77,77013,Irsina,4459,263.453,2020
77,77014,Matera,59794,392.081,2020
77,77015,Miglionico,2395,88.8385,2020
77,77016,Montalbano Jonico,6874,135.9956,2020
77,77017,Montescaglioso,9224,175.7987,2020
77,77018,Nova Siri,6663,52.7498,2020
77,77019,Oliveto Lucano,374,31.1844,2020
77,77020,Pisticci,16889,233.6684,2020
77,77021,Policoro,17762,67.6564,2020
77,77022,Pomarico,3884,129.6666,2020
77,77023,Rotondella,2489,76.7161,2020
77,77024,Salandra,2595,77.4371,2020
77,77025,San Giorgio Lucano,1091,39.2579,2020
77,77026,San Mauro Forte,1310,87.0579,2020
77,77027,Stigliano,3768,211.1428,2020
77,77028,Tricarico,4890,178.1606,2020
77,77029,Tursi,4849,159.93,2020
77,77030,Valsinni,1384,32.2192,2020
77,77031,Scanzano Jonico,7635,72.178,2020
78,78001,Acquaformosa,998,22.7052,2020
78,78002,Acquappesa,1755,14.4536,2020
78,78003,Acri,19380,200.6273,2020
78,78004,Aiello Calabro,1468,38.5059,2020
78,78005,Aieta,771,48.2952,2020
78,78006,Albidona,1203,64.669,2020
78,78007,Alessandria del Carretto,375,41.112,2020
78,78008,Altilia,671,10.5604,2020
78,78009,Altomonte,4116,65.7159,2020
78,78010,Amantea,13770,29.456,2020
78,78011,Amendolara,2753,60.9084,2020
78,78012,Aprigliano,2461,122.4229,2020
78,78013,Belmonte Calabro,1772,23.9782,2020
78,78014,Belsito,900,11.5532,2020
78,78015,Belvedere Marittimo,9045,37.085,2020
78,78016,Bianchi,1218,33.3199,2020
78,78017,Bisignano,9593,86.1967,2020
78,78018,Bocchigliero,1117,98.8185,2020
78,78019,Bonifati,2611,33.8466,2020
78,78020,Buonvicino,2072,30.5945,2020
78,78021,Calopezzati,1310,22.574,2020
78,78022,Caloveto,1152,24.9642,2020
78,78023,Campana,1546,104.6457,2020
78,78024,Canna,661,20.3671,2020
78,78025,Cariati,7496,28.8228,2020
78,78026,Carolei,3138,15.4296,2020
78,78027,Carpanzano,214,14.2733,2020
78,78029,Cassano all'Ionio,16645,159.0676,2020
78,78030,Castiglione Cosentino,2656,14.0869,2020
78,78031,Castrolibero,9398,11.5571,2020
78,78032,Castroregio,246,42.0574,2020
78,78033,Castrovillari,21088,130.6354,2020
78,78034,Celico,2545,99.7468,2020
78,78035,Cellara,485,5.8584,2020
78,78036,Cerchiara di Calabria,2218,81.9632,2020
78,78037,Cerisano,2962,15.3177,2020
78,78038,Cervicati,793,12.0861,2020
78,78039,Cerzeto,1227,21.8954,2020
78,78040,Cetraro,9478,66.1416,2020
78,78041,Civita,859,27.6187,2020
78,78042,Cleto,1187,18.984,2020
78,78043,Colosimi,1163,25.5793,2020
78,78045,Cosenza,64070,37.8605,2020
78,78046,Cropalati,1009,33.6973,2020
78,78047,Crosia,9621,21.1022,2020
78,78048,Diamante,5049,12.2068,2020
78,78049,Dipignano,4196,23.3725,2020
78,78050,Domanico,929,23.6617,2020
78,78051,Fagnano Castello,3472,29.6743,2020
78,78052,Falconara Albanese,1416,19.2708,2020
78,78053,Figline Vegliaturo,1116,4.1646,2020
78,78054,Firmo,1888,11.7008,2020
78,78055,Fiumefreddo Bruzio,2769,32.06,2020
78,78056,Francavilla Marittima,2814,33.0161,2020
78,78057,Frascineto,1932,29.1137,2020
78,78058,Fuscaldo,7905,60.7961,2020
78,78059,Grimaldi,1536,24.7085,2020
78,78060,Grisolia,2199,51.7482,2020
78,78061,Guardia Piemontese,1728,21.4629,2020
78,78062,Lago,2318,49.9546,2020
78,78063,Laino Borgo,1769,57.0811,2020
78,78064,Laino Castello,787,37.3359,2020
78,78065,Lappano,893,12.2096,2020
78,78066,Lattarico,3799,43.9328,2020
78,78067,Longobardi,2259,18.2379,2020
78,78068,Longobucco,2774,212.2541,2020
78,78069,Lungro,2264,35.65,2020
78,78070,Luzzi,8754,77.6003,2020
78,78071,Maierà,1156,17.7812,2020
78,78072,Malito,748,16.9158,2020
78,78073,Malvito,1693,38.2373,2020
78,78074,Mandatoriccio,2498,37.3158,2020
78,78075,Mangone,1901,12.273,2020
78,78076,Marano Marchesato,3356,5.0425,2020
78,78077,Marano Principato,3059,6.3222,2020
78,78078,Marzi,965,15.811,2020
78,78079,Mendicino,9267,35.6846,2020
78,78080,Mongrassano,1489,35.1555,2020
78,78081,Montalto Uffugo,20011,76.6698,2020
78,78082,Montegiordano,1639,35.8744,2020
78,78083,Morano Calabro,4021,116.2522,2020
78,78084,Mormanno,2684,78.8798,2020
78,78085,Mottafollone,1111,31.5829,2020
78,78086,Nocara,343,34.046,2020
78,78087,Oriolo,1921,85.6014,2020
78,78088,Orsomarso,1153,90.4127,2020
78,78089,Paludi,971,41.7394,2020
78,78090,Panettieri,318,14.6663,2020
78,78091,Paola,14928,42.8807,2020
78,78092,Papasidero,652,55.2168,2020
78,78093,Parenti,2047,37.6176,2020
78,78094,Paterno Calabro,1322,24.2016,2020
78,78096,Pedivigliano,763,16.6546,2020
78,78097,Piane Crati,1382,2.3317,2020
78,78098,Pietrafitta,1184,9.239,2020
78,78099,Pietrapaola,1019,52.8163,2020
78,78100,Plataci,678,49.4092,2020
78,78101,Praia a Mare,6423,23.5918,2020
78,78102,Rende,35725,55.2809,2020
78,78103,Rocca Imperiale,3253,55.029,2020
78,78104,Roggiano Gravina,6813,44.8772,2020
78,78105,Rogliano,5425,41.6841,2020
78,78106,Rose,4188,47.4913,2020
78,78107,Roseto Capo Spulico,1870,30.66,2020
78,78109,Rota Greca,983,13.124,2020
78,78110,Rovito,3053,10.6823,2020
78,78111,San Basile,954,18.6715,2020
78,78112,San Benedetto Ullano,1404,19.5715,2020
78,78113,San Cosmo Albanese,581,11.5719,2020
78,78114,San Demetrio Corone,3130,61.8737,2020
78,78115,San Donato di Ninea,1142,82.397,2020
78,78116,San Fili,2503,20.9596,2020
78,78117,Sangineto,1236,27.5092,2020
78,78118,San Giorgio Albanese,1326,22.6832,2020
78,78119,San Giovanni in Fiore,16222,282.5284,2020
78,78120,San Lorenzo Bellizzi,561,40.6282,2020
78,78121,San Lorenzo del Vallo,3131,22.9284,2020
78,78122,San Lucido,5939,27.1183,2020
78,78123,San Marco Argentano,7063,80.4949,2020
78,78124,San Martino di Finita,971,23.8985,2020
78,78125,San Nicola Arcella,1917,11.6934,2020
78,78126,San Pietro in Amantea,500,9.8441,2020
78,78127,San Pietro in Guarano,3461,48.3442,2020
78,78128,San Sosti,1924,43.5465,2020
78,78129,Santa Caterina Albanese,1171,17.3426,2020
78,78130,Santa Domenica Talao,1153,36.116,2020
78,78131,Sant'Agata di Esaro,1724,47.6249,2020
78,78132,Santa Maria del Cedro,4865,18.4204,2020
78,78133,Santa Sofia d'Epiro,2251,39.2169,2020
78,78134,Santo Stefano di Rogliano,1676,19.5644,2020
78,78135,San Vincenzo La Costa,2023,18.4163,2020
78,78136,Saracena,3480,109.1501,2020
78,78137,Scala Coeli,866,67.4966,2020
78,78138,Scalea,11017,22.5554,2020
78,78139,Scigliano,1113,17.4634,2020
78,78140,Serra d'Aiello,500,4.5118,2020
78,78142,Spezzano Albanese,6678,32.2636,2020
78,78143,Spezzano della Sila,4292,80.2874,2020
78,78145,Tarsia,1883,48.2778,2020
78,78146,Terranova da Sibari,4673,43.4561,2020
78,78147,Terravecchia,637,20.1208,2020
78,78148,Torano Castello,4373,30.2216,2020
78,78149,Tortora,5868,58.215,2020
78,78150,Trebisacce,8647,26.7168,2020
78,78152,Vaccarizzo Albanese,1047,8.5337,2020
78,78153,Verbicaro,2642,32.6418,2020
78,78154,Villapiana,5419,39.733,2020
78,78155,Zumpano,2621,8.0838,2020
78,78156,Casali del Manco,9612,168.9546,2020
78,78157,Corigliano-Rossano,74129,346.5524,2020
79,79002,Albi,852,29.6368,2020
79,79003,Amaroni,1678,9.8829,2020
79,79004,Amato,784,20.9328,2020
79,79005,Andali,674,17.8675,2020
79,79007,Argusto,475,6.8792,2020
79,79008,Badolato,2827,37.0665,2020
79,79009,Belcastro,1227,53.2162,2020
79,79011,Borgia,7275,42.3744,2020
79,79012,Botricello,4995,15.4779,2020
79,79017,Caraffa di Catanzaro,1732,25.0502,2020
79,79018,Cardinale,1828,30.119,2020
79,79020,Carlopoli,1406,16.4125,2020
79,79023,Catanzaro,86183,112.7223,2020
79,79024,Cenadi,513,11.9153,2020
79,79025,Centrache,360,7.9582,2020
79,79027,Cerva,1130,21.3688,2020
79,79029,Chiaravalle Centrale,5203,23.8247,2020
79,79030,Cicala,902,9.2845,2020
79,79033,Conflenti,1300,29.3399,2020
79,79034,Cortale,1902,30.0099,2020
79,79036,Cropani,4649,44.8062,2020
79,79039,Curinga,6549,52.5252,2020
79,79042,Davoli,5406,25.0251,2020
79,79043,Decollatura,2915,50.8301,2020
79,79047,Falerna,3748,24.0411,2020
79,79048,Feroleto Antico,1982,22.3812,2020
79,79052,Fossato Serralta,571,11.8533,2020
79,79055,Gagliato,436,7.0372,2020
79,79056,Gasperina,1906,6.7817,2020
79,79058,Gimigliano,3057,33.5464,2020
79,79059,Girifalco,5589,43.0791,2020
79,79060,Gizzeria,4971,37.1937,2020
79,79061,Guardavalle,4205,60.2658,2020
79,79063,Isca sullo Ionio,1487,23.5552,2020
79,79065,Jacurso,570,21.2035,2020
79,79068,Magisano,1137,31.9401,2020
79,79069,Maida,4409,58.3341,2020
79,79071,Marcedusa,403,15.6834,2020
79,79072,Marcellinara,2192,20.9053,2020
79,79073,Martirano,850,14.8982,2020
79,79074,Martirano Lombardo,993,19.8432,2020
79,79077,Miglierina,731,13.9398,2020
79,79080,Montauro,1732,11.7399,2020
79,79081,Montepaone,5500,16.8499,2020
79,79083,Motta Santa Lucia,800,26.2959,2020
79,79087,Nocera Terinese,4741,46.5793,2020
79,79088,Olivadi,497,7.1687,2020
79,79089,Palermiti,1081,18.3841,2020
79,79092,Pentone,1941,12.3828,2020
79,79094,Petrizzi,1005,21.8991,2020
79,79095,Petronà,2448,46.1278,2020
79,79096,Pianopoli,2533,24.65,2020
79,79099,Platania,1923,26.8396,2020
79,79108,San Floro,714,18.3199,2020
79,79110,San Mango d'Aquino,1451,6.8918,2020
79,79114,San Pietro a Maida,3820,16.453,2020
79,79115,San Pietro Apostolo,1564,11.7227,2020
79,79116,San Sostene,1417,32.4844,2020
79,79117,Santa Caterina dello Ionio,1971,40.6942,2020
79,79118,Sant'Andrea Apostolo dello Ionio,1758,21.4332,2020
79,79122,San Vito sullo Ionio,1637,17.1712,2020
79,79123,Satriano,3318,21.1558,2020
79,79126,Sellia,505,12.809,2020
79,79127,Sellia Marina,7543,41.455,2020
79,79129,Serrastretta,2962,41.6486,2020
79,79130,Sersale,4318,53.2973,2020
79,79131,Settingiano,3164,14.3494,2020
79,79133,Simeri Crichi,4673,46.7436,2020
79,79134,Sorbo San Basile,792,59.279,2020
79,79137,Soverato,8712,7.7924,2020
79,79138,Soveria Mannelli,2897,20.4957,2020
79,79139,Soveria Simeri,1464,22.2796,2020
79,79142,Squillace,3540,34.326,2020
79,79143,Stalettì,2303,12.1084,2020
79,79146,Taverna,2522,132.3058,2020
79,79147,Tiriolo,3650,29.2624,2020
79,79148,Torre di Ruggiero,967,25.3698,2020
79,79151,Vallefiorita,1527,13.8782,2020
79,79157,Zagarise,1478,49.3295,2020
79,79160,Lamezia Terme,67569,162.4255,2020
280,80001,Africo,2791,53.8961,2020
280,80002,Agnana Calabra,488,8.4872,2020
280,80003,Anoia,2059,10.1679,2020
280,80004,Antonimina,1200,22.9063,2020
280,80005,Ardore,4822,32.7748,2020
280,80006,Bagaladi,956,30.0185,2020
280,80007,Bagnara Calabra,9534,24.8528,2020
280,80008,Benestare,2469,18.7159,2020
280,80009,Bianco,4158,29.9844,2020
280,80010,Bivongi,1216,25.3448,2020
280,80011,Bova,402,46.9429,2020
280,80012,Bovalino,8689,18.0561,2020
280,80013,Bova Marina,4156,29.4995,2020
280,80014,Brancaleone,3314,36.1371,2020
280,80015,Bruzzano Zeffirio,1054,20.7427,2020
280,80016,Calanna,799,10.9648,2020
280,80017,Camini,778,17.4105,2020
280,80018,Campo Calabro,4473,8.0092,2020
280,80019,Candidoni,418,26.9521,2020
280,80020,Canolo,700,28.2971,2020
280,80021,Caraffa del Bianco,469,11.4621,2020
280,80022,Cardeto,1372,37.2657,2020
280,80023,Careri,2145,38.1623,2020
280,80024,Casignana,726,24.5414,2020
280,80025,Caulonia,6749,101.7562,2020
280,80026,Ciminà,534,49.2342,2020
280,80027,Cinquefrondi,6244,29.9509,2020
280,80028,Cittanova,9855,61.9827,2020
280,80029,Condofuri,4712,60.2945,2020
280,80030,Cosoleto,822,34.3736,2020
280,80031,Delianuova,3141,21.38,2020
280,80032,Feroleto della Chiesa,1517,7.5555,2020
280,80033,Ferruzzano,771,19.1061,2020
280,80034,Fiumara,871,6.5876,2020
280,80035,Galatro,1499,51.3403,2020
280,80036,Gerace,2426,28.9874,2020
280,80037,Giffone,1602,14.7186,2020
280,80038,Gioia Tauro,19133,39.8668,2020
280,80039,Gioiosa Ionica,6799,36.0708,2020
280,80040,Grotteria,2876,37.9745,2020
280,80041,Laganadi,378,8.1905,2020
280,80042,Laureana di Borrello,4716,35.6906,2020
280,80043,Locri,11925,25.7538,2020
280,80044,Mammola,2537,81.0708,2020
280,80045,Marina di Gioiosa Ionica,6282,16.1551,2020
280,80046,Maropati,1377,10.519,2020
280,80047,Martone,520,8.3362,2020
280,80048,Melicuccà,841,17.4033,2020
280,80049,Melicucco,4851,6.5328,2020
280,80050,Melito di Porto Salvo,10650,35.4083,2020
280,80051,Molochio,2279,37.4469,2020
280,80052,Monasterace,3407,15.7333,2020
280,80053,Montebello Jonico,5736,56.4508,2020
280,80054,Motta San Giovanni,5699,46.4757,2020
280,80055,Oppido Mamertina,4897,58.8739,2020
280,80056,Palizzi,2097,52.6163,2020
280,80057,Palmi,17842,32.121,2020
280,80058,Pazzano,504,15.569,2020
280,80059,Placanica,1044,29.5105,2020
280,80060,Platì,3736,50.8735,2020
280,80061,Polistena,9988,11.7699,2020
280,80062,Portigliola,1086,5.998,2020
280,80063,Reggio di Calabria,173026,239.0361,2020
280,80064,Riace,1856,16.2369,2020
280,80065,Rizziconi,7623,40.2229,2020
280,80066,Roccaforte del Greco,387,43.8565,2020
280,80067,Roccella Ionica,6209,37.8198,2020
280,80068,Roghudi,952,46.9207,2020
280,80069,Rosarno,14561,39.5572,2020
280,80070,Samo,742,50.2181,2020
280,80071,San Giorgio Morgeto,2965,35.4002,2020
280,80072,San Giovanni di Gerace,420,13.5662,2020
280,80073,San Lorenzo,2331,64.5201,2020
280,80074,San Luca,3499,105.3446,2020
280,80075,San Pietro di Caridà,1030,48.0777,2020
280,80076,San Procopio,511,11.3583,2020
280,80077,San Roberto,1563,34.6363,2020
280,80078,Santa Cristina d'Aspromonte,795,23.4089,2020
280,80079,Sant'Agata del Bianco,582,20.1995,2020
280,80080,Sant'Alessio in Aspromonte,332,3.9925,2020
280,80081,Sant'Eufemia d'Aspromonte,3792,32.8795,2020
280,80082,Sant'Ilario dello Ionio,1345,13.9996,2020
280,80083,Santo Stefano in Aspromonte,1163,17.7968,2020
280,80084,Scido,866,17.5297,2020
280,80085,Scilla,4629,44.1308,2020
280,80086,Seminara,2510,33.854,2020
280,80087,Serrata,801,22.0617,2020
280,80088,Siderno,17493,31.8595,2020
280,80089,Sinopoli,1897,25.2146,2020
280,80090,Staiti,201,16.3085,2020
280,80091,Stignano,1221,17.765,2020
280,80092,Stilo,2423,78.1081,2020
280,80093,Taurianova,14884,48.5444,2020
280,80094,Terranova Sappo Minulio,476,9.1204,2020
280,80095,Varapodio,2018,29.124,2020
280,80096,Villa San Giovanni,12931,12.1747,2020
280,80097,San Ferdinando,4626,14.198,2020
81,81001,Alcamo,44741,130.8932,2020
81,81002,Buseto Palizzolo,2799,72.8093,2020
81,81003,Calatafimi-Segesta,6276,154.8616,2020
81,81004,Campobello di Mazara,11411,65.8321,2020
81,81005,Castellammare del Golfo,14529,127.3202,2020
81,81006,Castelvetrano,29855,209.7569,2020
81,81007,Custonaci,5307,69.9007,2020
81,81008,Erice,26490,47.3374,2020
81,81009,Favignana,4270,38.3149,2020
81,81010,Gibellina,3836,46.5738,2020
81,81011,Marsala,80661,243.2581,2020
81,81012,Mazara del Vallo,50334,274.7416,2020
81,81013,Paceco,10903,58.0074,2020
81,81014,Pantelleria,7366,84.5311,2020
81,81015,Partanna,10021,82.7263,2020
81,81016,Poggioreale,1394,37.4571,2020
81,81017,Salaparuta,1596,41.4154,2020
81,81018,Salemi,10114,182.421,2020
81,81019,Santa Ninfa,4842,60.9436,2020
81,81020,San Vito Lo Capo,4772,60.1187,2020
81,81021,Trapani,65378,273.1336,2020
81,81022,Valderice,11587,52.9625,2020
81,81023,Vita,1819,9.1029,2020
81,81024,Petrosino,7976,45.2764,2020
282,82001,Alia,3379,45.9748,2020
282,82002,Alimena,1808,59.6975,2020
282,82003,Aliminusa,1107,13.6806,2020
282,82004,Altavilla Milicia,8307,23.7839,2020
282,82005,Altofonte,9849,35.4356,2020
282,82006,Bagheria,53025,29.8358,2020
282,82007,Balestrate,6160,6.4298,2020
282,82008,Baucina,1842,24.471,2020
282,82009,Belmonte Mezzagno,10905,29.2934,2020
282,82010,Bisacquino,4203,64.9696,2020
282,82011,Bolognetta,4042,27.6253,2020
282,82012,Bompietro,1250,42.4101,2020
282,82013,Borgetto,7069,26.0237,2020
282,82014,Caccamo,7827,188.2312,2020
282,82015,Caltavuturo,3663,97.9459,2020
282,82016,Campofelice di Fitalia,473,35.456,2020
282,82017,Campofelice di Roccella,7511,14.506,2020
282,82018,Campofiorito,1181,21.6994,2020
282,82019,Camporeale,3029,38.7206,2020
282,82020,Capaci,11283,6.1204,2020
282,82021,Carini,38405,76.594,2020
282,82022,Castelbuono,8256,60.7859,2020
282,82023,Casteldaccia,11586,33.9185,2020
282,82024,Castellana Sicula,3101,73.1964,2020
282,82025,Castronovo di Sicilia,2880,201.04,2020
282,82026,Cefalà Diana,995,9.0592,2020
282,82027,Cefalù,13877,66.2409,2020
282,82028,Cerda,4979,43.8343,2020
282,82029,Chiusa Sclafani,2611,57.5503,2020
282,82030,Ciminna,3485,56.4206,2020
282,82031,Cinisi,11827,33.1617,2020
282,82032,Collesano,3772,108.1646,2020
282,82033,Contessa Entellina,1536,136.4759,2020
282,82034,Corleone,10580,229.4546,2020
282,82035,Ficarazzi,12768,3.5295,2020
282,82036,Gangi,6285,127.4634,2020
282,82037,Geraci Siculo,1768,113.3465,2020
282,82038,Giardinello,2267,12.8844,2020
282,82039,Giuliana,1730,24.141,2020
282,82040,Godrano,1087,39.2021,2020
282,82041,Gratteri,887,38.1661,2020
282,82042,Isnello,1368,50.9969,2020
282,82043,Isola delle Femmine,7026,3.5663,2020
282,82044,Lascari,3656,10.3266,2020
282,82045,Lercara Friddi,6340,37.4931,2020
282,82046,Marineo,6287,33.2219,2020
282,82047,Mezzojuso,2713,49.2544,2020
282,82048,Misilmeri,28589,69.4886,2020
282,82049,Monreale,38226,530.1798,2020
282,82050,Montelepre,5844,9.8912,2020
282,82051,Montemaggiore Belsito,3029,32.0755,2020
282,82052,Palazzo Adriano,1863,130.0959,2020
282,82053,Palermo,637885,160.5878,2020
282,82054,Partinico,30621,108.0579,2020
282,82055,Petralia Soprana,3046,56.1025,2020
282,82056,Petralia Sottana,2505,178.344,2020
282,82057,Piana degli Albanesi,5658,64.9165,2020
282,82058,Polizzi Generosa,3016,134.6583,2020
282,82059,Pollina,2827,49.9291,2020
282,82060,Prizzi,4342,95.0363,2020
282,82061,Roccamena,1388,33.717,2020
282,82062,Roccapalumba,2298,31.5663,2020
282,82063,San Cipirello,5050,20.8522,2020
282,82064,San Giuseppe Jato,8208,29.7814,2020
282,82065,San Mauro Castelverde,1415,114.3653,2020
282,82066,Santa Cristina Gela,988,38.7414,2020
282,82067,Santa Flavia,10879,14.5987,2020
282,82068,Sciara,2551,31.1931,2020
282,82069,Sclafani Bagni,388,134.9024,2020
282,82070,Termini Imerese,25173,76.6885,2020
282,82071,Terrasini,12483,19.8463,2020
282,82072,Torretta,4173,25.5421,2020
282,82073,Trabia,10279,22.0772,2020
282,82074,Trappeto,2987,4.1885,2020
282,82075,Ustica,1271,8.2407,2020
282,82076,Valledolmo,3287,25.7793,2020
282,82077,Ventimiglia di Sicilia,1825,26.9001,2020
282,82078,Vicari,2484,85.9462,2020
282,82079,Villabate,19568,3.7977,2020
282,82080,Villafrati,3142,25.6441,2020
282,82081,Scillato,627,31.6956,2020
282,82082,Blufi,919,21.9813,2020
283,83001,Alcara li Fusi,1763,62.9346,2020
283,83002,Alì,702,15.9386,2020
283,83003,Alì Terme,2378,6.2744,2020
283,83004,Antillo,844,43.6346,2020
283,83005,Barcellona Pozzo di Gotto,39945,59.1418,2020
283,83006,Basicò,563,12.0685,2020
283,83007,Brolo,5742,7.6646,2020
283,83008,Capizzi,2918,70.1664,2020
283,83009,Capo d'Orlando,13034,14.4275,2020
283,83010,Capri Leone,4293,6.7645,2020
283,83011,Caronia,3097,227.2587,2020
283,83012,Casalvecchio Siculo,749,33.6218,2020
283,83013,Castel di Lucio,1206,28.7781,2020
283,83014,Castell'Umberto,2872,11.4282,2020
283,83015,Castelmola,1070,16.828,2020
283,83016,Castroreale,2255,53.0694,2020
283,83017,Cesarò,2212,216.9304,2020
283,83018,Condrò,467,5.1324,2020
283,83019,Falcone,2703,9.3367,2020
283,83020,Ficarra,1331,18.6563,2020
283,83021,Fiumedinisi,1294,36.6938,2020
283,83022,Floresta,447,31.3311,2020
283,83023,Fondachelli-Fantina,1008,42.2116,2020
283,83024,Forza d'Agrò,883,11.189,2020
283,83025,Francavilla di Sicilia,3636,82.7262,2020
283,83026,Frazzanò,601,6.9981,2020
283,83027,Furci Siculo,3205,17.9132,2020
283,83028,Furnari,3753,13.5543,2020
283,83029,Gaggi,3039,7.6505,2020
283,83030,Galati Mamertino,2361,39.3108,2020
283,83031,Gallodoro,348,6.9083,2020
283,83032,Giardini-Naxos,9006,5.2904,2020
283,83033,Gioiosa Marea,6757,26.4823,2020
283,83034,Graniti,1425,10.0474,2020
283,83035,Gualtieri Sicaminò,1615,14.3838,2020
283,83036,Itala,1472,10.9835,2020
283,83037,Leni,689,8.7899,2020
283,83038,Letojanni,2757,6.7241,2020
283,83039,Librizzi,1586,23.3863,2020
283,83040,Limina,735,9.9924,2020
283,83041,Lipari,12266,89.7135,2020
283,83042,Longi,1348,42.1099,2020
283,83043,Malfa,983,8.7352,2020
283,83044,Malvagna,649,6.7094,2020
283,83045,Mandanici,557,11.8536,2020
283,83046,Mazzarrà Sant'Andrea,1405,6.6942,2020
283,83047,Merì,2330,1.8503,2020
283,83048,Messina,222329,213.7621,2020
283,83049,Milazzo,30421,24.7022,2020
283,83050,Militello Rosmarino,1197,29.5356,2020
283,83051,Mirto,913,9.2692,2020
283,83052,Mistretta,4434,127.4678,2020
283,83053,Moio Alcantara,664,8.5996,2020
283,83054,Monforte San Giorgio,2564,32.2599,2020
283,83055,Mongiuffi Melia,550,24.3623,2020
283,83056,Montagnareale,1426,16.3769,2020
283,83057,Montalbano Elicona,2001,67.8008,2020
283,83058,Motta Camastra,804,25.309,2020
283,83059,Motta d'Affermo,670,14.5764,2020
283,83060,Naso,3523,36.7367,2020
283,83061,Nizza di Sicilia,3518,13.4154,2020
283,83062,Novara di Sicilia,1190,49.1783,2020
283,83063,Oliveri,2036,10.4348,2020
283,83064,Pace del Mela,6056,12.1757,2020
283,83065,Pagliara,1097,14.4792,2020
283,83066,Patti,12788,50.0766,2020
283,83067,Pettineo,1240,30.6164,2020
283,83068,Piraino,3798,16.9687,2020
283,83069,Raccuja,899,25.2019,2020
283,83070,Reitano,733,14.1173,2020
283,83071,Roccafiorita,182,1.1681,2020
283,83072,Roccalumera,3953,8.906,2020
283,83073,Roccavaldina,1007,7.1325,2020
283,83074,Roccella Valdemone,583,41.1511,2020
283,83075,Rodì Milici,1957,36.5448,2020
283,83076,Rometta,6420,32.1231,2020
283,83077,San Filippo del Mela,6764,10.0502,2020
283,83078,San Fratello,3350,67.6292,2020
283,83079,San Marco d'Alunzio,1830,26.1407,2020
283,83080,San Pier Niceto,2583,36.6798,2020
283,83081,San Piero Patti,2651,41.8183,2020
283,83082,San Salvatore di Fitalia,1178,14.9963,2020
283,83083,Santa Domenica Vittoria,871,20.1634,2020
283,83084,Sant'Agata di Militello,11989,33.9764,2020
283,83085,Sant'Alessio Siculo,1488,6.1676,2020
283,83086,Santa Lucia del Mela,4453,85.674,2020
283,83087,Santa Marina Salina,850,8.7814,2020
283,83088,Sant'Angelo di Brolo,2826,30.3859,2020
283,83089,Santa Teresa di Riva,9271,8.1175,2020
283,83090,San Teodoro,1260,13.974,2020
283,83091,Santo Stefano di Camastra,4416,21.9173,2020
283,83092,Saponara,3707,26.2623,2020
283,83093,Savoca,1660,9.0755,2020
283,83094,Scaletta Zanclea,1915,4.7618,2020
283,83095,Sinagra,2515,24.027,2020
283,83096,Spadafora,4701,10.5246,2020
283,83097,Taormina,10492,13.1331,2020
283,83098,Torregrotta,7239,4.126,2020
283,83099,Tortorici,5908,70.5008,2020
283,83100,Tripi,769,54.6669,2020
283,83101,Tusa,2663,41.0737,2020
283,83102,Ucria,940,26.2643,2020
283,83103,Valdina,1276,2.6016,2020
283,83104,Venetico,3896,4.517,2020
283,83105,Villafranca Tirrena,8196,14.2458,2020
283,83106,Terme Vigliatore,7165,13.228,2020
283,83107,Acquedolci,5466,12.9304,2020
283,83108,Torrenova,4440,12.9268,2020
84,84001,Agrigento,55872,245.3165,2020
84,84002,Alessandria della Rocca,2567,62.2395,2020
84,84003,Aragona,8892,74.7015,2020
84,84004,Bivona,3298,88.5732,2020
84,84005,Burgio,2532,42.2307,2020
84,84006,Calamonaci,1203,32.8901,2020
84,84007,Caltabellotta,3310,124.087,2020
84,84008,Camastra,1910,16.3155,2020
84,84009,Cammarata,5930,192.453,2020
84,84010,Campobello di Licata,9260,81.3276,2020
84,84011,Canicattì,34446,91.8595,2020
84,84012,Casteltermini,7473,99.9816,2020
84,84013,Castrofilippo,2646,18.0752,2020
84,84014,Cattolica Eraclea,3364,62.1638,2020
84,84015,Cianciana,3177,38.0815,2020
84,84016,Comitini,887,21.89,2020
84,84017,Favara,31821,81.875,2020
84,84018,Grotte,5303,23.976,2020
84,84019,Joppolo Giancaxio,1102,19.1421,2020
84,84020,Lampedusa e Linosa,6337,25.2217,2020
84,84021,Licata,34671,179.9535,2020
84,84022,Lucca Sicula,1730,18.632,2020
84,84023,Menfi,11812,113.578,2020
84,84024,Montallegro,2385,27.4124,2020
84,84025,Montevago,2734,32.9092,2020
84,84026,Naro,7110,207.4873,2020
84,84027,Palma di Montechiaro,21437,77.0626,2020
84,84028,Porto Empedocle,15622,25.2257,2020
84,84029,Racalmuto,7603,68.1009,2020
84,84030,Raffadali,12260,22.2987,2020
84,84031,Ravanusa,10574,49.5006,2020
84,84032,Realmonte,4379,20.3693,2020
84,84033,Ribera,18058,118.521,2020
84,84034,Sambuca di Sicilia,5485,96.3715,2020
84,84035,San Biagio Platani,2946,42.6663,2020
84,84036,San Giovanni Gemini,7590,26.5594,2020
84,84037,Santa Elisabetta,2166,16.1674,2020
84,84038,Santa Margherita di Belice,6104,67.2752,2020
84,84039,Sant'Angelo Muxaro,1184,64.5212,2020
84,84040,Santo Stefano Quisquina,4216,85.5183,2020
84,84041,Sciacca,39250,191.6678,2020
84,84042,Siculiana,4177,40.9909,2020
84,84043,Villafranca Sicula,1358,17.6292,2020
85,85001,Acquaviva Platani,891,14.6333,2020
85,85002,Bompensiere,522,19.9464,2020
85,85003,Butera,4234,298.5222,2020
85,85004,Caltanissetta,59864,421.2465,2020
85,85005,Campofranco,2758,36.113,2020
85,85006,Delia,3958,12.3988,2020
85,85007,Gela,72491,279.2195,2020
85,85008,Marianopoli,1669,13.0705,2020
85,85009,Mazzarino,11181,295.5893,2020
85,85010,Milena,2777,24.6266,2020
85,85011,Montedoro,1418,14.5331,2020
85,85012,Mussomeli,10059,164.4247,2020
85,85013,Niscemi,25180,96.8171,2020
85,85014,Resuttano,1809,38.2733,2020
85,85015,Riesi,10697,66.9953,2020
85,85016,San Cataldo,21255,72.7746,2020
85,85017,Santa Caterina Villarmosa,4847,75.8139,2020
85,85018,Serradifalco,5679,41.9382,2020
85,85019,Sommatino,6487,34.7565,2020
85,85020,Sutera,1234,35.5836,2020
85,85021,Vallelunga Pratameno,3198,39.3738,2020
85,85022,Villalba,1480,41.8177,2020
86,86001,Agira,7756,164.0807,2020
86,86002,Aidone,4389,210.7759,2020
86,86003,Assoro,4892,112.1499,2020
86,86004,Barrafranca,12063,53.712,2020
86,86005,Calascibetta,4169,89.1179,2020
86,86006,Catenanuova,4519,11.2247,2020
86,86007,Centuripe,5172,174.1946,2020
86,86008,Cerami,1859,95.0465,2020
86,86009,Enna,26037,358.7437,2020
86,86010,Gagliano Castelferrato,3368,56.2367,2020
86,86011,Leonforte,12583,84.3917,2020
86,86012,Nicosia,12947,218.5057,2020
86,86013,Nissoria,2849,61.8245,2020
86,86014,Piazza Armerina,20749,304.5376,2020
86,86015,Pietraperzia,6459,118.1099,2020
86,86016,Regalbuto,6830,170.2924,2020
86,86017,Sperlinga,691,59.139,2020
86,86018,Troina,8699,168.2777,2020
86,86019,Valguarnera Caropepe,7163,9.4134,2020
86,86020,Villarosa,4496,54.892,2020
287,87001,Aci Bonaccorsi,3495,1.7242,2020
287,87002,Aci Castello,17987,8.7058,2020
287,87003,Aci Catena,28160,8.5219,2020
287,87004,Acireale,50627,40.4413,2020
287,87005,Aci Sant'Antonio,17867,14.3333,2020
287,87006,Adrano,33926,83.2208,2020
287,87007,Belpasso,27546,166.3264,2020
287,87008,Biancavilla,22987,70.2753,2020
287,87009,Bronte,18327,250.8569,2020
287,87010,Calatabiano,5133,26.4172,2020
287,87011,Caltagirone,36241,383.3735,2020
287,87012,Camporotondo Etneo,5149,6.554,2020
287,87013,Castel di Iudica,4352,103.2097,2020
287,87014,Castiglione di Sicilia,2969,118.9022,2020
287,87015,Catania,300356,182.796,2020
287,87016,Fiumefreddo di Sicilia,9086,12.1599,2020
287,87017,Giarre,26485,27.3544,2020
287,87018,Grammichele,12561,32.0655,2020
287,87019,Gravina di Catania,25031,5.1302,2020
287,87020,Licodia Eubea,2794,112.4453,2020
287,87021,Linguaglossa,5098,60.2466,2020
287,87022,Maletto,3613,40.9571,2020
287,87023,Mascali,14092,37.8462,2020
287,87024,Mascalucia,31628,16.3066,2020
287,87025,Militello in Val di Catania,6792,62.4748,2020
287,87026,Milo,1038,16.6713,2020
287,87027,Mineo,4991,245.2684,2020
287,87028,Mirabella Imbaccari,4282,15.3009,2020
287,87029,Misterbianco,48943,37.6868,2020
287,87030,Motta Sant'Anastasia,11987,35.6999,2020
287,87031,Nicolosi,7529,42.6505,2020
287,87032,Palagonia,15805,57.7851,2020
287,87033,Paternò,45621,144.6802,2020
287,87034,Pedara,14714,19.2394,2020
287,87035,Piedimonte Etneo,3927,26.5431,2020
287,87036,Raddusa,2875,23.3861,2020
287,87037,Ramacca,10377,306.4331,2020
287,87038,Randazzo,10324,205.6137,2020
287,87039,Riposto,13969,13.2139,2020
287,87040,San Cono,2431,6.6313,2020
287,87041,San Giovanni la Punta,23336,10.8496,2020
287,87042,San Gregorio di Catania,11464,5.649,2020
287,87043,San Michele di Ganzaria,2965,25.8122,2020
287,87044,San Pietro Clarenza,8123,6.2721,2020
287,87045,Sant'Agata li Battiati,9318,3.118,2020
287,87046,Sant'Alfio,1522,25.8595,2020
287,87047,Santa Maria di Licodia,7395,26.2767,2020
287,87048,Santa Venerina,8303,19.0259,2020
287,87049,Scordia,16296,24.3092,2020
287,87050,Trecastagni,11073,19.1562,2020
287,87051,Tremestieri Etneo,19892,6.4902,2020
287,87052,Valverde,7775,5.5218,2020
287,87053,Viagrande,8715,10.0944,2020
287,87054,Vizzini,5772,126.7508,2020
287,87055,Zafferana Etnea,9282,76.8653,2020
287,87056,Mazzarrone,3921,34.7833,2020
287,87057,Maniace,3739,37.7004,2020
287,87058,Ragalna,4083,39.528,2020
88,88001,Acate,10620,102.4684,2020
88,88002,Chiaramonte Gulfi,7926,127.374,2020
88,88003,Comiso,29978,65.4008,2020
88,88004,Giarratana,2830,43.6296,2020
88,88005,Ispica,16127,113.753,2020
88,88006,Modica,53370,292.3698,2020
88,88007,Monterosso Almo,2829,56.55,2020
88,88008,Pozzallo,18940,15.3764,2020
88,88009,Ragusa,72579,444.7079,2020
88,88010,Santa Croce Camerina,10838,41.085,2020
88,88011,Scicli,26822,138.7215,2020
88,88012,Vittoria,62051,182.4725,2020
89,89001,Augusta,34857,111.1579,2020
89,89002,Avola,30503,74.5914,2020
89,89003,Buccheri,1778,57.831,2020
89,89004,Buscemi,978,52.0509,2020
89,89005,Canicattini Bagni,6639,15.0628,2020
89,89006,Carlentini,17152,158.9089,2020
89,89007,Cassaro,729,19.6155,2020
89,89008,Ferla,2349,24.8976,2020
89,89009,Floridia,21561,26.4772,2020
89,89010,Francofonte,11908,74.2007,2020
89,89011,Lentini,22106,216.7816,2020
89,89012,Melilli,13257,136.4172,2020
89,89013,Noto,23638,554.9841,2020
89,89014,Pachino,21521,50.9828,2020
89,89015,Palazzolo Acreide,8247,87.5343,2020
89,89016,Rosolini,20644,76.4685,2020
89,89017,Siracusa,117053,207.8248,2020
89,89018,Solarino,7556,13.0204,2020
89,89019,Sortino,8337,93.3295,2020
89,89020,Portopalo di Capo Passero,3790,15.0908,2020
89,89021,Priolo Gargallo,11468,56.9645,2020
90,90001,Aggius,1409,86.3046,2020
90,90002,Alà dei Sardi,1787,197.9892,2020
90,90003,Alghero,42325,225.4113,2020
90,90004,Anela,592,36.8902,2020
90,90005,Ardara,757,38.1886,2020
90,90006,Arzachena,13337,230.8505,2020
90,90007,Banari,539,21.2509,2020
90,90008,Benetutti,1736,94.446,2020
90,90009,Berchidda,2636,201.8768,2020
90,90010,Bessude,398,26.794,2020
90,90011,Bonnanaro,952,21.8441,2020
90,90012,Bono,3369,74.5393,2020
90,90013,Bonorva,3233,149.744,2020
90,90014,Bortigiadas,737,75.8973,2020
90,90015,Borutta,262,4.7583,2020
90,90016,Bottidda,660,33.7144,2020
90,90017,Buddusò,3666,176.8381,2020
90,90018,Bultei,854,96.8314,2020
90,90019,Bulzi,475,21.6697,2020
90,90020,Burgos,859,18.077,2020
90,90021,Calangianus,3854,126.8371,2020
90,90022,Cargeghe,605,12.0464,2020
90,90023,Castelsardo,5687,43.3436,2020
90,90024,Cheremule,408,24.2502,2020
90,90025,Chiaramonti,1529,98.6116,2020
90,90026,Codrongianos,1276,30.3907,2020
90,90027,Cossoine,776,39.1704,2020
90,90028,Esporlatu,376,18.4001,2020
90,90029,Florinas,1466,36.0608,2020
90,90030,Giave,500,47.0662,2020
90,90031,Illorai,776,57.1904,2020
90,90032,Ittireddu,482,23.6867,2020
90,90033,Ittiri,8188,111.4578,2020
90,90034,Laerru,872,19.8495,2020
90,90035,La Maddalena,10722,51.6732,2020
90,90036,Luogosanto,1821,135.0697,2020
90,90037,Luras,2466,87.5852,2020
90,90038,Mara,532,18.6434,2020
90,90039,Martis,480,22.9593,2020
90,90040,Monteleone Rocca Doria,107,13.3858,2020
90,90041,Monti,2336,123.822,2020
90,90042,Mores,1777,94.8547,2020
90,90043,Muros,831,11.2256,2020
90,90044,Nughedu San Nicolò,768,67.8938,2020
90,90045,Nule,1291,51.9467,2020
90,90046,Nulvi,2662,67.375,2020
90,90047,Olbia,59948,383.6361,2020
90,90048,Olmedo,4125,33.4655,2020
90,90049,Oschiri,3074,215.6111,2020
90,90050,Osilo,2879,98.031,2020
90,90051,Ossi,5529,30.0898,2020
90,90052,Ozieri,10023,252.1279,2020
90,90053,Padria,625,48.3942,2020
90,90054,Palau,4077,44.4411,2020
90,90055,Pattada,2928,164.8777,2020
90,90056,Perfugas,2261,60.8803,2020
90,90057,Ploaghe,4383,96.2684,2020
90,90058,Porto Torres,21377,104.5108,2020
90,90059,Pozzomaggiore,2442,78.7714,2020
90,90060,Putifigari,707,53.1002,2020
90,90061,Romana,504,21.5953,2020
90,90062,Aglientu,1179,148.1899,2020
90,90063,Santa Teresa Gallura,4951,102.2847,2020
90,90064,Sassari,122506,547.0333,2020
90,90065,Sedini,1272,40.5057,2020
90,90066,Semestene,129,39.5828,2020
90,90067,Sennori,7001,31.3396,2020
90,90068,Siligo,818,43.4487,2020
90,90069,Sorso,14339,67.0106,2020
90,90070,Tempio Pausania,13443,210.8176,2020
90,90071,Thiesi,2826,63.2444,2020
90,90072,Tissi,2343,10.2376,2020
90,90073,Torralba,914,36.5029,2020
90,90074,Trinità d'Agultu e Vignola,2216,134.0008,2020
90,90075,Tula,1469,66.1853,2020
90,90076,Uri,2864,56.8063,2020
90,90077,Usini,4254,30.7367,2020
90,90078,Villanova Monteleone,2177,202.6815,2020
90,90079,Valledoria,4216,25.9539,2020
90,90080,Telti,2224,83.2468,2020
90,90081,Badesi,1819,31.3026,2020
90,90082,Viddalba,1623,50.4089,2020
90,90083,Golfo Aranci,2406,37.4285,2020
90,90084,Loiri Porto San Paolo,3551,118.5196,2020
90,90085,Sant'Antonio di Gallura,1448,81.6928,2020
90,90086,Tergu,602,36.8773,2020
90,90087,Santa Maria Coghinas,1296,22.9701,2020
90,90088,Erula,707,39.3115,2020
90,90089,Stintino,1543,59.043,2020
90,90090,Padru,2024,157.996,2020
90,90091,Budoni,5221,54.2785,2020
90,90092,San Teodoro,4923,107.5989,2020
91,91001,Aritzo,1215,75.5753,2020
91,91002,Arzana,2285,162.486,2020
91,91003,Atzara,1036,35.9218,2020
91,91004,Austis,768,50.8081,2020
91,91005,Bari Sardo,3848,37.4258,2020
91,91006,Baunei,3469,211.8973,2020
91,91007,Belvì,579,18.1022,2020
91,91008,Birori,508,17.3275,2020
91,91009,Bitti,2661,215.3679,2020
91,91010,Bolotana,2456,108.4346,2020
91,91011,Borore,1989,42.6755,2020
91,91012,Bortigali,1251,67.327,2020
91,91016,Desulo,2166,74.4978,2020
91,91017,Dorgali,8288,226.5328,2020
91,91018,Dualchi,590,23.4099,2020
91,91019,Elini,557,10.6497,2020
91,91024,Fonni,3752,112.2661,2020
91,91025,Gadoni,725,43.4345,2020
91,91026,Gairo,1317,77.49,2020
91,91027,Galtellì,2380,56.53,2020
91,91028,Gavoi,2527,38.0587,2020
91,91031,Girasole,1278,13.1613,2020
91,91032,Ilbono,2014,31.132,2020
91,91033,Irgoli,2239,75.2988,2020
91,91035,Jerzu,3069,102.4051,2020
91,91037,Lanusei,5154,53.1687,2020
91,91038,Lei,474,19.1146,2020
91,91039,Loceri,1265,19.3735,2020
91,91040,Loculi,504,38.1494,2020
91,91041,Lodè,1638,123.4437,2020
91,91042,Lotzorai,2100,16.8669,2020
91,91043,Lula,1277,148.7146,2020
91,91044,Macomer,9567,122.7633,2020
91,91046,Mamoiada,2413,48.8294,2020
91,91047,Meana Sardo,1624,73.8037,2020
91,91050,Noragugume,294,26.7317,2020
91,91051,Nuoro,34660,192.059,2020
91,91055,Oliena,6722,165.7374,2020
91,91056,Ollolai,1202,27.2372,2020
91,91057,Olzai,792,69.8209,2020
91,91058,Onanì,375,71.97,2020
91,91059,Onifai,709,43.1843,2020
91,91060,Oniferi,898,35.6734,2020
91,91061,Orani,2742,130.4318,2020
91,91062,Orgosolo,3991,222.5957,2020
91,91063,Orosei,6798,90.9957,2020
91,91064,Orotelli,1916,61.1765,2020
91,91066,Ortueri,1066,38.8335,2020
91,91067,Orune,2185,128.4462,2020
91,91068,Osidda,223,25.6759,2020
91,91069,Osini,740,39.814,2020
91,91070,Ottana,2224,45.0708,2020
91,91071,Ovodda,1538,40.8474,2020
91,91072,Perdasdefogu,1757,77.7449,2020
91,91073,Posada,3006,32.7669,2020
91,91077,Sarule,1596,52.7148,2020
91,91083,Silanus,2022,47.9345,2020
91,91084,Sindia,1626,58.5657,2020
91,91085,Siniscola,11136,196.4124,2020
91,91086,Sorgono,1552,56.0512,2020
91,91088,Talana,971,118.6731,2020
91,91089,Tertenia,3839,117.6501,2020
91,91090,Teti,617,43.8006,2020
91,91091,Tiana,457,19.3156,2020
91,91093,Tonara,1851,52.0143,2020
91,91094,Torpè,2712,91.5027,2020
91,91095,Tortolì,10969,40.285,2020
91,91097,Triei,1055,32.9802,2020
91,91098,Ulassai,1393,122.4109,2020
91,91099,Urzulei,1154,129.6349,2020
91,91100,Ussassai,492,47.323,2020
91,91101,Villagrande Strisaili,2997,210.351,2020
91,91103,Cardedu,1948,33.389,2020
91,91104,Lodine,309,7.7001,2020
292,92003,Assemini,26291,118.1723,2020
292,92009,Cagliari,149572,84.5839,2020
292,92011,Capoterra,23089,68.4888,2020
292,92015,Decimomannu,8222,27.7167,2020
292,92037,Maracalagonis,7888,101.3687,2020
292,92050,Pula,7064,138.9157,2020
292,92051,Quartu Sant'Elena,68640,96.4102,2020
292,92066,Sarroch,5097,67.8293,2020
292,92068,Selargius,28655,26.6857,2020
292,92074,Sestu,20772,48.2851,2020
292,92075,Settimo San Pietro,6776,23.294,2020
292,92080,Sinnai,17301,223.908,2020
292,92090,Uta,8585,134.7065,2020
292,92099,Villa San Pietro,2148,39.887,2020
292,92105,Quartucciu,12864,27.9315,2020
292,92108,Elmas,9349,14.0545,2020
292,92109,Monserrato,19175,6.4217,2020
93,93001,Andreis,262,26.9502,2020
93,93002,Arba,1296,15.3112,2020
93,93004,Aviano,8854,113.3483,2020
93,93005,Azzano Decimo,15702,51.3378,2020
93,93006,Barcis,234,103.4107,2020
93,93007,Brugnera,9258,29.1193,2020
93,93008,Budoia,2505,37.3582,2020
93,93009,Caneva,6361,41.7946,2020
93,93010,Casarsa della Delizia,8257,20.466,2020
93,93011,Castelnovo del Friuli,826,22.4812,2020
93,93012,Cavasso Nuovo,1480,10.5962,2020
93,93013,Chions,5126,33.4461,2020
93,93014,Cimolais,352,100.8511,2020
93,93015,Claut,877,165.9013,2020
93,93016,Clauzetto,384,28.3078,2020
93,93017,Cordenons,18067,56.3393,2020
93,93018,Cordovado,2684,12.0182,2020
93,93019,Erto e Casso,372,52.4192,2020
93,93020,Fanna,1490,10.2629,2020
93,93021,Fiume Veneto,11786,35.7555,2020
93,93022,Fontanafredda,12697,46.4018,2020
93,93024,Frisanco,571,60.987,2020
93,93025,Maniago,11622,69.4596,2020
93,93026,Meduno,1539,31.5906,2020
93,93027,Montereale Valcellina,4323,67.8802,2020
93,93028,Morsano al Tagliamento,2682,32.5331,2020
93,93029,Pasiano di Pordenone,7758,45.5945,2020
93,93030,Pinzano al Tagliamento,1484,21.9508,2020
93,93031,Polcenigo,3140,49.6887,2020
93,93032,Porcia,15067,29.5333,2020
93,93033,Pordenone,51403,38.2114,2020
93,93034,Prata di Pordenone,8483,22.9602,2020
93,93035,Pravisdomini,3401,16.2091,2020
93,93036,Roveredo in Piano,5942,15.8565,2020
93,93037,Sacile,20058,32.7407,2020
93,93038,San Giorgio della Richinvelda,4717,48.1525,2020
93,93039,San Martino al Tagliamento,1426,17.979,2020
93,93040,San Quirino,4220,51.7586,2020
93,93041,San Vito al Tagliamento,15077,60.8809,2020
93,93042,Sequals,2182,27.7045,2020
93,93043,Sesto al Reghena,6346,40.6729,2020
93,93044,Spilimbergo,11942,71.8756,2020
93,93045,Tramonti di Sopra,286,125.1433,2020
93,93046,Tramonti di Sotto,346,85.5471,2020
93,93047,Travesio,1780,28.379,2020
93,93049,Vito d'Asio,717,53.7144,2020
93,93050,Vivaro,1304,37.6768,2020
93,93051,Zoppola,8374,45.5349,2020
93,93052,Vajont,1684,1.5859,2020
93,93053,Valvasone Arzene,3890,29.675,2020
94,94001,Acquaviva d'Isernia,395,13.5139,2020
94,94002,Agnone,4796,96.8489,2020
94,94003,Bagnoli del Trigno,665,36.8009,2020
94,94004,Belmonte del Sannio,675,20.3167,2020
94,94005,Cantalupo nel Sannio,733,15.638,2020
94,94006,Capracotta,821,42.5447,2020
94,94007,Carovilli,1279,41.5624,2020
94,94008,Carpinone,1044,32.4292,2020
94,94009,Castel del Giudice,314,14.8083,2020
94,94010,Castelpetroso,1577,22.7064,2020
94,94011,Castelpizzuto,153,15.3894,2020
94,94012,Castel San Vincenzo,474,21.9784,2020
94,94013,Castelverrino,101,6.1987,2020
94,94014,Cerro al Volturno,1170,23.7896,2020
94,94015,Chiauci,204,15.8538,2020
94,94016,Civitanova del Sannio,919,50.4723,2020
94,94017,Colli a Volturno,1291,25.2497,2020
94,94018,Conca Casale,170,14.4296,2020
94,94019,Filignano,584,30.8761,2020
94,94020,Forlì del Sannio,646,32.5616,2020
94,94021,Fornelli,1826,23.1728,2020
94,94022,Frosolone,2889,49.8862,2020
94,94023,Isernia,20971,69.1501,2020
94,94024,Longano,659,27.3726,2020
94,94025,Macchia d'Isernia,1057,17.7115,2020
94,94026,Macchiagodena,1656,34.3511,2020
94,94027,Miranda,963,22.1461,2020
94,94028,Montaquila,2316,25.449,2020
94,94029,Montenero Val Cocchiara,505,22.0189,2020
94,94030,Monteroduni,2056,37.2123,2020
94,94031,Pesche,1578,12.9625,2020
94,94032,Pescolanciano,829,34.7337,2020
94,94033,Pescopennataro,244,18.832,2020
94,94034,Pettoranello del Molise,429,15.584,2020
94,94035,Pietrabbondante,647,27.4436,2020
94,94036,Pizzone,309,33.4825,2020
94,94037,Poggio Sannita,597,25.7364,2020
94,94038,Pozzilli,2186,34.6597,2020
94,94039,Rionero Sannitico,1033,29.2126,2020
94,94040,Roccamandolfi,871,53.6623,2020
94,94041,Roccasicura,510,28.6049,2020
94,94042,Rocchetta a Volturno,1081,23.3409,2020
94,94043,San Pietro Avellana,439,44.9457,2020
94,94044,Sant'Agapito,1366,15.9289,2020
94,94045,Santa Maria del Molise,676,17.1965,2020
94,94046,Sant'Angelo del Pesco,344,15.5895,2020
94,94047,Sant'Elena Sannita,275,14.076,2020
94,94048,Scapoli,606,18.9353,2020
94,94049,Sessano del Molise,662,25.3179,2020
94,94050,Sesto Campano,2134,35.3166,2020
94,94051,Vastogirardi,642,60.7037,2020
94,94052,Venafro,11048,46.4518,2020
95,95001,Abbasanta,2572,39.8469,2020
95,95002,Aidomaggiore,411,41.2051,2020
95,95003,Albagiara,243,8.8673,2020
95,95004,Ales,1322,22.452,2020
95,95005,Allai,353,27.3604,2020
95,95006,Arborea,3769,94.7921,2020
95,95007,Ardauli,806,20.5295,2020
95,95008,Assolo,355,16.3723,2020
95,95009,Asuni,317,21.3433,2020
95,95010,Baradili,80,5.5735,2020
95,95011,Baratili San Pietro,1219,6.0966,2020
95,95012,Baressa,576,12.5116,2020
95,95013,Bauladu,654,24.2197,2020
95,95014,Bidonì,134,11.7239,2020
95,95015,Bonarcado,1519,28.4117,2020
95,95016,Boroneddu,159,4.5886,2020
95,95017,Busachi,1191,59.0266,2020
95,95018,Cabras,8843,102.2534,2020
95,95019,Cuglieri,2493,120.597,2020
95,95020,Fordongianus,861,39.4817,2020
95,95021,Ghilarza,4285,55.4597,2020
95,95022,Gonnoscodina,453,8.8205,2020
95,95023,Gonnosnò,722,15.4582,2020
95,95024,Gonnostramatza,821,17.6423,2020
95,95025,Marrubiu,4614,61.2346,2020
95,95026,Masullas,1014,18.6808,2020
95,95027,Milis,1459,18.6691,2020
95,95028,Mogorella,419,17.0619,2020
95,95029,Mogoro,3974,48.9861,2020
95,95030,Morgongiori,669,45.1972,2020
95,95031,Narbolia,1709,40.5004,2020
95,95032,Neoneli,629,48.0142,2020
95,95033,Norbello,1161,26.1807,2020
95,95034,Nughedu Santa Vittoria,463,28.5715,2020
95,95035,Nurachi,1709,15.9653,2020
95,95036,Nureci,329,12.8665,2020
95,95037,Ollastra,1139,21.4698,2020
95,95038,Oristano,30723,84.5723,2020
95,95039,Palmas Arborea,1487,39.3276,2020
95,95040,Pau,282,13.816,2020
95,95041,Paulilatino,2110,103.8471,2020
95,95042,Pompu,228,5.3157,2020
95,95043,Riola Sardo,2036,48.1091,2020
95,95044,Ruinas,622,30.4581,2020
95,95045,Samugheo,2814,81.2826,2020
95,95046,San Nicolò d'Arcidano,2521,28.3569,2020
95,95047,Santa Giusta,4673,69.2151,2020
95,95048,Villa Sant'Antonio,334,19.05,2020
95,95049,Santu Lussurgiu,2247,99.7954,2020
95,95050,San Vero Milis,2407,72.4749,2020
95,95051,Scano di Montiferro,1434,60.4676,2020
95,95052,Sedilo,2018,68.4524,2020
95,95053,Seneghe,1698,57.8527,2020
95,95054,Senis,430,16.0628,2020
95,95055,Sennariolo,159,15.6128,2020
95,95056,Siamaggiore,892,13.1726,2020
95,95057,Siamanna,779,28.3563,2020
95,95058,Simala,296,13.3786,2020
95,95059,Simaxis,2126,27.8199,2020
95,95060,Sini,491,8.7514,2020
95,95061,Siris,226,6.0044,2020
95,95062,Solarussa,2302,31.8589,2020
95,95063,Sorradile,348,26.3402,2020
95,95064,Tadasuni,146,5.0943,2020
95,95065,Terralba,9830,49.9709,2020
95,95066,Tramatza,943,16.7998,2020
95,95067,Tresnuraghes,1116,31.5843,2020
95,95068,Ulà Tirso,489,18.8464,2020
95,95069,Uras,2724,39.2388,2020
95,95070,Usellus,724,35.0735,2020
95,95071,Villanova Truschedu,302,16.6098,2020
95,95072,Villaurbana,1518,58.7001,2020
95,95073,Villa Verde,289,17.6511,2020
95,95074,Zeddiani,1142,11.8094,2020
95,95075,Zerfaliu,998,15.5607,2020
95,95076,Siapiccia,348,17.931,2020
95,95077,Curcuris,314,7.1807,2020
95,95078,Soddì,121,5.2425,2020
95,95079,Bosa,7533,128.0155,2020
95,95080,Flussio,437,6.8744,2020
95,95082,Laconi,1691,124.7513,2020
95,95083,Magomadas,586,9.0198,2020
95,95084,Modolo,155,2.4744,2020
95,95085,Montresta,445,31.1594,2020
95,95086,Sagama,194,11.7228,2020
95,95087,Suni,1005,47.4624,2020
95,95088,Tinnura,239,3.8487,2020
96,96001,Ailoche,319,10.7826,2020
96,96002,Andorno Micca,3027,11.8868,2020
96,96003,Benna,1134,9.389,2020
96,96004,Biella,42943,46.6883,2020
96,96005,Bioglio,894,18.8452,2020
96,96006,Borriana,872,5.3451,2020
96,96007,Brusnengo,1958,10.4533,2020
96,96008,Callabiana,139,6.5573,2020
96,96009,Camandona,314,9.2001,2020
96,96010,Camburzano,1112,3.8025,2020
96,96012,Candelo,7356,15.121,2020
96,96013,Caprile,186,11.5955,2020
96,96014,Casapinta,393,2.8608,2020
96,96015,Castelletto Cervo,795,14.9021,2020
96,96016,Cavaglià,3537,25.6248,2020
96,96018,Cerrione,2802,27.9876,2020
96,96019,Coggiola,1673,23.7819,2020
96,96020,Cossato,14070,27.7338,2020
96,96021,Crevacuore,1412,8.6006,2020
96,96023,Curino,455,21.6492,2020
96,96024,Donato,708,12.0694,2020
96,96025,Dorzano,539,4.7415,2020
96,96026,Gaglianico,3710,4.4984,2020
96,96027,Gifflenga,110,2.2559,2020
96,96028,Graglia,1485,20.1389,2020
96,96030,Magnano,381,10.556,2020
96,96031,Massazza,528,11.6095,2020
96,96032,Masserano,1932,27.0732,2020
96,96033,Mezzana Mortigliengo,492,4.3092,2020
96,96034,Miagliano,566,0.6678,2020
96,96035,Mongrando,3715,16.5025,2020
96,96037,Mottalciata,1319,18.3909,2020
96,96038,Muzzano,579,6.0973,2020
96,96039,Netro,927,12.5683,2020
96,96040,Occhieppo Inferiore,3777,4.0645,2020
96,96041,Occhieppo Superiore,2627,5.1503,2020
96,96042,Pettinengo,1466,15.2975,2020
96,96043,Piatto,473,3.5913,2020
96,96044,Piedicavallo,178,17.7505,2020
96,96046,Pollone,2050,16.2169,2020
96,96047,Ponderano,3733,7.0519,2020
96,96048,Portula,1119,11.305,2020
96,96049,Pralungo,2301,7.2497,2020
96,96050,Pray,2037,9.1846,2020
96,96053,Ronco Biellese,1430,3.8493,2020
96,96054,Roppolo,858,8.6512,2020
96,96055,Rosazza,104,9.023,2020
96,96056,Sagliano Micca,1543,14.6112,2020
96,96057,Sala Biellese,561,8.0298,2020
96,96058,Salussola,1871,38.5152,2020
96,96059,Sandigliano,2595,10.2224,2020
96,96063,Sordevolo,1322,13.7379,2020
96,96064,Sostegno,750,18.067,2020
96,96065,Strona,1005,3.7187,2020
96,96066,Tavigliano,934,11.2354,2020
96,96067,Ternengo,270,1.9799,2020
96,96068,Tollegno,2385,3.3143,2020
96,96069,Torrazzo,207,5.7712,2020
96,96071,Valdengo,2385,7.6768,2020
96,96072,Vallanzengo,206,4.6653,2020
96,96074,Valle San Nicolao,906,13.2572,2020
96,96075,Veglio,483,6.4058,2020
96,96076,Verrone,1222,8.5859,2020
96,96077,Vigliano Biellese,7618,8.3978,2020
96,96078,Villa del Bosco,334,3.6991,2020
96,96079,Villanova Biellese,191,7.8731,2020
96,96080,Viverone,1374,12.261,2020
96,96081,Zimone,392,2.9495,2020
96,96082,Zubiena,1119,12.4736,2020
96,96083,Zumaglia,988,2.6137,2020
96,96085,Lessona,2642,12.7749,2020
96,96086,Campiglia Cervo,506,28.2053,2020
96,96087,Quaregna Cerreto,2038,8.416,2020
96,96088,Valdilana,10342,61.1382,2020
97,97001,Abbadia Lariana,3191,16.6724,2020
97,97002,Airuno,2794,4.2859,2020
97,97003,Annone di Brianza,2297,5.9795,2020
97,97004,Ballabio,4149,15.0377,2020
97,97005,Barzago,2373,3.5617,2020
97,97006,Barzanò,5010,3.6195,2020
97,97007,Barzio,1280,21.3496,2020
97,97008,Bellano,3418,22.0271,2020
97,97009,Bosisio Parini,3309,5.824,2020
97,97010,Brivio,4466,7.9534,2020
97,97011,Bulciago,2895,3.1176,2020
97,97012,Calco,5369,4.5889,2020
97,97013,Calolziocorte,13592,9.1002,2020
97,97014,Carenno,1388,7.7853,2020
97,97015,Casargo,841,19.7127,2020
97,97016,Casatenovo,13128,12.664,2020
97,97017,Cassago Brianza,4388,3.5476,2020
97,97018,Cassina Valsassina,521,2.7243,2020
97,97019,Castello di Brianza,2601,3.5941,2020
97,97020,Cernusco Lombardone,3788,3.7419,2020
97,97021,Cesana Brianza,2379,3.6953,2020
97,97022,Civate,3739,9.2704,2020
97,97023,Colico,7970,35.0639,2020
97,97024,Colle Brianza,1730,8.3179,2020
97,97025,Cortenova,1155,11.7688,2020
97,97026,Costa Masnaga,4761,5.6179,2020
97,97027,Crandola Valsassina,272,8.8068,2020
97,97028,Cremella,1699,1.8932,2020
97,97029,Cremeno,1649,13.1833,2020
97,97030,Dervio,2596,11.6954,2020
97,97031,Dolzago,2531,2.2583,2020
97,97032,Dorio,322,11.6556,2020
97,97033,Ello,1209,2.4193,2020
97,97034,Erve,695,6.2005,2020
97,97035,Esino Lario,764,18.0526,2020
97,97036,Galbiate,8443,15.6446,2020
97,97037,Garbagnate Monastero,2516,3.4965,2020
97,97038,Garlate,2671,3.3023,2020
97,97039,Imbersago,2486,3.1445,2020
97,97040,Introbio,1931,26.0331,2020
97,97042,Lecco,47454,45.1348,2020
97,97043,Lierna,2122,11.2384,2020
97,97044,Lomagna,5065,3.9135,2020
97,97045,Malgrate,4256,1.8954,2020
97,97046,Mandello del Lario,10082,43.3309,2020
97,97047,Margno,379,3.5859,2020
97,97048,Merate,14702,11.0634,2020
97,97049,Missaglia,8683,11.5189,2020
97,97050,Moggio,467,13.4294,2020
97,97051,Molteno,3548,3.1193,2020
97,97052,Monte Marenzo,1866,3.0584,2020
97,97053,Montevecchia,2673,5.7993,2020
97,97054,Monticello Brianza,4141,4.6072,2020
97,97055,Morterone,29,13.7102,2020
97,97056,Nibionno,3660,3.5135,2020
97,97057,Oggiono,9128,7.9575,2020
97,97058,Olgiate Molgora,6406,7.091,2020
97,97059,Olginate,6983,8.0004,2020
97,97060,Oliveto Lario,1219,15.6963,2020
97,97061,Osnago,4771,4.4936,2020
97,97062,Paderno d'Adda,3834,3.563,2020
97,97063,Pagnona,337,9.1968,2020
97,97064,Parlasco,132,2.9972,2020
97,97065,Pasturo,1929,21.7839,2020
97,97067,Perledo,878,13.6837,2020
97,97068,Pescate,2182,2.1001,2020
97,97069,Premana,2175,33.6353,2020
97,97070,Primaluna,2256,22.4254,2020
97,97071,Robbiate,6248,4.7003,2020
97,97072,Rogeno,3071,4.8248,2020
97,97074,Santa Maria Hoè,2127,2.8344,2020
97,97075,Sirone,2330,3.2057,2020
97,97076,Sirtori,2796,4.2907,2020
97,97077,Sueglio,145,4.1084,2020
97,97078,Suello,1755,2.629,2020
97,97079,Taceno,539,3.7516,2020
97,97082,Valgreghentino,3406,6.2463,2020
97,97083,Valmadrera,11210,12.5992,2020
97,97084,Varenna,741,12.5679,2020
97,97086,Vercurago,2766,2.1157,2020
97,97090,Viganò,2096,1.6049,2020
97,97091,Verderio,5520,6.4653,2020
97,97092,La Valletta Brianza,4646,8.7846,2020
97,97093,Valvarrone,500,14.9218,2020
98,98001,Abbadia Cerreto,282,6.1986,2020
98,98002,Bertonico,1069,20.8317,2020
98,98003,Boffalora d'Adda,1734,8.1303,2020
98,98004,Borghetto Lodigiano,4311,23.6411,2020
98,98005,Borgo San Giovanni,2416,7.5038,2020
98,98006,Brembio,2665,17.0835,2020
98,98008,Casaletto Lodigiano,2942,9.7506,2020
98,98009,Casalmaiocco,3176,4.7138,2020
98,98010,Casalpusterlengo,15213,25.6122,2020
98,98011,Caselle Landi,1503,26.0043,2020
98,98012,Caselle Lurani,3006,7.6782,2020
98,98013,Castelnuovo Bocca d'Adda,1546,20.3232,2020
98,98014,Castiglione d'Adda,4502,12.9782,2020
98,98015,Castiraga Vidardo,2908,5.0381,2020
98,98017,Cavenago d'Adda,2116,16.098,2020
98,98018,Cervignano d'Adda,2164,4.0688,2020
98,98019,Codogno,15548,20.8695,2020
98,98020,Comazzo,2262,12.8023,2020
98,98021,Cornegliano Laudense,2864,5.6998,2020
98,98022,Corno Giovine,1120,9.9361,2020
98,98023,Cornovecchio,202,6.5317,2020
98,98024,Corte Palasio,1534,15.6782,2020
98,98025,Crespiatica,2219,7.0319,2020
98,98026,Fombio,2265,7.3971,2020
98,98027,Galgagnano,1303,6.0109,2020
98,98028,Graffignana,2549,10.9213,2020
98,98029,Guardamiglio,2635,10.4374,2020
98,98030,Livraga,2455,12.3711,2020
98,98031,Lodi,44815,41.3786,2020
98,98032,Lodi Vecchio,7589,16.4503,2020
98,98033,Maccastorna,65,5.7452,2020
98,98034,Mairago,1363,11.2472,2020
98,98035,Maleo,3008,19.8334,2020
98,98036,Marudo,1760,4.2024,2020
98,98037,Massalengo,4385,8.4767,2020
98,98038,Meleti,441,7.3856,2020
98,98039,Merlino,1712,10.7302,2020
98,98040,Montanaso Lombardo,2241,9.5212,2020
98,98041,Mulazzano,5814,15.579,2020
98,98042,Orio Litta,1986,9.783,2020
98,98043,Ospedaletto Lodigiano,2004,8.4968,2020
98,98044,Ossago Lodigiano,1421,11.525,2020
98,98045,Pieve Fissiraga,1711,12.2653,2020
98,98046,Salerano sul Lambro,2609,4.3749,2020
98,98047,San Fiorano,1826,8.9657,2020
98,98048,San Martino in Strada,3733,13.1484,2020
98,98049,San Rocco al Porto,3354,30.562,2020
98,98050,Sant'Angelo Lodigiano,13225,20.0529,2020
98,98051,Santo Stefano Lodigiano,1857,10.5321,2020
98,98052,Secugnago,1931,6.7459,2020
98,98053,Senna Lodigiana,1784,27.0154,2020
98,98054,Somaglia,3867,20.819,2020
98,98055,Sordio,3448,2.8206,2020
98,98056,Tavazzano con Villavesco,5919,16.0684,2020
98,98057,Terranova dei Passerini,919,11.2567,2020
98,98058,Turano Lodigiano,1539,16.3773,2020
98,98059,Valera Fratta,1735,8.0146,2020
98,98060,Villanova del Sillaro,1867,13.4986,2020
98,98061,Zelo Buon Persico,7415,18.8824,2020
98,98062,Castelgerundo,1491,19.8696,2020
99,99001,Bellaria-Igea Marina,19458,18.1698,2020
99,99002,Cattolica,16723,6.1953,2020
99,99003,Coriano,10503,46.7666,2020
99,99004,Gemmano,1124,18.8499,2020
99,99005,Misano Adriatico,13780,22.345,2020
99,99006,Mondaino,1329,19.84,2020
99,99008,Montefiore Conca,2227,22.3216,2020
99,99009,Montegridolfo,994,6.9373,2020
99,99011,Morciano di Romagna,7176,5.44,2020
99,99013,Riccione,34942,17.5208,2020
99,99014,Rimini,150240,135.7915,2020
99,99015,Saludecio,3009,34.2646,2020
99,99016,San Clemente,5624,20.6958,2020
99,99017,San Giovanni in Marignano,9441,21.3734,2020
99,99018,Santarcangelo di Romagna,22288,45.0587,2020
99,99020,Verucchio,10047,27.3019,2020
99,99021,Casteldelci,376,49.6767,2020
99,99022,Maiolo,792,24.2755,2020
99,99023,Novafeltria,7064,41.8381,2020
99,99024,Pennabilli,2653,69.8034,2020
99,99025,San Leo,2860,53.136,2020
99,99026,Sant'Agata Feltria,2034,79.7408,2020
99,99027,Talamello,1065,10.5887,2020
99,99028,Poggio Torriana,5186,34.7351,2020
99,99029,Montescudo-Monte Colombo,6842,32.3479,2020
100,100001,Cantagallo,3102,95.6224,2020
100,100002,Carmignano,15098,38.4275,2020
100,100003,Montemurlo,19477,30.7758,2020
100,100004,Poggio a Caiano,10169,5.9995,2020
100,100005,Prato,201410,97.3521,2020
100,100006,Vaiano,9975,34.1088,2020
100,100007,Vernio,6038,63.3768,2020
101,101001,Belvedere di Spinello,1974,30.3109,2020
101,101002,Caccuri,1572,61.3762,2020
101,101003,Carfizzi,531,20.7254,2020
101,101004,Casabona,2403,67.6721,2020
101,101005,Castelsilano,899,40.063,2020
101,101006,Cerenzia,1047,21.9655,2020
101,101007,Cirò,2560,71.0449,2020
101,101008,Cirò Marina,13833,41.6808,2020
101,101009,Cotronei,5253,79.2012,2020
101,101010,Crotone,60123,181.9947,2020
101,101011,Crucoli,2798,50.425,2020
101,101012,Cutro,9465,133.6858,2020
101,101013,Isola di Capo Rizzuto,16962,126.6438,2020
101,101014,Melissa,3249,51.6315,2020
101,101015,Mesoraca,6025,94.7896,2020
101,101016,Pallagorio,1027,44.4826,2020
101,101017,Petilia Policastro,8700,98.3481,2020
101,101018,Roccabernarda,3185,64.888,2020
101,101019,Rocca di Neto,5345,44.9243,2020
101,101020,San Mauro Marchesato,1966,41.9108,2020
101,101021,San Nicola dell'Alto,725,7.8517,2020
101,101022,Santa Severina,1935,52.3117,2020
101,101023,Savelli,1083,48.9212,2020
101,101024,Scandale,2851,54.2595,2020
101,101025,Strongoli,6146,85.5577,2020
101,101026,Umbriatico,761,73.3549,2020
101,101027,Verzino,1641,45.6322,2020
102,102001,Acquaro,1941,25.2495,2020
102,102002,Arena,1286,34.3219,2020
102,102003,Briatico,3855,27.9223,2020
102,102004,Brognaturo,630,25.689,2020
102,102005,Capistrano,984,21.1225,2020
102,102006,Cessaniti,3015,17.9691,2020
102,102007,Dasà,1109,6.4627,2020
102,102008,Dinami,1844,44.4447,2020
102,102009,Drapia,2019,21.5938,2020
102,102010,Fabrizia,2005,40.003,2020
102,102011,Filadelfia,4960,31.5038,2020
102,102012,Filandari,1758,18.8395,2020
102,102013,Filogaso,1317,23.8975,2020
102,102014,Francavilla Angitola,1827,28.6319,2020
102,102015,Francica,1610,22.7009,2020
102,102016,Gerocarne,1967,45.2254,2020
102,102017,Jonadi,4406,8.8113,2020
102,102018,Joppolo,1685,21.6692,2020
102,102019,Limbadi,3327,29.1519,2020
102,102020,Maierato,2055,39.9325,2020
102,102021,Mileto,6401,35.6532,2020
102,102022,Mongiana,672,18.4089,2020
102,102023,Monterosso Calabro,1564,18.3653,2020
102,102024,Nardodipace,1127,33.3029,2020
102,102025,Nicotera,5911,28.2468,2020
102,102026,Parghelia,1245,7.9491,2020
102,102027,Pizzo,8882,22.8879,2020
102,102028,Pizzoni,1023,21.7004,2020
102,102029,Polia,891,31.5057,2020
102,102030,Ricadi,4805,22.5378,2020
102,102031,Rombiolo,4382,22.8427,2020
102,102032,San Calogero,3954,25.3367,2020
102,102033,San Costantino Calabro,2084,6.7892,2020
102,102034,San Gregorio d'Ippona,2535,12.5345,2020
102,102035,San Nicola da Crissa,1231,19.3959,2020
102,102036,Sant'Onofrio,2889,18.6586,2020
102,102037,Serra San Bruno,6352,40.5725,2020
102,102038,Simbario,921,20.8328,2020
102,102039,Sorianello,1123,9.5926,2020
102,102040,Soriano Calabro,2291,15.4369,2020
102,102041,Spadola,797,9.6462,2020
102,102042,Spilinga,1370,17.4235,2020
102,102043,Stefanaconi,2349,23.1798,2020
102,102044,Tropea,6022,3.6604,2020
102,102045,Vallelonga,749,17.6406,2020
102,102046,Vazzano,982,20.2027,2020
102,102047,Vibo Valentia,31753,46.5709,2020
102,102048,Zaccanopoli,698,5.3751,2020
102,102049,Zambrone,1736,15.7735,2020
102,102050,Zungri,1854,23.4549,2020
103,103001,Antrona Schieranco,395,100.1815,2020
103,103002,Anzola d'Ossola,394,13.6569,2020
103,103003,Arizzano,1961,1.5995,2020
103,103004,Arola,238,6.6126,2020
103,103005,Aurano,105,21.1563,2020
103,103006,Baceno,886,77.2735,2020
103,103007,Bannio Anzino,471,39.4656,2020
103,103008,Baveno,4820,17.1002,2020
103,103009,Bee,771,3.5046,2020
103,103010,Belgirate,493,7.1292,2020
103,103011,Beura-Cardezza,1430,28.5514,2020
103,103012,Bognanco,186,57.9948,2020
103,103013,Brovello-Carpugnino,751,8.2233,2020
103,103014,Calasca-Castiglione,567,57.0676,2020
103,103015,Cambiasca,1569,3.9645,2020
103,103016,Cannero Riviera,897,14.4193,2020
103,103017,Cannobio,5029,52.5335,2020
103,103018,Caprezzo,171,7.2565,2020
103,103019,Casale Corte Cerro,3404,12.5227,2020
103,103021,Ceppo Morelli,302,40.1858,2020
103,103022,Cesara,591,11.6545,2020
103,103023,Cossogno,667,40.2573,2020
103,103024,Craveggia,759,36.2167,2020
103,103025,Crevoladossola,4517,39.8738,2020
103,103026,Crodo,1406,53.5753,2020
103,103028,Domodossola,17783,36.8911,2020
103,103029,Druogno,1057,29.6091,2020
103,103031,Formazza,445,130.6467,2020
103,103032,Germagno,188,2.8976,2020
103,103033,Ghiffa,2308,14.6546,2020
103,103034,Gignese,1081,14.5784,2020
103,103035,Gravellona Toce,7621,14.2127,2020
103,103036,Gurro,190,13.2848,2020
103,103037,Intragna,108,9.9219,2020
103,103038,Loreglia,226,9.1531,2020
103,103039,Macugnaga,530,99.568,2020
103,103040,Madonna del Sasso,392,15.4114,2020
103,103041,Malesco,1358,43.1763,2020
103,103042,Masera,1448,20.3537,2020
103,103043,Massiola,120,8.0549,2020
103,103044,Mergozzo,2136,26.9947,2020
103,103045,Miazzina,366,21.175,2020
103,103046,Montecrestese,1249,86.1483,2020
103,103047,Montescheno,386,22.1708,2020
103,103048,Nonio,852,9.7997,2020
103,103049,Oggebbio,865,21.439,2020
103,103050,Omegna,14618,30.3719,2020
103,103051,Ornavasso,3358,25.9194,2020
103,103052,Pallanzeno,1110,4.3658,2020
103,103053,Piedimulera,1474,7.5656,2020
103,103054,Pieve Vergonte,2472,41.672,2020
103,103055,Premeno,767,7.8796,2020
103,103056,Premia,541,88.9024,2020
103,103057,Premosello-Chiovenda,1856,34.1628,2020
103,103058,Quarna Sopra,250,9.3948,2020
103,103059,Quarna Sotto,376,16.3739,2020
103,103060,Re,692,27.1522,2020
103,103061,San Bernardino Verbano,1267,26.6756,2020
103,103062,Santa Maria Maggiore,1284,53.7054,2020
103,103064,Stresa,4694,35.3592,2020
103,103065,Toceno,728,15.7687,2020
103,103066,Trarego Viggiona,408,18.9006,2020
103,103067,Trasquera,174,39.6013,2020
103,103068,Trontano,1633,56.7344,2020
103,103069,Valstrona,1190,51.8893,2020
103,103070,Vanzone con San Carlo,384,15.7344,2020
103,103071,Varzo,1946,93.7665,2020
103,103072,Verbania,29954,37.4934,2020
103,103074,Vignone,1209,3.3806,2020
103,103075,Villadossola,6276,18.7332,2020
103,103076,Villette,273,7.3834,2020
103,103077,Vogogna,1720,15.6245,2020
103,103078,Borgomezzavalle,306,19.0831,2020
103,103079,Valle Cannobina,477,55.1741,2020
108,108001,Agrate Brianza,15482,11.2176,2020
108,108002,Aicurzio,2077,2.4676,2020
108,108003,Albiate,6482,2.8631,2020
108,108004,Arcore,17848,9.2455,2020
108,108005,Barlassina,6912,2.756,2020
108,108006,Bellusco,7366,6.5372,2020
108,108007,Bernareggio,11321,5.9338,2020
108,108008,Besana in Brianza,15498,15.7578,2020
108,108009,Biassono,12188,4.8948,2020
108,108010,Bovisio-Masciago,16833,4.9323,2020
108,108011,Briosco,6051,6.6128,2020
108,108012,Brugherio,34811,10.4121,2020
108,108013,Burago di Molgora,4283,3.4317,2020
108,108014,Camparada,2166,1.6337,2020
108,108015,Carate Brianza,17824,9.9166,2020
108,108016,Carnate,7516,3.4702,2020
108,108017,Cavenago di Brianza,7389,4.3932,2020
108,108018,Ceriano Laghetto,6613,7.078,2020
108,108019,Cesano Maderno,38983,11.5157,2020
108,108020,Cogliate,8444,6.9549,2020
108,108021,Concorezzo,15770,8.5081,2020
108,108022,Correzzana,3035,2.506,2020
108,108023,Desio,41646,14.754,2020
108,108024,Giussano,25923,10.2805,2020
108,108025,Lazzate,7763,5.3139,2020
108,108026,Lesmo,8465,5.1171,2020
108,108027,Limbiate,34707,12.286,2020
108,108028,Lissone,46147,9.2958,2020
108,108029,Macherio,7412,3.1826,2020
108,108030,Meda,23324,8.3083,2020
108,108031,Mezzago,4420,4.3185,2020
108,108032,Misinto,5588,5.1093,2020
108,108033,Monza,122522,33.0867,2020
108,108034,Muggiò,23603,5.4764,2020
108,108035,Nova Milanese,23083,5.8456,2020
108,108036,Ornago,5193,5.8844,2020
108,108037,Renate,4056,2.8878,2020
108,108038,Ronco Briantino,3532,2.9685,2020
108,108039,Seregno,44843,13.0449,2020
108,108040,Seveso,23728,7.4024,2020
108,108041,Sovico,8307,3.263,2020
108,108042,Sulbiate,4405,5.2018,2020
108,108043,Triuggio,8649,8.3378,2020
108,108044,Usmate Velate,10425,9.7508,2020
108,108045,Varedo,13611,4.848,2020
108,108046,Vedano al Lambro,7490,1.9793,2020
108,108047,Veduggio con Colzano,4250,3.5554,2020
108,108048,Verano Brianza,9164,3.5184,2020
108,108049,Villasanta,13946,4.8648,2020
108,108050,Vimercate,25941,20.7181,2020
108,108051,Busnago,6752,5.7763,2020
108,108052,Caponago,5105,5.0384,2020
108,108053,Cornate d'Adda,10674,13.8153,2020
108,108054,Lentate sul Seveso,15785,13.9782,2020
108,108055,Roncello,4762,3.1611,2020
109,109001,Altidona,3538,12.9725,2020
109,109002,Amandola,3355,69.494,2020
109,109003,Belmonte Piceno,600,10.5319,2020
109,109004,Campofilone,1896,12.2112,2020
109,109005,Falerone,3138,24.6124,2020
109,109006,Fermo,36168,124.532,2020
109,109007,Francavilla d'Ete,946,10.2041,2020
109,109008,Grottazzolina,3259,9.2618,2020
109,109009,Lapedona,1160,14.9249,2020
109,109010,Magliano di Tenna,1424,7.9294,2020
109,109011,Massa Fermana,898,7.7274,2020
109,109012,Monsampietro Morico,628,9.7625,2020
109,109013,Montappone,1608,10.4054,2020
109,109014,Montefalcone Appennino,383,15.992,2020
109,109015,Montefortino,1088,78.6156,2020
109,109016,Monte Giberto,759,12.5337,2020
109,109017,Montegiorgio,6479,47.4458,2020
109,109018,Montegranaro,12613,31.4183,2020
109,109019,Monteleone di Fermo,365,8.2142,2020
109,109020,Montelparo,722,21.6262,2020
109,109021,Monte Rinaldo,328,7.9216,2020
109,109022,Monterubbiano,2086,32.2351,2020
109,109023,Monte San Pietrangeli,2315,18.4509,2020
109,109024,Monte Urano,7971,16.7156,2020
109,109025,Monte Vidon Combatte,398,11.167,2020
109,109026,Monte Vidon Corrado,678,5.949,2020
109,109027,Montottone,895,16.3789,2020
109,109028,Moresco,546,6.3504,2020
109,109029,Ortezzano,729,7.0749,2020
109,109030,Pedaso,2808,3.847,2020
109,109031,Petritoli,2193,24.0023,2020
109,109032,Ponzano di Fermo,1646,14.2677,2020
109,109033,Porto San Giorgio,15715,8.7932,2020
109,109034,Porto Sant'Elpidio,25958,18.1256,2020
109,109035,Rapagnano,1945,12.6456,2020
109,109036,Santa Vittoria in Matenano,1246,26.179,2020
109,109037,Sant'Elpidio a Mare,16773,50.5172,2020
109,109038,Servigliano,2201,18.4918,2020
109,109039,Smerillo,333,11.2924,2020
109,109040,Torre San Patrizio,1919,11.9329,2020
110,110001,Andria,97489,402.8821,2020
110,110002,Barletta,92787,149.3513,2020
110,110003,Bisceglie,53934,69.2439,2020
110,110004,Canosa di Puglia,28422,150.9317,2020
110,110005,Margherita di Savoia,11371,35.6977,2020
110,110006,Minervino Murge,8390,257.4065,2020
110,110007,San Ferdinando di Puglia,13734,41.2298,2020
110,110008,Spinazzola,6115,184.0052,2020
110,110009,Trani,54848,103.4118,2020
110,110010,Trinitapoli,14001,148.7657,2020
111,111001,Arbus,5961,269.1174,2020
111,111002,Armungia,432,54.7539,2020
111,111003,Ballao,740,46.6242,2020
111,111004,Barrali,1109,11.2269,2020
111,111005,Barumini,1200,26.3994,2020
111,111006,Buggerru,1040,48.3317,2020
111,111007,Burcei,2663,94.8516,2020
111,111008,Calasetta,2803,31.0599,2020
111,111009,Carbonia,26672,145.5415,2020
111,111010,Carloforte,5960,51.101,2020
111,111011,Castiadas,1652,103.8877,2020
111,111012,Collinas,796,20.8264,2020
111,111013,Decimoputzu,4202,44.7736,2020
111,111014,Dolianova,9473,84.3042,2020
111,111015,Domus de Maria,1619,97.136,2020
111,111016,Domusnovas,5895,80.592,2020
111,111017,Donori,1965,35.3087,2020
111,111018,Escalaplano,2084,94.0356,2020
111,111019,Escolca,550,14.7598,2020
111,111020,Esterzili,575,100.7428,2020
111,111021,Fluminimaggiore,2685,108.182,2020
111,111022,Furtei,1542,26.1114,2020
111,111023,Genoni,788,43.7929,2020
111,111024,Genuri,307,7.5149,2020
111,111025,Gergei,1147,36.1778,2020
111,111026,Gesico,805,25.6223,2020
111,111027,Gesturi,1175,46.8295,2020
111,111028,Giba,1909,30.4364,2020
111,111029,Goni,465,18.5982,2020
111,111030,Gonnesa,4751,48.0554,2020
111,111031,Gonnosfanadiga,6254,125.1869,2020
111,111032,Guamaggiore,940,16.8014,2020
111,111033,Guasila,2531,43.5101,2020
111,111034,Guspini,11161,174.6654,2020
111,111035,Iglesias,25493,208.2299,2020
111,111036,Isili,2551,67.8361,2020
111,111037,Las Plassas,219,11.0416,2020
111,111038,Lunamatrona,1634,20.5853,2020
111,111039,Mandas,2053,45.0144,2020
111,111040,Masainas,1239,23.6861,2020
111,111041,Monastir,4495,31.7868,2020
111,111042,Muravera,5160,93.5065,2020
111,111043,Musei,1495,20.2739,2020
111,111044,Narcao,3102,85.8744,2020
111,111045,Nuragus,854,19.8991,2020
111,111046,Nurallao,1172,34.7617,2020
111,111047,Nuraminis,2364,45.1794,2020
111,111048,Nurri,2050,73.6723,2020
111,111049,Nuxis,1443,61.5918,2020
111,111050,Orroli,2056,75.5932,2020
111,111051,Ortacesus,874,23.6259,2020
111,111052,Pabillonis,2549,37.4236,2020
111,111053,Pauli Arbarei,569,15.1381,2020
111,111054,Perdaxius,1318,29.4953,2020
111,111055,Pimentel,1140,14.9677,2020
111,111056,Piscinas,823,16.8946,2020
111,111057,Portoscuso,4895,38.0899,2020
111,111058,Sadali,899,49.6103,2020
111,111059,Samassi,4911,42.0434,2020
111,111060,Samatzai,1556,31.1592,2020
111,111061,San Basilio,1156,44.6243,2020
111,111062,San Gavino Monreale,8189,87.3983,2020
111,111063,San Giovanni Suergiu,5707,72.3709,2020
111,111064,San Nicolò Gerrei,734,63.5145,2020
111,111065,San Sperate,8330,26.2413,2020
111,111066,San Vito,3434,231.6382,2020
111,111067,Sanluri,8175,84.2252,2020
111,111068,Santadi,3199,116.4841,2020
111,111069,Sant'Andrea Frius,1694,36.1629,2020
111,111070,Sant'Anna Arresi,2644,36.6787,2020
111,111071,Sant'Antioco,10767,87.8946,2020
111,111072,Sardara,3856,56.2294,2020
111,111073,Segariu,1108,16.6918,2020
111,111074,Selegas,1297,20.3934,2020
111,111075,Senorbì,4713,34.2889,2020
111,111076,Serdiana,2659,55.706,2020
111,111077,Serramanna,8693,83.8383,2020
111,111078,Serrenti,4614,42.7842,2020
111,111079,Serri,629,19.1826,2020
111,111080,Setzu,136,7.7682,2020
111,111081,Seui,1218,148.2049,2020
111,111082,Seulo,795,58.788,2020
111,111083,Siddi,614,11.0203,2020
111,111084,Siliqua,3623,189.8443,2020
111,111085,Silius,1097,38.3587,2020
111,111086,Siurgus Donigala,1868,76.3871,2020
111,111087,Soleminis,1819,12.7937,2020
111,111088,Suelli,1081,19.1982,2020
111,111089,Teulada,3364,246.1839,2020
111,111090,Tratalias,993,31.0024,2020
111,111091,Tuili,968,24.5857,2020
111,111092,Turri,398,9.6009,2020
111,111093,Ussana,4017,32.8211,2020
111,111094,Ussaramanna,506,9.7603,2020
111,111095,Vallermosa,1830,61.7509,2020
111,111096,Villacidro,13412,183.475,2020
111,111097,Villamar,2499,38.5293,2020
111,111098,Villamassargia,3427,91.3876,2020
111,111099,Villanova Tulo,1017,40.4494,2020
111,111100,Villanovaforru,634,10.9328,2020
111,111101,Villanovafranca,1201,27.59,2020
111,111102,Villaperuccio,1015,36.4283,2020
111,111103,Villaputzu,4497,181.3074,2020
111,111104,Villasalto,999,130.3596,2020
111,111105,Villasimius,3688,57.9708,2020
111,111106,Villasor,6636,86.7935,2020
111,111107,Villaspeciosa,2549,27.1937,2020
