,ID_COMUNE,COMUNE,OBS_VALUE,RESIDENTI,SUPERFICIE (KMQ),DENSITA_POPOLAZIONE,DENSITA_INCIDENTI,INCIDENTI_PRO_CAPITE(1000),CLASSE_DEMOGRAFICA,CLASSE_SUPERFICIE,CLUSTER
0,1001,Agliè,14,2545,13.1462,193.5920646270405,1.0649465244709495,5.50098231827112,Piccolo,Piccolo,1
1,1002,Airasca,30,3633,15.7393,230.82348007852957,1.9060568132000788,8.257638315441783,Piccolo,Piccolo,1
2,1003,Ala di Stura,2,459,46.3315,9.906866818471237,0.0431671756796132,4.357298474945535,Molto piccolo,Piccolo,1
3,1004,Albiano d'Ivrea,15,1638,11.7314,139.625279165317,1.278619772576163,9.15750915750916,Piccolo,Piccolo,1
4,1006,Almese,21,6355,17.8756,355.51254223634453,1.1747857414576297,3.3044846577498035,Medio,Piccolo,1
5,1007,Alpette,2,235,5.6261,41.76960949858695,0.3554860382858463,8.51063829787234,Molto piccolo,Molto piccolo,1
6,1008,Alpignano,118,16484,11.9193,1382.9671205523814,9.89991022962758,7.158456685270566,Medio,Piccolo,1
7,1009,Andezeno,9,2013,7.486,268.9019503072402,1.2022441891530855,4.470938897168406,Piccolo,Molto piccolo,1
8,1010,Andrate,1,488,9.3085,52.42520277166031,0.1074286942042219,2.0491803278688527,Molto piccolo,Molto piccolo,1
9,1011,Angrogna,0,838,38.8782,21.55449583571256,0.0,0.0,Molto piccolo,Piccolo,1
10,1012,Arignano,6,1080,8.1668,132.24273889405887,0.7346818827447715,5.555555555555555,Piccolo,Molto piccolo,1
11,1013,Avigliana,158,12351,23.2172,531.9762934376239,6.805299519321882,12.792486438345072,Medio,Piccolo,0
12,1014,Azeglio,3,1235,9.9605,123.98975955022338,0.3011896993122835,2.4291497975708505,Piccolo,Molto piccolo,1
13,1015,Bairo,10,787,7.0859,111.06563739256836,1.4112533340860018,12.706480304955528,Molto piccolo,Molto piccolo,0
14,1016,Balangero,20,3064,13.0063,235.57814289997924,1.5377163374672276,6.5274151436031325,Piccolo,Piccolo,1
15,1017,Baldissero Canavese,9,533,4.5064,118.27622936268418,1.997159595242322,16.885553470919326,Molto piccolo,Molto piccolo,0
16,1018,Baldissero Torinese,12,3671,15.4054,238.29306606774247,0.7789476417360146,3.2688640697357667,Piccolo,Piccolo,1
17,1019,Balme,1,110,62.7105,1.754092217411757,0.0159462928855614,9.09090909090909,Molto piccolo,Medio,1
18,1020,Banchette,8,3112,2.0289,1533.836068805757,3.9430233131253383,2.5706940874035986,Piccolo,Molto piccolo,1
19,1021,Barbania,4,1585,12.8027,123.80201051340732,0.3124340959328892,2.523659305993691,Piccolo,Piccolo,1
20,1022,Bardonecchia,22,3078,132.203,23.28237634546871,0.1664107471086132,7.147498375568551,Piccolo,Grande,1
21,1023,Barone Canavese,1,559,3.9864,140.226771021473,0.2508528998595223,1.7889087656529516,Molto piccolo,Molto piccolo,1
22,1024,Beinasco,136,17532,6.7343,2603.3886224254934,20.195120502502117,7.757243896874287,Medio,Molto piccolo,3
23,1025,Bibiana,9,3392,18.5979,182.38618338629632,0.4839256045037343,2.6533018867924527,Piccolo,Piccolo,1
24,1026,Bobbio Pellice,0,537,94.0819,5.707792891087446,0.0,0.0,Molto piccolo,Medio,1
25,1027,Bollengo,26,2097,14.2234,147.43310319614156,1.8279736209345163,12.39866475917978,Piccolo,Piccolo,0
26,1028,Borgaro Torinese,75,11773,11.1039,1060.2581075117753,6.754383594953125,6.370508791302132,Medio,Piccolo,1
27,1029,Borgiallo,0,592,6.9648,84.99885136687341,0.0,0.0,Molto piccolo,Molto piccolo,1
28,1030,Borgofranco d'Ivrea,26,3590,13.4189,267.53310629038145,1.9375656722980272,7.242339832869081,Piccolo,Piccolo,1
29,1031,Borgomasino,1,772,12.3712,62.403000517330575,0.0808329022245214,1.2953367875647668,Molto piccolo,Piccolo,1
30,1032,Borgone Susa,20,2187,4.9617,440.7763468166152,4.03087651409799,9.144947416552355,Piccolo,Molto piccolo,1
31,1033,Bosconero,12,3074,10.919,281.5276124187196,1.0990017400860883,3.903708523096942,Piccolo,Piccolo,1
32,1034,Brandizzo,39,8798,6.2914,1398.4168865435356,6.198938233143656,4.432825642191407,Medio,Molto piccolo,1
33,1035,Bricherasio,30,4564,22.7585,200.54045741151657,1.318188808577015,6.573181419807186,Piccolo,Piccolo,1
34,1036,Brosso,0,402,11.135,36.10237988325101,0.0,0.0,Molto piccolo,Piccolo,1
35,1037,Brozolo,2,449,8.9504,50.16535573829103,0.2234537003932785,4.4543429844098,Molto piccolo,Molto piccolo,1
36,1038,Bruino,40,8475,5.5701,1521.5166693596166,7.18119961939642,4.71976401179941,Medio,Molto piccolo,1
37,1039,Brusasco,6,1482,14.3592,103.20909242854756,0.4178505766337957,4.048582995951417,Piccolo,Piccolo,1
38,1040,Bruzolo,14,1487,12.5598,118.3936049937101,1.114667431010048,9.41492938802959,Piccolo,Piccolo,1
39,1041,Buriasco,16,1329,14.6868,90.48941907018548,1.089413623117357,12.039127163280662,Piccolo,Piccolo,0
40,1042,Burolo,4,1134,5.476,207.0854638422206,0.7304601899196493,3.527336860670194,Piccolo,Molto piccolo,1
41,1043,Busano,14,1622,5.0591,320.6103852463877,2.7672906248146902,8.631319358816276,Piccolo,Molto piccolo,1
42,1044,Bussoleno,40,5703,37.0661,153.860265849388,1.0791531884929897,7.013852358407855,Medio,Piccolo,1
43,1045,Buttigliera Alta,11,6292,8.0973,777.0491398367357,1.3584775171970902,1.7482517482517483,Medio,Molto piccolo,1
44,1046,Cafasse,31,3334,10.2312,325.8659785753382,3.0299476112283994,9.298140371925616,Piccolo,Piccolo,1
45,1047,Caluso,46,7344,39.4925,185.95935937203268,1.1647781224283091,6.2636165577342044,Medio,Piccolo,1
46,1048,Cambiano,36,5915,14.1314,418.5714083530294,2.547518292596629,6.086221470836856,Medio,Piccolo,1
47,1049,Campiglione Fenile,5,1333,11.0863,120.2384925538728,0.4510070988517359,3.750937734433608,Piccolo,Piccolo,1
48,1050,Candia Canavese,13,1219,9.1318,133.48956394139162,1.4235966622133642,10.66447908121411,Piccolo,Molto piccolo,1
49,1051,Candiolo,26,5627,11.8499,474.8563279015013,2.1941113427117527,4.620579349564599,Medio,Piccolo,1
50,1052,Canischio,1,277,11.9505,23.17894648759466,0.0836785071754319,3.6101083032490977,Molto piccolo,Piccolo,1
51,1053,Cantalupa,4,2574,11.1953,229.91791198092056,0.3572927925111431,1.554001554001554,Piccolo,Piccolo,1
52,1054,Cantoira,7,588,23.0319,25.5298086566892,0.3039262935320143,11.904761904761903,Molto piccolo,Piccolo,0
53,1055,Caprie,19,2057,16.4078,125.3672034032594,1.1579858360048267,9.236752552260572,Piccolo,Piccolo,1
54,1056,Caravino,3,901,11.5371,78.09588198074039,0.2600306836206672,3.329633740288568,Molto piccolo,Piccolo,1
55,1057,Carema,8,739,10.2579,72.04203589428636,0.7798867214537089,10.825439783491206,Molto piccolo,Piccolo,1
56,1058,Carignano,59,9051,50.679,178.59468418871722,1.1641902957832633,6.518616727433432,Medio,Medio,1
57,1059,Carmagnola,295,28399,95.7148,296.70437591678615,3.082072991846611,10.387689707384062,Grande,Medio,1
58,1060,Casalborgone,10,1862,20.125,92.52173913043478,0.4968944099378882,5.370569280343717,Piccolo,Piccolo,1
59,1061,Cascinette d'Ivrea,10,1532,2.1726,705.1459081285096,4.602780079167817,6.5274151436031325,Piccolo,Molto piccolo,1
60,1062,Caselette,29,3005,14.3136,209.9401967359714,2.026045159847977,9.650582362728786,Piccolo,Piccolo,1
61,1063,Caselle Torinese,125,13749,23.5513,583.7894298828514,5.307562639854275,9.091570296021528,Medio,Piccolo,1
62,1064,Castagneto Po,25,1755,11.4732,152.9651710072168,2.178991039988844,14.245014245014245,Piccolo,Piccolo,0
63,1065,Castagnole Piemonte,3,2165,17.2796,125.29225213546611,0.1736151299798606,1.3856812933025404,Piccolo,Piccolo,1
64,1066,Castellamonte,52,9667,38.7063,249.75262424979917,1.343450549393768,5.379124857763525,Medio,Piccolo,1
65,1067,Castelnuovo Nigra,3,416,28.3756,14.660482950140262,0.1057246366596653,7.211538461538462,Molto piccolo,Piccolo,1
66,1068,Castiglione Torinese,46,6446,14.1345,456.04726024974354,3.254448335632672,7.136208501396215,Medio,Piccolo,1
67,1069,Cavagnolo,12,2237,12.3285,181.4494869611064,0.973354422679158,5.364327223960662,Piccolo,Piccolo,1
68,1070,Cavour,47,5385,48.9591,109.98976696875556,0.9599849670439204,8.727948003714019,Medio,Piccolo,1
69,1071,Cercenasco,10,1761,13.1595,133.81967399977202,0.7599072913104602,5.6785917092561045,Piccolo,Piccolo,1
70,1072,Ceres,5,1032,28.0516,36.789345349284886,0.1782429522736671,4.844961240310077,Piccolo,Piccolo,1
71,1073,Ceresole Reale,2,167,99.8147,1.6731002547720926,0.0200371287996657,11.976047904191615,Molto piccolo,Medio,0
72,1074,Cesana Torinese,21,913,121.7001,7.502048067339303,0.1725553224689215,23.001095290251914,Molto piccolo,Grande,0
73,1075,Chialamberto,1,353,35.4478,9.95830488775044,0.0282104954327207,2.8328611898017,Molto piccolo,Piccolo,1
74,1076,Chianocco,24,1569,18.6134,84.29411069444595,1.2893936626301483,15.296367112810708,Piccolo,Piccolo,0
75,1077,Chiaverano,12,2021,12.0221,168.10706948037364,0.9981617188344798,5.937654626422563,Piccolo,Piccolo,1
76,1078,Chieri,257,36001,54.1975,664.2557313529222,4.74191614004336,7.138690591928002,Grande,Medio,1
77,1079,Chiesanuova,0,233,4.1189,56.56850129889048,0.0,0.0,Molto piccolo,Molto piccolo,1
78,1080,Chiomonte,15,860,26.7549,32.14364471554743,0.5606449659688506,17.441860465116278,Molto piccolo,Piccolo,0
79,1081,Chiusa di San Michele,13,1565,5.9165,264.5144933660103,2.197244992816699,8.30670926517572,Piccolo,Molto piccolo,1
80,1082,Chivasso,308,26497,51.2378,517.1377381542533,6.0111870533083,11.62395742914292,Grande,Medio,0
81,1083,Ciconio,2,360,3.1638,113.78721790252229,0.6321512105695682,5.555555555555555,Molto piccolo,Molto piccolo,1
82,1084,Cintano,0,242,4.9345,49.04245617590435,0.0,0.0,Molto piccolo,Molto piccolo,1
83,1085,Cinzano,0,321,6.1962,51.80594557954876,0.0,0.0,Molto piccolo,Molto piccolo,1
84,1086,Ciriè,152,18261,17.7329,1029.7808029143569,8.571638028748822,8.323750068451892,Medio,Piccolo,1
85,1087,Claviere,0,202,2.6872,75.17118189937482,0.0,0.0,Molto piccolo,Molto piccolo,1
86,1088,Coassolo Torinese,4,1449,27.8788,51.97497740218374,0.1434781984877398,2.7605244996549345,Piccolo,Piccolo,1
87,1089,Coazze,10,3171,56.5727,56.0517705536416,0.1767637040480656,3.15357931251971,Piccolo,Medio,1
88,1090,Collegno,623,48747,18.0993,2693.308580994845,34.42122071019321,12.780273657866124,Grande,Piccolo,3
89,1091,Colleretto Castelnuovo,0,312,6.3321,49.27275311508031,0.0,0.0,Molto piccolo,Molto piccolo,1
90,1092,Colleretto Giacosa,6,591,4.5894,128.7750032684011,1.3073604392731075,10.15228426395939,Molto piccolo,Molto piccolo,1
91,1093,Condove,28,4427,71.1131,62.25294636290641,0.3937389876126902,6.324824937881184,Piccolo,Medio,1
92,1094,Corio,15,3082,41.4914,74.28045329875589,0.3615207006753206,4.866969500324465,Piccolo,Piccolo,1
93,1095,Cossano Canavese,1,443,3.2384,136.79594861660078,0.308794466403162,2.257336343115124,Molto piccolo,Molto piccolo,1
94,1096,Cuceglio,4,937,6.8709,136.37223653378743,0.5821653640716645,4.268943436499467,Molto piccolo,Molto piccolo,1
95,1097,Cumiana,34,7787,60.7335,128.2158940288309,0.5598228325388789,4.366251444715552,Medio,Medio,1
96,1098,Cuorgnè,29,9413,19.3134,487.3818178052544,1.5015481479180257,3.08084563900988,Medio,Piccolo,1
97,1099,Druento,53,8822,27.5395,320.33987545162404,1.9245084333412008,6.007708002720472,Medio,Piccolo,1
98,1100,Exilles,14,244,46.5474,5.241968402101943,0.3007686788091279,57.37704918032787,Molto piccolo,Piccolo,0
99,1101,Favria,13,5122,14.8499,344.9181475969536,0.8754267705506434,2.5380710659898478,Medio,Piccolo,1
100,1102,Feletto,13,2178,7.8931,275.9372109817436,1.6470081463556778,5.968778696051423,Piccolo,Molto piccolo,1
101,1103,Fenestrelle,7,483,49.4091,9.77552718021579,0.1416743069596491,14.492753623188406,Molto piccolo,Piccolo,0
102,1104,Fiano,19,2640,12.0415,219.241788813686,1.5778765104015282,7.196969696969697,Piccolo,Piccolo,1
103,1105,Fiorano Canavese,4,751,4.3457,172.81450629357755,0.9204501000989485,5.326231691078562,Molto piccolo,Molto piccolo,1
104,1106,Foglizzo,29,2255,15.6427,144.1566992910431,1.8538999021907985,12.860310421286032,Piccolo,Piccolo,0
105,1107,Forno Canavese,10,3271,16.5003,198.23881990024424,0.6060495869772065,3.0571690614490983,Piccolo,Piccolo,1
106,1108,Frassinetto,0,274,24.8185,11.040151499889197,0.0,0.0,Molto piccolo,Piccolo,1
107,1109,Front,23,1627,10.9482,148.60890374673463,2.100801958312782,14.136447449293176,Piccolo,Piccolo,0
108,1110,Frossasco,9,2841,20.1488,141.000952910347,0.446676725164774,3.1678986272439285,Piccolo,Piccolo,1
109,1111,Garzigliana,7,544,7.4018,73.49563619660083,0.9457159069415548,12.867647058823527,Molto piccolo,Molto piccolo,0
110,1112,Gassino Torinese,63,9389,20.5108,457.7588392456657,3.071552547925971,6.709979763553094,Medio,Piccolo,1
111,1113,Germagnano,20,1117,14.4442,77.33207792747261,1.384638816964595,17.905102954341988,Piccolo,Piccolo,0
112,1114,Giaglione,13,594,33.3833,17.793327801625363,0.3894162650187369,21.88552188552189,Molto piccolo,Piccolo,0
113,1115,Giaveno,96,16168,71.7376,225.3769292532786,1.3382103666696403,5.937654626422563,Medio,Medio,1
114,1116,Givoletto,13,4003,12.8199,312.2489254986388,1.0140484715169384,3.247564326754934,Piccolo,Piccolo,1
115,1117,Gravere,12,665,18.987,35.0239637646811,0.6320113762047718,18.045112781954888,Molto piccolo,Piccolo,0
116,1118,Groscavallo,2,194,92.0935,2.10655475142111,0.0217170592930011,10.309278350515465,Molto piccolo,Medio,1
117,1119,Grosso,11,973,4.3296,224.7320768662232,2.540650406504065,11.305241521068858,Molto piccolo,Molto piccolo,1
118,1120,Grugliasco,227,37201,13.1321,2832.829478910456,17.28588725337151,6.101986505739093,Grande,Piccolo,3
119,1121,Ingria,0,45,14.7506,3.0507233604056783,0.0,0.0,Molto piccolo,Piccolo,1
120,1122,Inverso Pinasca,10,689,8.0292,85.81178697753201,1.2454540925621482,14.51378809869376,Molto piccolo,Molto piccolo,0
121,1123,Isolabella,0,371,4.7716,77.75169754380082,0.0,0.0,Molto piccolo,Molto piccolo,1
122,1124,Issiglio,3,409,5.5042,74.30689291813525,0.5450383343628502,7.334963325183374,Molto piccolo,Molto piccolo,1
123,1125,Ivrea,253,22839,30.1075,758.5817487337042,8.403221788590882,11.07754279959718,Grande,Piccolo,0
124,1126,La Cassa,8,1766,12.0353,146.73502114612847,0.6647113075702309,4.530011325028313,Piccolo,Piccolo,1
125,1127,La Loggia,67,8783,12.7929,686.5526971992277,5.237280053779831,7.628372993282477,Medio,Piccolo,1
126,1128,Lanzo Torinese,32,4878,10.2876,474.16307010381433,3.1105408452894747,6.560065600656007,Piccolo,Piccolo,1
127,1129,Lauriano,5,1422,14.29,99.51014695591324,0.3498950314905528,3.516174402250352,Piccolo,Piccolo,1
128,1130,Leini,175,16309,31.9191,510.94799038820014,5.482610725239747,10.730271629161813,Medio,Piccolo,1
129,1131,Lemie,2,185,45.6753,4.050329171346439,0.0437873423929344,10.81081081081081,Molto piccolo,Piccolo,1
130,1132,Lessolo,16,1795,7.9366,226.16737645843307,2.0159766146712697,8.913649025069638,Piccolo,Molto piccolo,1
131,1133,Levone,2,429,5.3912,79.57412078943463,0.3709749220952663,4.662004662004662,Molto piccolo,Molto piccolo,1
132,1134,Locana,17,1382,132.5173,10.428827028621924,0.1282851371103999,12.301013024602026,Piccolo,Grande,0
133,1135,Lombardore,24,1669,12.7158,131.254030418849,1.8874156561128677,14.37986818454164,Piccolo,Piccolo,0
134,1136,Lombriasco,5,1066,7.2096,147.8584110075455,0.6935197514425211,4.690431519699813,Piccolo,Molto piccolo,1
135,1137,Loranzè,0,1149,4.1914,274.1327480078256,0.0,0.0,Piccolo,Molto piccolo,1
136,1139,Luserna San Giovanni,26,7096,17.7414,399.9684354109597,1.4654987768721748,3.664036076662908,Medio,Piccolo,1
137,1140,Lusernetta,2,492,7.0398,69.88834910082673,0.2840989800846615,4.065040650406504,Molto piccolo,Molto piccolo,1
138,1141,Lusigliè,5,547,5.2585,104.02205952267758,0.9508414947228296,9.140767824497258,Molto piccolo,Molto piccolo,1
139,1142,Macello,4,1151,14.1404,81.39798025515545,0.2828774292099233,3.475238922675934,Piccolo,Piccolo,1
140,1143,Maglione,0,413,6.3129,65.42159704731581,0.0,0.0,Molto piccolo,Molto piccolo,1
141,1144,Marentino,2,1306,11.2593,115.99300134111355,0.1776309362038492,1.531393568147014,Piccolo,Piccolo,1
142,1145,Massello,0,56,38.2587,1.4637193631775258,0.0,0.0,Molto piccolo,Piccolo,1
143,1146,Mathi,41,3795,7.0706,536.7295561904224,5.798659236839872,10.803689064558627,Piccolo,Molto piccolo,1
144,1147,Mattie,4,647,28.6942,22.548110768029776,0.1394009939290867,6.182380216383307,Molto piccolo,Piccolo,1
145,1148,Mazzè,29,4169,27.3424,152.4738135642811,1.0606237930832698,6.9561045814343965,Piccolo,Piccolo,1
146,1149,Meana di Susa,5,809,16.5439,48.9001988648384,0.3022261981757626,6.1804697156983925,Molto piccolo,Piccolo,1
147,1150,Mercenasco,12,1283,12.6383,101.51681792646164,0.949494789647342,9.35307872174591,Piccolo,Piccolo,1
148,1152,Mezzenile,2,760,29.0871,26.128421190149584,0.0687590031319726,2.631578947368421,Molto piccolo,Piccolo,1
149,1153,Mombello di Torino,1,383,4.0825,93.8150642988365,0.2449479485609308,2.610966057441253,Molto piccolo,Molto piccolo,1
150,1154,Mompantero,4,639,30.3332,21.066026663853467,0.1318687115108198,6.259780907668231,Molto piccolo,Piccolo,1
151,1155,Monastero di Lanzo,1,331,17.6554,18.74780520407354,0.0566398948763551,3.0211480362537766,Molto piccolo,Piccolo,1
152,1156,Moncalieri,662,56319,47.5288,1184.9447072091027,13.928397098180472,11.754470072266908,Grande,Piccolo,3
153,1157,Moncenisio,6,41,4.5007,9.109694047592596,1.3331259581842825,146.34146341463415,Molto piccolo,Molto piccolo,0
154,1158,Montaldo Torinese,3,723,4.6567,155.2601627762149,0.6442330405652071,4.149377593360996,Molto piccolo,Molto piccolo,1
155,1159,Montalenghe,10,985,6.4681,152.28583355235696,1.5460490715975326,10.15228426395939,Molto piccolo,Molto piccolo,1
156,1160,Montalto Dora,17,3349,7.3567,455.231285766716,2.310818709475716,5.076142131979695,Piccolo,Molto piccolo,1
157,1161,Montanaro,20,5119,20.9036,244.8860483361717,0.9567729960389596,3.907013088493847,Medio,Piccolo,1
158,1162,Monteu da Po,15,842,7.3896,113.94392118653244,2.0298798311139983,17.81472684085511,Molto piccolo,Molto piccolo,0
159,1163,Moriondo Torinese,4,852,6.4895,131.28900531628014,0.6163803066492026,4.694835680751174,Molto piccolo,Molto piccolo,1
160,1164,Nichelino,531,46512,20.5627,2261.9597620935,25.823457036284147,11.41640866873065,Grande,Piccolo,3
161,1165,Noasca,1,107,78.0481,1.370949452965543,0.0128126117099583,9.345794392523365,Molto piccolo,Medio,1
162,1166,Nole,47,6770,11.353,596.3181537919493,4.13987492292786,6.942392909896603,Medio,Piccolo,1
163,1167,Nomaglio,1,291,3.0743,94.6556939791172,0.3252772988973099,3.436426116838488,Molto piccolo,Molto piccolo,1
164,1168,None.,36,7849,24.6422,318.51863875790315,1.4609085227779988,4.586571537775512,Medio,Piccolo,1
165,1169,Novalesa,0,526,28.5542,18.42110792808063,0.0,0.0,Molto piccolo,Piccolo,1
166,1170,Oglianico,4,1453,6.303,230.52514675551325,0.6346184356655561,2.7529249827942186,Piccolo,Molto piccolo,1
167,1171,Orbassano,303,23061,22.2078,1038.4189338880935,13.643854861805313,13.139065955509302,Grande,Piccolo,3
168,1172,Orio Canavese,2,764,7.1541,106.79190953439289,0.2795599726031227,2.617801047120419,Molto piccolo,Molto piccolo,1
169,1173,Osasco,3,1173,5.4885,213.71959551790107,0.5465974309920744,2.557544757033248,Piccolo,Molto piccolo,1
170,1174,Osasio,1,929,4.5771,202.96694413493265,0.2184789495532105,1.0764262648008611,Molto piccolo,Molto piccolo,1
171,1175,Oulx,33,3264,99.7857,32.710097739455655,0.3307087087628788,10.11029411764706,Piccolo,Medio,1
172,1176,Ozegna,9,1187,5.4058,219.57897073513632,1.6648784638721372,7.582139848357203,Piccolo,Molto piccolo,1
173,1177,Palazzo Canavese,3,842,5.0819,165.68606229953363,0.5903303882406187,3.5629453681710217,Molto piccolo,Molto piccolo,1
174,1178,Pancalieri,4,2005,15.8878,126.19745968604842,0.2517655056080766,1.99501246882793,Piccolo,Piccolo,1
175,1179,Parella,4,419,2.6886,155.84318976418953,1.4877631481068214,9.54653937947494,Molto piccolo,Molto piccolo,1
176,1180,Pavarolo,1,1124,4.4056,255.12983475576544,0.2269838387506809,0.889679715302491,Piccolo,Molto piccolo,1
177,1181,Pavone Canavese,25,3680,11.54,318.89081455805893,2.1663778162911616,6.793478260869565,Piccolo,Piccolo,1
178,1183,Pecetto Torinese,17,3992,9.173,435.1902322032051,1.8532650168974163,4.258517034068136,Piccolo,Molto piccolo,1
179,1184,Perosa Argentina,12,3133,26.0906,120.0815619418488,0.459935762305198,3.830194701563996,Piccolo,Piccolo,1
180,1185,Perosa Canavese,5,521,4.708,110.66270178419713,1.0620220900594732,9.596928982725528,Molto piccolo,Molto piccolo,1
181,1186,Perrero,3,600,63.183,9.496225250462942,0.0474811262523147,5.0,Molto piccolo,Medio,1
182,1187,Pertusio,1,747,4.0041,186.55877725331536,0.249744012387303,1.3386880856760377,Molto piccolo,Molto piccolo,1
183,1188,Pessinetto,11,629,5.3498,117.57448876593516,2.056151631836704,17.488076311605724,Molto piccolo,Molto piccolo,0
184,1189,Pianezza,137,15446,16.4634,938.2023154390952,8.321488878360485,8.869610255082224,Medio,Piccolo,1
185,1190,Pinasca,13,2843,34.7183,81.88765002894728,0.3744422970018693,4.57263454097784,Piccolo,Piccolo,1
186,1191,Pinerolo,338,35480,50.3376,704.8409141476749,6.714662598137376,9.526493799323562,Grande,Medio,1
187,1192,Pino Torinese,34,8281,21.8196,379.5211644576436,1.558232048250197,4.105784325564545,Medio,Piccolo,1
188,1193,Piobesi Torinese,13,3823,19.6488,194.5665893082529,0.6616180122959162,3.400470834423228,Piccolo,Piccolo,1
189,1194,Piossasco,118,18102,40.1459,450.9053228349595,2.9392789799207395,6.518616727433432,Medio,Piccolo,1
190,1195,Piscina,26,3335,9.9034,336.75303431144863,2.625360987135731,7.796101949025488,Piccolo,Molto piccolo,1
191,1196,Piverone,13,1333,11.0343,120.80512583489664,1.1781445130184969,9.752438109527382,Piccolo,Piccolo,1
192,1197,Poirino,90,10202,75.6186,134.9138968454851,1.1901833675841658,8.821799647128014,Medio,Medio,1
193,1198,Pomaretto,0,970,8.5611,113.30319701907466,0.0,0.0,Molto piccolo,Molto piccolo,1
194,1199,Pont Canavese,11,3116,19.0609,163.47601634760164,0.5770976186853716,3.5301668806161746,Piccolo,Piccolo,1
195,1200,Porte,15,1076,4.4476,241.9282309560212,3.3726054501304072,13.940520446096654,Piccolo,Molto piccolo,0
196,1201,Pragelato,4,762,89.2017,8.542438092547563,0.0448421947115357,5.2493438320209975,Molto piccolo,Medio,1
197,1202,Prali,3,252,72.6092,3.4706345752328907,0.041317078276582,11.904761904761903,Molto piccolo,Medio,0
198,1203,Pralormo,17,1891,29.8455,63.359635455931375,0.5696001072188437,8.989952406134321,Piccolo,Piccolo,1
199,1204,Pramollo,1,223,22.4785,9.920590786751784,0.0444869542006806,4.484304932735426,Molto piccolo,Piccolo,1
200,1205,Prarostino,4,1250,10.5052,118.98869131477744,0.3807638122072878,3.2,Piccolo,Piccolo,1
201,1206,Prascorsano,1,738,6.2419,118.23323026642528,0.1602076290872971,1.3550135501355014,Molto piccolo,Molto piccolo,1
202,1207,Pratiglione,0,460,7.8803,58.37341217973935,0.0,0.0,Molto piccolo,Molto piccolo,1
203,1208,Quagliuzzo,6,327,2.038,160.4514229636899,2.9440628066732093,18.34862385321101,Molto piccolo,Molto piccolo,0
204,1209,Quassolo,8,338,3.9559,85.44199802826158,2.022295811319801,23.66863905325444,Molto piccolo,Molto piccolo,0
205,1210,Quincinetto,8,997,17.7879,56.04933690879755,0.449743927051535,8.02407221664995,Molto piccolo,Piccolo,1
206,1211,Reano,3,1763,6.6658,264.48438296978605,0.4500585076059887,1.7016449234259785,Piccolo,Molto piccolo,1
207,1212,Ribordone,0,48,43.6002,1.1009123811358663,0.0,0.0,Molto piccolo,Piccolo,1
208,1213,Rivalba,6,1124,10.8334,103.75320767256818,0.5538427455831041,5.338078291814947,Piccolo,Piccolo,1
209,1214,Rivalta di Torino,249,20127,25.1076,801.6297854036228,9.917315872484824,12.371441347443731,Grande,Piccolo,0
210,1215,Riva presso Chieri,37,4734,35.8318,132.11728129761832,1.032602325308804,7.81580059146599,Piccolo,Piccolo,1
211,1216,Rivara,12,2527,12.5838,200.8137446558273,0.9536070185476564,4.748713889988128,Piccolo,Piccolo,1
212,1217,Rivarolo Canavese,119,12302,32.2459,381.5058658620166,3.690391646689967,9.673223866038043,Medio,Piccolo,1
213,1218,Rivarossa,9,1542,10.8733,141.81527227244715,0.8277155969208979,5.836575875486381,Piccolo,Piccolo,1
214,1219,Rivoli,757,47807,29.4998,1620.5872582186998,25.66119092332829,15.834501223670172,Grande,Piccolo,3
215,1220,Robassomero,39,3042,8.5756,354.727366015206,4.547786743784692,12.82051282051282,Piccolo,Molto piccolo,0
216,1221,Rocca Canavese,3,1664,14.1912,117.2557641355206,0.2113986132250972,1.8028846153846156,Piccolo,Piccolo,1
217,1222,Roletto,5,1962,9.7039,202.18674965735423,0.5152567524397407,2.5484199796126403,Piccolo,Molto piccolo,1
218,1223,Romano Canavese,18,2606,11.2106,232.4585660000357,1.6056232494246518,6.907137375287797,Piccolo,Piccolo,1
219,1224,Ronco Canavese,0,296,96.2686,3.0747304936396707,0.0,0.0,Molto piccolo,Medio,1
220,1225,Rondissone,22,1867,10.6877,174.68678948698036,2.058441011630192,11.783610069630424,Piccolo,Piccolo,0
221,1226,Rorà,1,228,12.4075,18.37598226878904,0.080596413459601,4.385964912280701,Molto piccolo,Piccolo,1
222,1227,Roure,7,789,59.3732,13.288823913819703,0.1178983110224815,8.871989860583017,Molto piccolo,Medio,1
223,1228,Rosta,17,5044,9.065,556.4258135686707,1.8753447324875896,3.3703409992069786,Medio,Molto piccolo,1
224,1229,Rubiana,11,2352,26.9371,87.31452160774545,0.4083587320090135,4.67687074829932,Piccolo,Piccolo,1
225,1230,Rueglio,1,777,15.1002,51.456272102356266,0.0662242884200209,1.287001287001287,Molto piccolo,Piccolo,1
226,1231,Salassa,10,1809,4.9519,365.314323794907,2.0194268866495686,5.527915975677169,Piccolo,Molto piccolo,1
227,1232,Salbertrand,21,609,38.3198,15.892567288973323,0.5480195616887353,34.48275862068965,Molto piccolo,Piccolo,0
228,1233,Salerano Canavese,2,462,2.1034,219.64438528097364,0.9508414947228296,4.329004329004329,Molto piccolo,Molto piccolo,1
229,1234,Salza di Pinerolo,0,75,15.8859,4.721167828073953,0.0,0.0,Molto piccolo,Piccolo,1
230,1235,Samone,10,1501,2.433,616.9338265515825,4.110152075626798,6.662225183211192,Piccolo,Molto piccolo,1
231,1236,San Benigno Canavese,32,5955,22.2318,267.85955253285834,1.439379627380599,5.373635600335852,Medio,Piccolo,1
232,1237,San Carlo Canavese,19,3980,20.9068,190.3686838731896,0.9087952245202516,4.773869346733669,Piccolo,Piccolo,1
233,1238,San Colombano Belmonte,1,362,3.3809,107.0720813984442,0.2957792303824425,2.7624309392265194,Molto piccolo,Molto piccolo,1
234,1239,San Didero,4,512,3.3037,154.977752217211,1.2107636891969609,7.8125,Molto piccolo,Molto piccolo,1
235,1240,San Francesco al Campo,10,4839,14.9796,323.0393334935512,0.6675745680792545,2.0665426741062203,Piccolo,Piccolo,1
236,1241,Sangano,20,3683,6.6513,553.7263392118834,3.006930975899448,5.430355688297583,Piccolo,Molto piccolo,1
237,1242,San Germano Chisone,5,1707,15.8616,107.6183991526706,0.3152267110505876,2.9291154071470418,Piccolo,Piccolo,1
238,1243,San Gillio,7,3173,8.8866,357.0544415186911,0.787702833479621,2.206114087614245,Piccolo,Molto piccolo,1
239,1244,San Giorgio Canavese,24,2520,20.4049,123.49974760964275,1.1761880724727882,9.523809523809526,Piccolo,Piccolo,1
240,1245,San Giorio di Susa,15,978,19.7366,49.5526078453229,0.7600093227810262,15.337423312883436,Molto piccolo,Piccolo,0
241,1246,San Giusto Canavese,22,3247,9.6132,337.76474014896183,2.2885199517330337,6.775485063135202,Piccolo,Molto piccolo,1
242,1247,San Martino Canavese,6,811,9.7933,82.81171821551469,0.6126637599174946,7.398273736128237,Molto piccolo,Molto piccolo,1
243,1248,San Maurizio Canavese,77,10144,17.3442,584.8641044268401,4.439524451978183,7.590694006309148,Medio,Piccolo,1
244,1249,San Mauro Torinese,108,18589,12.5517,1480.994606308309,8.60441215134205,5.809887567916509,Medio,Piccolo,1
245,1250,San Pietro Val Lemina,4,1439,12.4446,115.632483165389,0.3214245536216512,2.779708130646282,Piccolo,Piccolo,1
246,1251,San Ponso,3,257,2.1243,120.98102904486184,1.4122299110295158,11.673151750972762,Molto piccolo,Molto piccolo,0
247,1252,San Raffaele Cimena,23,3098,11.152,277.7977044476327,2.062410329985653,7.424144609425436,Piccolo,Piccolo,1
248,1253,San Sebastiano da Po,23,1855,16.5766,111.90473317809445,1.3874980394049443,12.398921832884096,Piccolo,Piccolo,0
249,1254,San Secondo di Pinerolo,25,3615,12.5719,287.546035205498,1.9885617925691423,6.915629322268326,Piccolo,Piccolo,1
250,1255,Sant'Ambrogio di Torino,30,4597,8.3683,549.334990380364,3.584957518253409,6.525995214270176,Piccolo,Molto piccolo,1
251,1256,Sant'Antonino di Susa,24,4060,9.7945,414.5183521364031,2.450354790954107,5.9113300492610845,Piccolo,Molto piccolo,1
252,1257,Santena,63,10556,16.1983,651.6733237438497,3.88929702499645,5.968169761273209,Medio,Piccolo,1
253,1258,Sauze di Cesana,2,250,78.2772,3.193778009433143,0.0255502240754651,8.0,Molto piccolo,Medio,1
254,1259,Sauze d'Oulx,1,1081,17.3112,62.44512223300522,0.0577660705208188,0.9250693802035151,Piccolo,Piccolo,1
255,1260,Scalenghe,14,3226,31.6768,101.84109506010708,0.4419638347307809,4.339739615623063,Piccolo,Piccolo,1
256,1261,Scarmagno,16,806,8.0308,100.36360013946307,1.992329531304478,19.851116625310173,Molto piccolo,Molto piccolo,0
257,1262,Sciolze,3,1432,11.3557,126.10407108324452,0.2641845064593112,2.094972067039106,Piccolo,Piccolo,1
258,1263,Sestriere,6,922,25.9158,35.576752405868234,0.2315189961336327,6.507592190889371,Molto piccolo,Piccolo,1
259,1264,Settimo Rottaro,8,467,6.0578,77.09069299085476,1.3206114430981544,17.130620985010708,Molto piccolo,Molto piccolo,0
260,1265,Settimo Torinese,506,46348,31.4505,1473.6808635792752,16.088774423300105,10.91740743937171,Grande,Piccolo,3
261,1266,Settimo Vittone,13,1513,23.2604,65.04617289470517,0.5588897869340166,8.592200925313946,Piccolo,Piccolo,1
262,1267,Sparone,6,933,29.6785,31.436898765099315,0.202166551544047,6.430868167202572,Molto piccolo,Piccolo,1
263,1268,Strambinello,6,266,2.214,120.14453477868112,2.710027100271003,22.55639097744361,Molto piccolo,Molto piccolo,0
264,1269,Strambino,50,6092,22.4686,271.1339380290717,2.2253277907835827,8.207485226526593,Medio,Piccolo,1
265,1270,Susa,96,5992,10.9879,545.3271325731032,8.73688329890152,16.02136181575434,Medio,Piccolo,0
266,1271,Tavagnasco,7,774,8.6751,89.22087353459902,0.8069071249899136,9.04392764857881,Molto piccolo,Molto piccolo,1
267,1272,Torino,13702,858205,130.0645,6598.303149591164,105.34773131792302,15.965882277544408,Grande,Grande,2
268,1273,Torrazza Piemonte,15,2974,9.8238,302.7341761843685,1.5269040493495387,5.043712172158709,Piccolo,Molto piccolo,1
269,1274,Torre Canavese,8,616,5.4545,112.9342744522871,1.4666788889907414,12.987012987012989,Molto piccolo,Molto piccolo,0
270,1275,Torre Pellice,18,4554,21.0981,215.84882050990376,0.8531573933197777,3.952569169960474,Piccolo,Piccolo,1
271,1276,Trana,26,3788,16.4059,230.8925447552405,1.5847957137371314,6.863780359028511,Piccolo,Piccolo,1
272,1278,Traversella,2,323,39.3597,8.206363361509363,0.0508133954273025,6.191950464396285,Molto piccolo,Piccolo,1
273,1279,Traves,8,506,10.4544,48.400673400673405,0.7652280379553107,15.810276679841897,Molto piccolo,Piccolo,0
274,1280,Trofarello,47,10611,12.3475,859.3642437740433,3.8064385503138287,4.429365752520969,Medio,Piccolo,1
275,1281,Usseaux,5,180,37.9669,4.740971741174549,0.1316936594770708,27.77777777777777,Molto piccolo,Piccolo,0
276,1282,Usseglio,2,200,98.5375,2.029684130407205,0.020296841304072,10.0,Molto piccolo,Medio,1
277,1283,Vaie,8,1398,7.2292,193.38239362585077,1.1066231394898467,5.722460658082976,Piccolo,Molto piccolo,1
278,1284,Val della Torre,15,3965,36.5253,108.55489208849755,0.4106742449754006,3.7831021437578816,Piccolo,Piccolo,1
279,1285,Valgioie,3,947,9.12,103.83771929824562,0.3289473684210526,3.1678986272439285,Molto piccolo,Molto piccolo,1
280,1286,Vallo Torinese,2,788,6.0792,129.62231872614817,0.3289906566653507,2.5380710659898478,Molto piccolo,Molto piccolo,1
281,1287,Valperga,10,2991,11.9094,251.14615345861253,0.839672863452399,3.343363423604146,Piccolo,Piccolo,1
282,1288,Valprato Soana,1,93,71.8527,1.2943146186573364,0.0139173614909391,10.752688172043012,Molto piccolo,Medio,1
283,1289,Varisella,8,845,22.5579,37.459160648819264,0.3546429410539101,9.467455621301776,Molto piccolo,Piccolo,1
284,1290,Vauda Canavese,7,1443,7.0929,203.44287949921755,0.9869023953530996,4.851004851004851,Piccolo,Molto piccolo,1
285,1291,Venaus,11,877,19.1435,45.81189437668138,0.5746075691487973,12.542759407069555,Molto piccolo,Piccolo,0
286,1292,Venaria Reale,333,32682,20.4424,1598.7359605525771,16.28967244550542,10.189094914631909,Grande,Piccolo,3
287,1293,Verolengo,57,4766,29.4882,161.62397162254732,1.9329765804626935,11.95971464540495,Piccolo,Piccolo,0
288,1294,Verrua Savoia,11,1340,31.9431,41.94959161759503,0.3443623192489145,8.208955223880597,Piccolo,Piccolo,1
289,1295,Vestignè,14,765,12.0691,63.38500799562519,1.159987074429742,18.300653594771244,Molto piccolo,Piccolo,0
290,1296,Vialfrè,1,242,4.6453,52.09566658773384,0.2152713495360902,4.132231404958678,Molto piccolo,Molto piccolo,1
291,1298,Vidracco,0,495,2.9677,166.79583515854029,0.0,0.0,Molto piccolo,Molto piccolo,1
292,1299,Vigone,27,5070,41.1543,123.19490308424636,0.6560675312178801,5.325443786982248,Medio,Piccolo,1
293,1300,Villafranca Piemonte,20,4489,50.7854,88.39154560168868,0.3938139701567773,4.455335263978615,Piccolo,Medio,1
294,1301,Villanova Canavese,8,1194,4.0306,296.2338113432244,1.9848161564035127,6.700167504187605,Piccolo,Molto piccolo,1
295,1302,Villarbasse,13,3467,10.4088,333.08354469295216,1.2489432019060795,3.749639457744448,Piccolo,Piccolo,1
296,1303,Villar Dora,23,2785,5.7067,488.02285033381816,4.030350290009989,8.258527827648114,Piccolo,Molto piccolo,1
297,1304,Villareggia,12,996,11.4091,87.29873522013129,1.0517919906039914,12.048192771084338,Molto piccolo,Piccolo,0
298,1305,Villar Focchiardo,20,1948,25.6868,75.83661647227369,0.7786100253826868,10.26694045174538,Piccolo,Piccolo,1
299,1306,Villar Pellice,5,1045,60.2927,17.332114833139002,0.0829287791059282,4.784688995215311,Piccolo,Medio,1
300,1307,Villar Perosa,21,3888,11.4228,340.37188780334066,1.8384284063452043,5.401234567901234,Piccolo,Piccolo,1
301,1308,Villastellone,33,4504,19.8767,226.59697032203536,1.660235350938536,7.326820603907638,Piccolo,Piccolo,1
302,1309,Vinovo,70,15070,17.6941,851.6963281545826,3.956120966875965,4.6449900464499,Medio,Piccolo,1
303,1310,Virle Piemonte,5,1151,14.0573,81.8791659849331,0.3556870807338536,4.344048653344918,Piccolo,Piccolo,1
304,1311,Vische,9,1189,17.0748,69.63478342352472,0.5270925574530888,7.569386038687971,Piccolo,Piccolo,1
305,1312,Vistrorio,1,518,4.6817,110.64356964350556,0.2135976247944122,1.9305019305019304,Molto piccolo,Molto piccolo,1
306,1313,Viù,9,1021,84.1119,12.138591566710536,0.107000317434275,8.81488736532811,Piccolo,Medio,1
307,1314,Volpiano,150,15167,32.4629,467.2102615601194,4.620659275665452,9.889892529834508,Medio,Piccolo,1
308,1315,Volvera,31,8495,20.9827,404.8573348520448,1.477407578624295,3.64920541494997,Medio,Piccolo,1
309,1316,Mappano,44,7354,9.7589,753.568537437621,4.508704874524793,5.983138428066359,Medio,Molto piccolo,1
310,1317,Val di Chy,5,1236,13.831,89.36447111560986,0.3615067601764153,4.045307443365696,Piccolo,Piccolo,1
311,1318,Valchiusa,2,987,49.6245,19.889369162409697,0.0403026730747916,2.026342451874367,Molto piccolo,Piccolo,1
312,2002,Alagna Valsesia,0,725,133.1704,5.444152754666202,0.0,0.0,Molto piccolo,Grande,1
313,2003,Albano Vercellese,4,309,13.7804,22.42315172273664,0.2902673362166555,12.944983818770227,Molto piccolo,Piccolo,0
314,2004,Alice Castello,44,2506,24.565,102.0150620801954,1.791166293507022,17.557861133280127,Piccolo,Piccolo,0
315,2006,Arborio,7,844,23.3101,36.20748087738792,0.3002990120162505,8.293838862559243,Molto piccolo,Piccolo,1
316,2007,Asigliano Vercellese,16,1389,26.3156,52.78238003313624,0.6080043776315189,11.519078473722102,Piccolo,Piccolo,1
317,2008,Balmuccia,4,117,9.7885,11.952801757164018,0.4086427951167186,34.188034188034194,Molto piccolo,Molto piccolo,0
318,2009,Balocco,14,220,16.8079,13.089083109728165,0.8329416524372467,63.63636363636363,Molto piccolo,Piccolo,0
319,2011,Bianzè,13,1848,41.8058,44.20439269192313,0.3109616369020567,7.034632034632035,Piccolo,Piccolo,1
320,2014,Boccioleto,1,160,33.8706,4.723860811441191,0.0295241300715074,6.25,Molto piccolo,Piccolo,1
321,2015,Borgo d'Ale,26,2260,39.5707,57.112964895743566,0.6570518085351029,11.50442477876106,Piccolo,Piccolo,1
322,2016,Borgosesia,123,12250,41.0901,298.12533919362573,2.993421773127834,10.040816326530612,Medio,Piccolo,1
323,2017,Borgo Vercelli,36,2228,19.2949,115.4709275508036,1.865778003513882,16.15798922800718,Piccolo,Piccolo,0
324,2021,Buronzo,9,837,25.0776,33.37639965546942,0.3588860178007464,10.752688172043012,Molto piccolo,Piccolo,1
325,2025,Campertogno,1,214,34.1364,6.268968022404237,0.0292942430953469,4.672897196261682,Molto piccolo,Piccolo,1
326,2029,Carcoforo,0,73,22.8004,3.201698215820775,0.0,0.0,Molto piccolo,Piccolo,1
327,2030,Caresana,12,1039,24.1087,43.09647554617213,0.4977456270972719,11.549566891241575,Piccolo,Piccolo,0
328,2031,Caresanablot,20,1096,11.0218,99.4392930374349,1.8145856393692497,18.24817518248175,Piccolo,Piccolo,0
329,2032,Carisio,32,766,30.1062,25.44326417814271,1.0629039865542644,41.775456919060055,Molto piccolo,Piccolo,0
330,2033,Casanova Elvo,0,223,16.205,13.761184819500157,0.0,0.0,Molto piccolo,Piccolo,1
331,2035,San Giacomo Vercellese,1,292,9.6044,30.40273208112948,0.1041189454833201,3.4246575342465757,Molto piccolo,Molto piccolo,1
332,2041,Cervatto,1,52,9.538,5.45187670371147,0.1048437827636821,19.230769230769237,Molto piccolo,Molto piccolo,0
333,2042,Cigliano,25,4283,25.3078,169.23636191213777,0.9878377417238954,5.837030119075415,Piccolo,Piccolo,1
334,2043,Civiasco,8,239,7.3878,32.35063212323019,1.0828663472210942,33.47280334728033,Molto piccolo,Molto piccolo,0
335,2045,Collobiano,3,86,9.2234,9.324110414814491,0.3252596656330637,34.88372093023256,Molto piccolo,Molto piccolo,0
336,2047,Costanzana,3,748,20.9676,35.67408763997787,0.1430778916041893,4.010695187165775,Molto piccolo,Piccolo,1
337,2048,Cravagliana,2,252,34.8563,7.22968301282695,0.0573784366097376,7.936507936507936,Molto piccolo,Piccolo,1
338,2049,Crescentino,20,7611,48.2233,157.82826973682845,0.4147372743051595,2.627775587964788,Medio,Piccolo,1
339,2052,Crova,3,394,14.0162,28.110329475892183,0.2140380416946105,7.614213197969543,Molto piccolo,Piccolo,1
340,2054,Desana,11,1061,16.4768,64.39357156729461,0.667605360264129,10.367577756833176,Piccolo,Piccolo,1
341,2057,Fobello,0,185,28.1403,6.574201412209536,0.0,0.0,Molto piccolo,Piccolo,1
342,2058,Fontanetto Po,3,1079,23.2424,46.42377723470898,0.1290744501428423,2.7803521779425395,Piccolo,Piccolo,1
343,2059,Formigliana,18,495,16.7629,29.529496686134262,1.0737998794957917,36.36363636363636,Molto piccolo,Piccolo,0
344,2061,Gattinara,42,7572,33.6659,224.9160129389085,1.2475531621017113,5.546751188589541,Medio,Piccolo,1
345,2062,Ghislarengo,10,814,12.503,65.104374950012,0.7998080460689434,12.285012285012284,Molto piccolo,Piccolo,0
346,2065,Greggio,7,340,11.8817,28.61543381839299,0.5891412844963263,20.58823529411765,Molto piccolo,Piccolo,0
347,2066,Guardabosone,2,339,6.0875,55.68788501026694,0.3285420944558521,5.899705014749262,Molto piccolo,Molto piccolo,1
348,2067,Lamporo,2,509,9.644,52.7789299046039,0.2073828287017834,3.929273084479371,Molto piccolo,Molto piccolo,1
349,2068,Lenta,1,797,18.9701,42.013484378047565,0.0527145349787296,1.2547051442910917,Molto piccolo,Piccolo,1
350,2070,Lignana,11,526,22.574,23.30114290777,0.4872862585275095,20.91254752851711,Molto piccolo,Piccolo,0
351,2071,Livorno Ferraris,25,4183,58.028,72.08588957055215,0.4308264975529055,5.976571838393498,Piccolo,Medio,1
352,2072,Lozzolo,3,800,6.6672,119.99040076793855,0.4499640028797696,3.75,Molto piccolo,Molto piccolo,1
353,2078,Mollia,1,95,13.9178,6.825791432553996,0.0718504361321473,10.526315789473683,Molto piccolo,Piccolo,1
354,2079,Moncrivello,13,1380,20.1818,68.37843998057656,0.6441447244547067,9.420289855072465,Piccolo,Piccolo,1
355,2082,Motta de' Conti,0,738,11.715,62.99615877080666,0.0,0.0,Molto piccolo,Piccolo,1
356,2088,Olcenengo,4,783,16.5035,47.44448147362681,0.2423728300057563,5.108556832694764,Molto piccolo,Piccolo,1
357,2089,Oldenico,4,213,6.527,32.633675501761914,0.6128389765589092,18.779342723004696,Molto piccolo,Molto piccolo,0
358,2090,Palazzolo Vercellese,9,1098,13.9396,78.76840081494447,0.6456426296306924,8.196721311475411,Piccolo,Piccolo,1
359,2091,Pertengo,0,272,8.2949,32.7912331673679,0.0,0.0,Molto piccolo,Molto piccolo,1
360,2093,Pezzana,10,1266,17.3517,72.96115078061516,0.5763124074298195,7.898894154818325,Piccolo,Piccolo,1
361,2096,Pila,2,138,8.6903,15.879774000897552,0.230141652186921,14.492753623188406,Molto piccolo,Molto piccolo,0
362,2097,Piode,3,186,13.5976,13.678884509031006,0.2206271695005001,16.129032258064516,Molto piccolo,Piccolo,0
363,2102,Postua,0,571,16.1782,35.29440852505223,0.0,0.0,Molto piccolo,Piccolo,1
364,2104,Prarolo,15,719,11.5388,62.31150552917114,1.2999618677852116,20.862308762169683,Molto piccolo,Piccolo,0
365,2107,Quarona,9,3878,16.156,240.03466204506068,0.5570685813320129,2.3207839092315625,Piccolo,Piccolo,1
366,2108,Quinto Vercellese,10,395,10.9022,36.231219386912734,0.9172460604281704,25.31645569620253,Molto piccolo,Piccolo,0
367,2110,Rassa,1,67,43.2698,1.5484240740655146,0.0231108070756046,14.92537313432836,Molto piccolo,Piccolo,0
368,2113,Rimella,0,128,26.2702,4.872441016817535,0.0,0.0,Molto piccolo,Piccolo,1
369,2115,Rive,1,426,9.4089,45.27628096801965,0.1062823496901869,2.347417840375587,Molto piccolo,Molto piccolo,1
370,2116,Roasio,14,2283,27.916,81.78105745808855,0.5015045135406219,6.132282084975909,Piccolo,Piccolo,1
371,2118,Ronsecco,8,544,24.4754,22.226398751399365,0.3268588051676377,14.705882352941176,Molto piccolo,Piccolo,0
372,2121,Rossa,0,183,11.8379,15.458822933121583,0.0,0.0,Molto piccolo,Piccolo,1
373,2122,Rovasenda,7,912,29.2681,31.16020513801716,0.2391682411909211,7.675438596491228,Molto piccolo,Piccolo,1
374,2126,Salasco,4,201,12.1875,16.49230769230769,0.3282051282051282,19.90049751243781,Molto piccolo,Piccolo,0
375,2127,Sali Vercellese,1,98,8.7766,11.166055192215664,0.1139393386960782,10.20408163265306,Molto piccolo,Molto piccolo,1
376,2128,Saluggia,7,3792,31.5981,120.00721562372422,0.2215323073222757,1.8459915611814344,Piccolo,Piccolo,1
377,2131,San Germano Vercellese,21,1474,30.6327,48.11851387569493,0.6855419208884623,14.246947082767978,Piccolo,Piccolo,0
378,2133,Santhià,85,8122,53.1294,152.87204448008072,1.5998674933276116,10.465402610194534,Medio,Medio,1
379,2134,Scopa,7,373,22.5335,16.553132003461513,0.3106485898772938,18.766756032171585,Molto piccolo,Piccolo,0
380,2135,Scopello,2,366,18.2544,20.04996055745464,0.1095626259970199,5.46448087431694,Molto piccolo,Piccolo,1
381,2137,Serravalle Sesia,52,4717,20.9053,225.6365610634624,2.487407499533611,11.023955904176384,Piccolo,Piccolo,1
382,2142,Stroppiana,18,1178,18.314,64.32237632412362,0.9828546467183576,15.28013582342954,Piccolo,Piccolo,0
383,2147,Tricerro,1,672,12.2491,54.86117347396952,0.0816386510029308,1.488095238095238,Molto piccolo,Piccolo,1
384,2148,Trino,35,6771,70.6054,95.89918051593789,0.4957127925059556,5.169103529759267,Medio,Medio,1
385,2150,Tronzano Vercellese,25,3383,44.7508,75.59641391885732,0.558649230851739,7.389890629618682,Piccolo,Piccolo,1
386,2152,Valduggia,19,1882,28.4259,66.20722650821962,0.6684045184145445,10.095642933049946,Piccolo,Piccolo,1
387,2156,Varallo,33,6931,102.973,67.30890621813485,0.3204723568314024,4.761217717501082,Medio,Grande,1
388,2158,Vercelli,718,45425,79.7743,569.4189732783616,9.00039235693701,15.806274078150796,Grande,Medio,0
389,2163,Villarboit,22,398,25.5109,15.60117439996237,0.8623764743697792,55.276381909547744,Molto piccolo,Piccolo,0
390,2164,Villata,6,1517,14.5822,104.03094183319388,0.4114605477911426,3.955174686882004,Piccolo,Piccolo,1
391,2166,Vocca,1,158,20.2573,7.7996574074531155,0.0493649203003361,6.329113924050633,Molto piccolo,Piccolo,1
392,2170,Alto Sermenza,2,149,60.3259,2.469917564429209,0.0331532558983786,13.422818791946307,Molto piccolo,Medio,0
393,2171,Cellio con Breia,2,941,17.2793,54.458224580856864,0.1157454295023525,2.1253985122210413,Molto piccolo,Piccolo,1
394,3001,Agrate Conturbia,10,1551,14.5364,106.69766929913872,0.6879282353264907,6.447453255963894,Piccolo,Piccolo,1
395,3002,Ameno,6,884,9.9965,88.43095083279148,0.6002100735257341,6.787330316742081,Molto piccolo,Molto piccolo,1
396,3006,Armeno,25,2102,31.5154,66.69755103853988,0.7932629761957646,11.893434823977165,Piccolo,Piccolo,0
397,3008,Arona,143,13796,15.1698,909.4384896307135,9.42662395021688,10.365323282110758,Medio,Piccolo,1
398,3012,Barengo,8,747,19.4928,38.3218419108594,0.4104079454978248,10.7095046854083,Molto piccolo,Piccolo,1
399,3016,Bellinzago Novarese,68,9455,39.1786,241.3307264680208,1.7356413960682615,7.191961924907456,Medio,Piccolo,1
400,3018,Biandrate,23,1328,12.4536,106.6358322091604,1.8468555277188925,17.319277108433734,Piccolo,Piccolo,0
401,3019,Boca,5,1129,9.608,117.50624479600332,0.5203996669442131,4.428697962798937,Piccolo,Molto piccolo,1
402,3021,Bogogno,6,1293,8.5097,151.94425185376687,0.7050777348202639,4.640371229698376,Piccolo,Molto piccolo,1
403,3022,Bolzano Novarese,1,1157,3.3043,350.1498047998063,0.3026359592046727,0.8643042350907519,Piccolo,Molto piccolo,1
404,3023,Borgolavezzaro,6,1967,21.0913,93.26120248633325,0.2844774859776305,3.050330452465684,Piccolo,Piccolo,1
405,3024,Borgomanero,289,21383,32.2699,662.6298810966257,8.955714148478924,13.515409437403545,Grande,Piccolo,0
406,3025,Borgo Ticino,67,5159,13.3738,385.7542358940616,5.009795271351448,12.987012987012989,Medio,Piccolo,0
407,3026,Briga Novarese,39,2801,4.7479,589.9450283283136,8.214157838202153,13.923598714744736,Piccolo,Molto piccolo,0
408,3027,Briona,26,1087,24.7562,43.90819269516323,1.0502419595899208,23.91904323827047,Piccolo,Piccolo,0
409,3030,Caltignaga,26,2504,22.3213,112.17984615591384,1.1648067092866454,10.383386581469647,Piccolo,Piccolo,1
410,3032,Cameri,92,10708,39.985,267.8004251594348,2.3008628235588344,8.591707134852447,Medio,Piccolo,1
411,3036,Carpignano Sesia,25,2463,14.6557,168.05747934250837,1.705820943387215,10.150223304912709,Piccolo,Piccolo,1
412,3037,Casalbeltrame,12,981,16.0407,61.15693205408741,0.7480970281845555,12.232415902140673,Molto piccolo,Piccolo,0
413,3039,Casaleggio Novara,4,905,10.531,85.93675814262653,0.3798309752160288,4.419889502762431,Molto piccolo,Piccolo,1
414,3040,Casalino,45,1526,39.4901,38.64259649886934,1.1395261090754392,29.48885976408912,Piccolo,Piccolo,0
415,3041,Casalvolone,9,872,17.4849,49.87160349787531,0.5147298526156855,10.321100917431194,Molto piccolo,Piccolo,1
416,3042,Castellazzo Novarese,3,318,10.7918,29.46681739839508,0.2779888433810856,9.433962264150942,Molto piccolo,Piccolo,1
417,3043,Castelletto sopra Ticino,109,9820,14.6411,670.7146320973151,7.444795814522133,11.09979633401222,Medio,Piccolo,0
418,3044,Cavaglietto,8,386,6.4855,59.51738493562563,1.233520931308303,20.72538860103627,Molto piccolo,Molto piccolo,0
419,3045,Cavaglio d'Agogna,4,1172,9.8335,119.18442060304062,0.4067727665632785,3.4129692832764507,Piccolo,Molto piccolo,1
420,3047,Cavallirio,12,1302,8.3261,156.37573413723112,1.4412510058730978,9.216589861751151,Piccolo,Molto piccolo,1
421,3049,Cerano,18,6645,32.6332,203.6269811112609,0.5515855018815194,2.708803611738149,Medio,Piccolo,1
422,3051,Colazza,0,514,3.1618,162.56562717439434,0.0,0.0,Molto piccolo,Molto piccolo,1
423,3052,Comignago,14,1222,4.4493,274.6499449351583,3.146562380599196,11.456628477905074,Piccolo,Molto piccolo,0
424,3055,Cressa,11,1619,7.1035,227.9158161469698,1.54853241359893,6.794317479925881,Piccolo,Molto piccolo,1
425,3058,Cureggio,19,2587,8.5068,304.1096534537076,2.2335073117976205,7.344414379590259,Piccolo,Molto piccolo,1
426,3060,Divignano,4,1400,5.0977,274.6336583164957,0.7846675951899877,2.857142857142857,Piccolo,Molto piccolo,1
427,3062,Dormelletto,67,2561,7.2522,353.13422133973137,9.238575880422491,26.16165560327997,Piccolo,Molto piccolo,0
428,3065,Fara Novarese,6,1977,9.2147,214.5484931685242,0.6511335149272358,3.0349013657056148,Piccolo,Molto piccolo,1
429,3066,Fontaneto d'Agogna,39,2579,21.1702,121.82218401337728,1.84221216615809,15.122140364482355,Piccolo,Piccolo,0
430,3068,Galliate,159,15516,29.3662,528.3625392457996,5.414387969842881,10.247486465583911,Medio,Piccolo,1
431,3069,Garbagna Novarese,9,1400,10.0494,139.31179970943538,0.8955758552749418,6.428571428571429,Piccolo,Piccolo,1
432,3070,Gargallo,1,1750,3.7542,466.1445847317671,0.2663683341324383,0.5714285714285715,Piccolo,Molto piccolo,1
433,3073,Ghemme,30,3373,20.6442,163.3872952209337,1.4531926642834303,8.894159501927067,Piccolo,Piccolo,1
434,3076,Gozzano,104,5403,12.5821,429.4195722494655,8.265710811390784,19.24856561169721,Medio,Piccolo,0
435,3077,Granozzo con Monticello,15,1336,19.5208,68.43981804024425,0.768411130691365,11.22754491017964,Piccolo,Piccolo,1
436,3079,Grignasco,25,4307,14.3337,300.4806853778159,1.7441414289401898,5.804504295333178,Piccolo,Piccolo,1
437,3082,Invorio,32,4297,17.3717,247.3563324257269,1.8420764807128835,7.447056085641145,Piccolo,Piccolo,1
438,3083,Landiona,5,546,7.2834,74.96498887882032,0.6864925721503693,9.15750915750916,Molto piccolo,Molto piccolo,1
439,3084,Lesa,22,2165,13.5806,159.41858238958514,1.6199578810950914,10.161662817551964,Piccolo,Piccolo,1
440,3088,Maggiora,9,1601,10.6587,150.20593505774627,0.8443806467955755,5.621486570893191,Piccolo,Piccolo,1
441,3090,Mandello Vitta,2,224,5.8541,38.26378093985412,0.3416409012486975,8.928571428571429,Molto piccolo,Molto piccolo,1
442,3091,Marano Ticino,17,1586,7.7879,203.6492507607956,2.182873431862248,10.718789407314,Piccolo,Molto piccolo,1
443,3093,Massino Visconti,14,1124,6.8639,163.75529946531856,2.039656754906103,12.455516014234876,Piccolo,Molto piccolo,0
444,3095,Meina,35,2400,7.5349,318.5178303627122,4.645051692789552,14.583333333333334,Piccolo,Molto piccolo,0
445,3097,Mezzomerico,4,1213,7.7187,157.15081555184162,0.518221980385298,3.2976092333058533,Piccolo,Molto piccolo,1
446,3098,Miasino,7,796,5.521,144.17677956891868,1.2678862524904908,8.793969849246231,Molto piccolo,Molto piccolo,1
447,3100,Momo,33,2412,23.5907,102.24368077250782,1.398856328977097,13.681592039800996,Piccolo,Piccolo,0
448,3103,Nebbiuno,13,1770,8.2651,214.15348876601607,1.572878731049836,7.344632768361582,Piccolo,Molto piccolo,1
449,3104,Nibbiola,8,800,11.3421,70.53367542165913,0.7053367542165913,10.0,Molto piccolo,Piccolo,1
450,3106,Novara,1864,102225,103.0492,992.0018787142452,18.08844707188411,18.234287111763265,Grande,Grande,3
451,3108,Oleggio,157,14148,37.7943,374.34216270707486,4.154065560150605,11.096974837432851,Medio,Piccolo,1
452,3109,Oleggio Castello,29,2149,5.9351,362.0831999460834,4.886185573958316,13.494648673801768,Piccolo,Molto piccolo,0
453,3112,Orta San Giulio,18,1279,6.65,192.3308270676692,2.706766917293233,14.073494917904611,Piccolo,Molto piccolo,0
454,3114,Paruzzaro,56,2147,5.2272,410.736149372513,10.71319253137435,26.08290638099674,Piccolo,Molto piccolo,0
455,3115,Pella,9,891,8.1345,109.53346855983774,1.1063986723215933,10.101010101010102,Molto piccolo,Molto piccolo,1
456,3116,Pettenasco,19,1312,7.0713,185.53872696675293,2.6869175399148677,14.481707317073171,Piccolo,Molto piccolo,0
457,3119,Pisano,7,809,2.7659,292.49069019125784,2.530821793991106,8.65265760197775,Molto piccolo,Molto piccolo,1
458,3120,Pogno,12,1370,9.8653,138.8705868042533,1.216384701935065,8.75912408759124,Piccolo,Molto piccolo,1
459,3121,Pombia,18,2131,12.2966,173.29993656783176,1.463819267114487,8.446738620366025,Piccolo,Piccolo,1
460,3122,Prato Sesia,23,1844,12.126,152.0699323767112,1.896750783440541,12.47288503253796,Piccolo,Piccolo,0
461,3129,Recetto,12,941,8.8526,106.29645527867518,1.3555339674220002,12.752391073326248,Molto piccolo,Molto piccolo,0
462,3130,Romagnano Sesia,52,3751,17.9764,208.66246856990276,2.892681515765114,13.86296987470008,Piccolo,Piccolo,0
463,3131,Romentino,44,5595,17.6906,316.2696573321425,2.4871965902795834,7.864164432529043,Medio,Piccolo,1
464,3133,San Maurizio d'Opaglio,26,3001,8.5099,352.64809222200023,3.055265044242588,8.66377874041986,Piccolo,Molto piccolo,1
465,3134,San Nazzaro Sesia,4,745,11.4512,65.058683806064,0.3493083694285315,5.369127516778523,Molto piccolo,Piccolo,1
466,3135,San Pietro Mosezzo,71,2019,34.8992,57.85232899321474,2.034430588666789,35.16592372461615,Piccolo,Piccolo,0
467,3138,Sillavengo,8,555,9.5352,58.205386357915934,0.8389965601141035,14.414414414414416,Molto piccolo,Molto piccolo,0
468,3139,Sizzano,3,1382,10.7543,128.50673684014765,0.2789581841681932,2.1707670043415344,Piccolo,Piccolo,1
469,3140,Soriso,1,723,6.3719,113.46694078689244,0.1569390605627834,1.3831258644536653,Molto piccolo,Molto piccolo,1
470,3141,Sozzago,5,1089,12.9144,84.32447500464598,0.3871647153565012,4.591368227731864,Piccolo,Piccolo,1
471,3143,Suno,30,2708,21.3271,126.97460039105177,1.406661008763498,11.078286558345642,Piccolo,Piccolo,1
472,3144,Terdobbiate,2,463,8.4632,54.707439266471305,0.2363172322525758,4.319654427645789,Molto piccolo,Molto piccolo,1
473,3146,Tornaco,4,882,13.2408,66.61228928765634,0.3020965500573983,4.535147392290249,Molto piccolo,Piccolo,1
474,3149,Trecate,214,20395,38.2224,533.5876344761188,5.598811168320148,10.49276783525374,Grande,Piccolo,1
475,3153,Vaprio d'Agogna,10,962,10.0123,96.08181936218452,0.998771511041419,10.395010395010395,Molto piccolo,Piccolo,1
476,3154,Varallo Pombia,26,4847,13.612,356.0828680575962,1.910079341757273,5.364142768722922,Piccolo,Piccolo,1
477,3158,Vespolate,8,2006,17.7798,112.8246661942204,0.4499488183219158,3.988035892323031,Piccolo,Piccolo,1
478,3159,Vicolungo,22,868,13.2939,65.29310435613326,1.654894350040244,25.34562211981567,Molto piccolo,Piccolo,0
479,3164,Vinzaglio,6,538,15.4636,34.79138104969089,0.3880079670969244,11.152416356877325,Molto piccolo,Piccolo,1
480,3166,Gattico-Veruno,65,5231,26.1601,199.9610093233589,2.484699982033708,12.4259223857771,Medio,Piccolo,0
481,4001,Acceglio,0,153,151.5276,1.0097170416478582,0.0,0.0,Molto piccolo,Grande,1
482,4002,Aisone,7,210,36.9173,5.688389996018128,0.1896129998672709,33.333333333333336,Molto piccolo,Piccolo,0
483,4003,Alba,276,31250,53.5853,583.182327989206,5.150666320800668,8.831999999999999,Grande,Medio,1
484,4004,Albaretto della Torre,0,234,4.5899,50.98150286498616,0.0,0.0,Molto piccolo,Molto piccolo,1
485,4005,Alto,2,139,7.4616,18.62871234051678,0.2680390264822558,14.388489208633096,Molto piccolo,Molto piccolo,0
486,4006,Argentera,6,78,76.2591,1.0228287509293972,0.0786791346868767,76.92307692307693,Molto piccolo,Medio,0
487,4007,Arguello,1,196,4.9174,39.85846178875016,0.2033594989221946,5.1020408163265305,Molto piccolo,Molto piccolo,1
488,4008,Bagnasco,15,995,30.949,32.14966557885553,0.4846683253093799,15.07537688442211,Molto piccolo,Piccolo,0
489,4009,Bagnolo Piemonte,21,5838,63.2505,92.29966561529156,0.3320131856665164,3.5971223021582737,Medio,Medio,1
490,4010,Baldissero d'Alba,16,1049,15.3257,68.4471182392974,1.0439979903038688,15.252621544327932,Piccolo,Piccolo,0
491,4011,Barbaresco,3,617,7.7637,79.47241650244085,0.3864136945013331,4.862236628849271,Molto piccolo,Molto piccolo,1
492,4012,Barge,48,7497,81.9923,91.43541527680038,0.5854208261019632,6.402561024409764,Medio,Medio,1
493,4013,Barolo,20,682,5.6892,119.87625676720803,3.515432749771497,29.32551319648094,Molto piccolo,Molto piccolo,0
494,4014,Bastia Mondovì,8,639,12.0006,53.24733763311834,0.6666333349999166,12.519561815336465,Molto piccolo,Piccolo,0
495,4015,Battifollo,0,209,11.1195,18.79580916408112,0.0,0.0,Molto piccolo,Piccolo,1
496,4016,Beinette,22,3426,17.6865,193.70706471037232,1.2438865801600092,6.42148277875073,Piccolo,Piccolo,1
497,4017,Bellino,0,97,62.07,1.5627517319155793,0.0,0.0,Molto piccolo,Medio,1
498,4018,Belvedere Langhe,0,338,5.003,67.55946432140715,0.0,0.0,Molto piccolo,Molto piccolo,1
499,4019,Bene Vagienna,31,3634,48.9673,74.21279098500428,0.6330755422496237,8.5305448541552,Piccolo,Piccolo,1
500,4020,Benevello,3,483,5.4389,88.80472154295904,0.5515821213848389,6.211180124223602,Molto piccolo,Molto piccolo,1
501,4021,Bergolo,0,54,3.1118,17.353300340638857,0.0,0.0,Molto piccolo,Molto piccolo,1
502,4022,Bernezzo,22,4207,25.8445,162.78124939542263,0.8512449457331347,5.229379605419538,Piccolo,Piccolo,1
503,4023,Bonvicino,0,96,7.2409,13.25802041182726,0.0,0.0,Molto piccolo,Molto piccolo,1
504,4024,Borgomale,8,385,8.4778,45.41272499941022,0.9436410389487838,20.77922077922078,Molto piccolo,Molto piccolo,0
505,4025,Borgo San Dalmazzo,92,12439,22.3397,556.8114164469532,4.118228982484098,7.396092933515556,Medio,Piccolo,1
506,4026,Bosia,1,174,5.5405,31.405107842252505,0.1804891255301868,5.747126436781609,Molto piccolo,Molto piccolo,1
507,4027,Bossolasco,2,642,14.5453,44.137968965920265,0.1375014609530226,3.115264797507788,Molto piccolo,Piccolo,1
508,4028,Boves,51,9636,50.9483,189.13290531774365,1.0010147541723668,5.292652552926526,Medio,Medio,1
509,4029,Bra,364,29568,59.5298,496.6924128755682,6.114584628203017,12.31060606060606,Grande,Medio,0
510,4030,Briaglia,0,298,6.2376,47.77478517378479,0.0,0.0,Molto piccolo,Molto piccolo,1
511,4031,Briga Alta,0,41,52.1796,0.7857476868354683,0.0,0.0,Molto piccolo,Medio,1
512,4032,Brondello,1,263,10.124,25.97787435796128,0.0987751876728565,3.802281368821293,Molto piccolo,Piccolo,1
513,4033,Brossasco,9,1009,28.0639,35.953662890760015,0.3206966957550447,8.919722497522299,Piccolo,Piccolo,1
514,4034,Busca,97,10078,76.7643,131.28498533823665,1.2636082137139268,9.624925580472317,Medio,Medio,1
515,4035,Camerana,0,578,23.6378,24.452360202726144,0.0,0.0,Molto piccolo,Piccolo,1
516,4037,Canale,15,5512,17.8655,308.52760907895106,0.8396070638940976,2.72133526850508,Medio,Piccolo,1
517,4038,Canosio,0,79,48.4476,1.6306277297533829,0.0,0.0,Molto piccolo,Piccolo,1
518,4039,Caprauna,0,96,11.5018,8.346519675181277,0.0,0.0,Molto piccolo,Piccolo,1
519,4040,Caraglio,54,6763,41.6759,162.27603962961808,1.2957128700280018,7.984622209078812,Medio,Piccolo,1
520,4041,Caramagna Piemonte,30,3032,26.3287,115.15950274795183,1.1394409902501832,9.894459102902376,Piccolo,Piccolo,1
521,4042,Cardè,11,1138,19.3047,58.94937502266287,0.5698094246478836,9.666080843585236,Piccolo,Piccolo,1
522,4043,Carrù,40,4313,25.838,166.92468457310935,1.5481074386562428,9.274287039183864,Piccolo,Piccolo,1
523,4044,Cartignano,1,171,6.4192,26.63883349950149,0.1557826520438684,5.847953216374268,Molto piccolo,Molto piccolo,1
524,4045,Casalgrasso,13,1403,17.8066,78.79101007491604,0.7300663798816169,9.265858873841768,Piccolo,Piccolo,1
525,4046,Castagnito,18,2206,7.1148,310.05790746050485,2.52993759487266,8.159564823209429,Piccolo,Molto piccolo,1
526,4047,Casteldelfino,3,152,33.9513,4.477000880673199,0.088361859486971,19.73684210526316,Molto piccolo,Piccolo,0
527,4049,Castelletto Stura,17,1362,17.1301,79.50916807257401,0.9924051815225832,12.481644640234949,Piccolo,Piccolo,0
528,4050,Castelletto Uzzone,0,309,14.8584,20.796317234695525,0.0,0.0,Molto piccolo,Piccolo,1
529,4051,Castellinaldo d'Alba,2,905,7.8028,115.98400574152868,0.25631824473266,2.209944751381216,Molto piccolo,Molto piccolo,1
530,4052,Castellino Tanaro,0,286,11.5178,24.831130945145777,0.0,0.0,Molto piccolo,Piccolo,1
531,4053,Castelmagno,2,59,49.307,1.196584663435212,0.0405621919808546,33.898305084745765,Molto piccolo,Piccolo,0
532,4054,Castelnuovo di Ceva,3,100,6.2621,15.969083853659315,0.4790725156097794,30.0,Molto piccolo,Molto piccolo,0
533,4055,Castiglione Falletto,13,701,4.7202,148.51065632812168,2.7541205881106734,18.544935805991443,Molto piccolo,Molto piccolo,0
534,4056,Castiglione Tinella,2,832,11.6345,71.51145300614552,0.1719025312647729,2.403846153846154,Molto piccolo,Piccolo,1
535,4057,Castino,4,463,15.5227,29.82728520167239,0.2576871291721156,8.639308855291578,Molto piccolo,Piccolo,1
536,4058,Cavallerleone,7,668,16.4378,40.6380415870737,0.42584774118191,10.479041916167663,Molto piccolo,Piccolo,1
537,4059,Cavallermaggiore,63,5447,51.5946,105.57306384776702,1.2210580176995267,11.56599963282541,Medio,Medio,0
538,4060,Celle di Macra,0,82,31.1052,2.636215166595939,0.0,0.0,Molto piccolo,Piccolo,1
539,4061,Centallo,50,6877,42.4848,161.8696569125899,1.1768915000188302,7.270612185546023,Medio,Piccolo,1
540,4062,Ceresole Alba,12,2007,37.0496,54.17062532389014,0.3238901364657108,5.9790732436472345,Piccolo,Piccolo,1
541,4063,Cerretto Langhe,2,410,10.1423,40.42475572601875,0.1971939303708231,4.878048780487805,Molto piccolo,Piccolo,1
542,4064,Cervasca,38,5143,18.2419,281.93335124082466,2.083116342047703,7.388683647676453,Medio,Piccolo,1
543,4065,Cervere,22,2242,18.5961,120.5629137292228,1.1830437564865752,9.812667261373774,Piccolo,Piccolo,1
544,4066,Ceva,69,5592,43.1656,129.547602720685,1.5984950979483663,12.339055793991417,Medio,Piccolo,0
545,4067,Cherasco,168,9401,81.5351,115.30003642603002,2.060462303964796,17.870439314966493,Medio,Medio,0
546,4068,Chiusa di Pesio,16,3577,95.0188,37.64518179560256,0.168387729586145,4.473022085546547,Piccolo,Medio,1
547,4069,Cigliè,0,185,6.1219,30.21937633741159,0.0,0.0,Molto piccolo,Molto piccolo,1
548,4070,Cissone,0,82,5.9034,13.890300504793847,0.0,0.0,Molto piccolo,Molto piccolo,1
549,4071,Clavesana,5,812,17.1508,47.3447302749726,0.2915315903631317,6.157635467980296,Molto piccolo,Piccolo,1
550,4072,Corneliano d'Alba,14,2120,10.0878,210.15484050040644,1.3878149844366463,6.60377358490566,Piccolo,Piccolo,1
551,4073,Cortemilia,9,2244,24.9874,89.8052618519734,0.3601815314918719,4.010695187165775,Piccolo,Piccolo,1
552,4074,Cossano Belbo,0,928,20.5398,45.18057624709101,0.0,0.0,Molto piccolo,Piccolo,1
553,4075,Costigliole Saluzzo,23,3333,15.3423,217.2425255665709,1.4991233387432132,6.900690069006901,Piccolo,Piccolo,1
554,4076,Cravanzana,1,374,8.1183,46.06875823756205,0.1231784979613958,2.6737967914438503,Molto piccolo,Molto piccolo,1
555,4077,Crissolo,0,154,52.0529,2.958528727506056,0.0,0.0,Molto piccolo,Medio,1
556,4078,Cuneo,998,55822,119.6691,466.4696233196372,8.339663288183834,17.878255884776614,Grande,Grande,0
557,4079,Demonte,15,1895,127.3063,14.885359169184872,0.11782606202521,7.9155672823219,Piccolo,Grande,1
558,4080,Diano d'Alba,12,3604,17.5432,205.4357243832368,0.6840257193670483,3.329633740288568,Piccolo,Piccolo,1
559,4081,Dogliani,17,4572,35.6829,128.1285994131643,0.4764186767331131,3.718285214348206,Piccolo,Piccolo,1
560,4082,Dronero,45,6981,58.9574,118.40752814744204,0.7632629661416548,6.446067898581865,Medio,Medio,1
561,4083,Elva,0,87,26.2196,3.318128423011793,0.0,0.0,Molto piccolo,Piccolo,1
562,4084,Entracque,4,777,160.7314,4.834151883203904,0.0248862387809724,5.148005148005148,Molto piccolo,Grande,1
563,4085,Envie,6,1946,24.9305,78.05699845570688,0.2406690599867632,3.083247687564234,Piccolo,Piccolo,1
564,4086,Farigliano,5,1694,16.4418,103.03008186451603,0.3041029570971548,2.9515938606847696,Piccolo,Piccolo,1
565,4087,Faule,10,467,7.03,66.42958748221906,1.422475106685633,21.41327623126338,Molto piccolo,Molto piccolo,0
566,4088,Feisoglio,0,297,7.6666,38.73946729971565,0.0,0.0,Molto piccolo,Molto piccolo,1
567,4089,Fossano,280,24333,130.1434,186.970680034485,2.1514729137243997,11.50700694530062,Grande,Grande,0
568,4090,Frabosa Soprana,3,743,47.1437,15.760324285111263,0.0636352259156578,4.037685060565276,Molto piccolo,Piccolo,1
569,4091,Frabosa Sottana,16,1588,37.6433,42.18546195471704,0.4250424378309021,10.075566750629722,Piccolo,Piccolo,1
570,4092,Frassino,7,264,17.0106,15.51973475362421,0.4115081184673086,26.51515151515152,Molto piccolo,Piccolo,0
571,4093,Gaiola,11,566,4.9691,113.90392626431344,2.2136805457728763,19.434628975265017,Molto piccolo,Molto piccolo,0
572,4094,Gambasca,0,341,5.7412,59.39524838012959,0.0,0.0,Molto piccolo,Molto piccolo,1
573,4095,Garessio,25,2902,131.281,22.10525513973842,0.1904312124374433,8.61474844934528,Piccolo,Grande,1
574,4096,Genola,14,2605,13.7224,189.8355972716143,1.020229697429021,5.374280230326296,Piccolo,Piccolo,1
575,4097,Gorzegno,0,257,13.9699,18.39669575301183,0.0,0.0,Molto piccolo,Piccolo,1
576,4098,Gottasecca,0,124,13.6769,9.066382001769409,0.0,0.0,Molto piccolo,Piccolo,1
577,4099,Govone,16,2260,18.9108,119.50842904583624,0.8460773737758319,7.079646017699115,Piccolo,Piccolo,1
578,4100,Grinzane Cavour,11,1995,3.8082,523.8695446667717,2.8885037550548818,5.513784461152882,Piccolo,Molto piccolo,1
579,4101,Guarene,18,3516,13.4459,261.4923508281335,1.3386980417822534,5.119453924914676,Piccolo,Piccolo,1
580,4102,Igliano,0,64,3.4042,18.800305504964456,0.0,0.0,Molto piccolo,Molto piccolo,1
581,4103,Isasca,0,75,5.0784,14.768431001890358,0.0,0.0,Molto piccolo,Molto piccolo,1
582,4104,Lagnasco,18,1460,17.7124,82.42812944603781,1.0162372123484114,12.32876712328767,Piccolo,Piccolo,0
583,4105,La Morra,14,2717,24.1658,112.43161823734368,0.5793311208401957,5.152741994847258,Piccolo,Piccolo,1
584,4106,Lequio Berria,1,452,11.8291,38.21085289667008,0.084537285169624,2.2123893805309733,Molto piccolo,Piccolo,1
585,4107,Lequio Tanaro,5,746,12.2004,61.14553621192748,0.4098226287662699,6.702412868632708,Molto piccolo,Piccolo,1
586,4108,Lesegno,13,816,14.2414,57.2977375819793,0.912831603634474,15.931372549019606,Molto piccolo,Piccolo,0
587,4109,Levice,0,201,15.739,12.770824067602767,0.0,0.0,Molto piccolo,Piccolo,1
588,4110,Limone Piemonte,9,1440,70.8104,20.335995842418622,0.1270999740151164,6.25,Piccolo,Medio,1
589,4111,Lisio,2,189,8.2287,22.968391118888768,0.2430517578718388,10.582010582010582,Molto piccolo,Molto piccolo,1
590,4112,Macra,2,46,24.6562,1.865656508302172,0.0811155003609639,43.47826086956522,Molto piccolo,Piccolo,0
591,4113,Magliano Alfieri,13,2194,9.5,230.94736842105263,1.368421052631579,5.925250683682771,Piccolo,Molto piccolo,1
592,4114,Magliano Alpi,29,2170,33.2204,65.32130859351483,0.8729575802819954,13.36405529953917,Piccolo,Piccolo,0
593,4115,Mango,0,1259,20.031,62.852578503319855,0.0,0.0,Piccolo,Piccolo,1
594,4116,Manta,18,3782,11.7345,322.2974988282415,1.5339383868081298,4.759386567953464,Piccolo,Piccolo,1
595,4117,Marene,32,3271,28.9869,112.84407784205968,1.1039469553487955,9.782940996637114,Piccolo,Piccolo,1
596,4118,Margarita,10,1426,11.3762,125.34941368822628,0.8790281464812503,7.012622720897616,Piccolo,Piccolo,1
597,4119,Marmora,2,53,41.1258,1.2887287298970476,0.0486312728263036,37.73584905660377,Molto piccolo,Piccolo,0
598,4120,Marsaglia,1,213,13.0258,16.352162631086,0.0767707165778685,4.694835680751174,Molto piccolo,Piccolo,1
599,4121,Martiniana Po,6,730,13.2806,54.96739605138322,0.451786816860684,8.21917808219178,Molto piccolo,Piccolo,1
600,4122,Melle,11,292,27.9056,10.46384954991113,0.3941861131815836,37.67123287671232,Molto piccolo,Piccolo,0
601,4123,Moiola,6,219,15.0682,14.533919114426409,0.3981895647788057,27.3972602739726,Molto piccolo,Piccolo,0
602,4124,Mombarcaro,2,263,20.5111,12.82232547254901,0.0975081784984715,7.604562737642586,Molto piccolo,Piccolo,1
603,4125,Mombasiglio,2,616,17.3498,35.504732043020674,0.1152751040357814,3.246753246753247,Molto piccolo,Piccolo,1
604,4126,Monastero di Vasco,5,1266,17.4382,72.5992361596954,0.2867268410730466,3.9494470774091615,Piccolo,Piccolo,1
605,4127,Monasterolo Casotto,1,81,7.6796,10.54742434501797,0.1302151153705922,12.34567901234568,Molto piccolo,Molto piccolo,0
606,4128,Monasterolo di Savigliano,14,1372,14.9114,92.0101398929678,0.9388789784996714,10.20408163265306,Piccolo,Piccolo,1
607,4129,Monchiero,1,577,4.9903,115.62431116365748,0.2003887541831152,1.7331022530329288,Molto piccolo,Molto piccolo,1
608,4130,Mondovì,220,22233,87.0516,255.40024537171055,2.52723671937104,9.895200827598616,Grande,Medio,1
609,4131,Monesiglio,3,592,12.933,45.77437562823784,0.2319647413593134,5.067567567567568,Molto piccolo,Piccolo,1
610,4132,Monforte d'Alba,9,1963,25.2745,77.66721399038556,0.3560901303685533,4.5848191543555785,Piccolo,Piccolo,1
611,4133,Montà,6,4658,26.8203,173.6744182578122,0.2237111441706468,1.2881064834693,Piccolo,Piccolo,1
612,4134,Montaldo di Mondovì,1,540,23.5797,22.901054720797976,0.0424093605940703,1.851851851851852,Molto piccolo,Piccolo,1
613,4135,Montaldo Roero,2,848,11.8403,71.61980693056765,0.1689146389871878,2.3584905660377355,Molto piccolo,Piccolo,1
614,4136,Montanera,7,726,11.6271,62.44033335913512,0.60204178169965,9.641873278236917,Molto piccolo,Piccolo,1
615,4137,Montelupo Albese,1,484,6.4303,75.26864998522619,0.155513739638897,2.066115702479339,Molto piccolo,Molto piccolo,1
616,4138,Montemale di Cuneo,0,214,11.1041,19.272160733422787,0.0,0.0,Molto piccolo,Piccolo,1
617,4139,Monterosso Grana,1,517,42.2211,12.245062302971736,0.0236848400444327,1.9342359767891684,Molto piccolo,Piccolo,1
618,4140,Monteu Roero,1,1609,24.6999,65.14196413750663,0.0404859938704205,0.6215040397762585,Piccolo,Piccolo,1
619,4141,Montezemolo,11,237,6.9363,34.16807231521128,1.5858598964865995,46.413502109704645,Molto piccolo,Molto piccolo,0
620,4142,Monticello d'Alba,15,2343,10.2358,228.9024795326208,1.4654448113484049,6.402048655569782,Piccolo,Piccolo,1
621,4143,Moretta,29,4076,23.9934,169.8800503471788,1.2086657164053447,7.114818449460254,Piccolo,Piccolo,1
622,4144,Morozzo,17,1990,22.1919,89.67235793239875,0.7660452687692356,8.542713567839197,Piccolo,Piccolo,1
623,4145,Murazzano,6,838,27.6758,30.279160855332098,0.216795901112163,7.159904534606206,Molto piccolo,Piccolo,1
624,4146,Murello,3,942,17.3282,54.362253436594685,0.1731281956579448,3.1847133757961785,Molto piccolo,Piccolo,1
625,4147,Narzole,18,3469,26.1826,132.49257140238174,0.6874794710991269,5.188815220524647,Piccolo,Piccolo,1
626,4148,Neive,34,3350,21.3028,157.25632311245468,1.596034324126406,10.149253731343284,Piccolo,Piccolo,1
627,4149,Neviglie,0,353,7.9261,44.53640504157152,0.0,0.0,Molto piccolo,Molto piccolo,1
628,4150,Niella Belbo,0,356,11.5183,30.907338756587343,0.0,0.0,Molto piccolo,Piccolo,1
629,4151,Niella Tanaro,8,974,15.707,62.01056853632138,0.5093270516330298,8.213552361396305,Molto piccolo,Piccolo,1
630,4152,Novello,26,973,11.7055,83.12331809832985,2.221178078680962,26.72147995889003,Molto piccolo,Piccolo,0
631,4153,Nucetto,7,402,7.8083,51.48367762509125,0.8964819486956188,17.412935323383085,Molto piccolo,Molto piccolo,0
632,4154,Oncino,1,85,47.3592,1.7947938309768745,0.0211152215409044,11.76470588235294,Molto piccolo,Piccolo,0
633,4155,Ormea,20,1491,124.4931,11.97656737602325,0.160651473856784,13.41381623071764,Piccolo,Grande,0
634,4156,Ostana,0,84,14.0873,5.96281757327522,0.0,0.0,Molto piccolo,Piccolo,1
635,4157,Paesana,10,2629,58.2693,45.11809820952028,0.1716169578148356,3.803727653100038,Piccolo,Medio,1
636,4158,Pagno,2,571,8.6797,65.78568383699897,0.2304227104623431,3.502626970227671,Molto piccolo,Molto piccolo,1
637,4159,Pamparato,2,278,34.5115,8.055285919186359,0.0579516972603335,7.194244604316547,Molto piccolo,Piccolo,1
638,4160,Paroldo,8,198,12.4249,15.935741937560866,0.6438683611135704,40.40404040404041,Molto piccolo,Piccolo,0
639,4161,Perletto,0,264,9.8932,26.684995754659766,0.0,0.0,Molto piccolo,Molto piccolo,1
640,4162,Perlo,0,108,10.2155,10.572169742058636,0.0,0.0,Molto piccolo,Piccolo,1
641,4163,Peveragno,49,5542,67.9186,81.59767721949511,0.7214518556036197,8.841573439191627,Medio,Medio,1
642,4164,Pezzolo Valle Uzzone,0,318,26.5691,11.968790813388486,0.0,0.0,Molto piccolo,Piccolo,1
643,4165,Pianfei,12,2102,15.3103,137.2931947773721,0.783786078652933,5.708848715509039,Piccolo,Piccolo,1
644,4166,Piasco,17,2703,10.6214,254.4862259212533,1.6005423013915303,6.289308176100629,Piccolo,Piccolo,1
645,4167,Pietraporzio,5,74,55.1856,1.340929517845235,0.0906033458003537,67.56756756756756,Molto piccolo,Medio,0
646,4168,Piobesi d'Alba,6,1399,4.0347,346.74201303690484,1.487099412595732,4.288777698355968,Piccolo,Molto piccolo,1
647,4169,Piozzo,2,975,14.3043,68.16132211992198,0.1398180966562502,2.051282051282051,Molto piccolo,Piccolo,1
648,4170,Pocapaglia,21,3314,17.4774,189.6163044846488,1.201551718218957,6.336753168376584,Piccolo,Piccolo,1
649,4171,Polonghera,6,1111,10.3146,107.71139937564227,0.5816997266011285,5.4005400540054005,Piccolo,Piccolo,1
650,4172,Pontechianale,2,175,94.9229,1.843601491315584,0.0210697313293209,11.428571428571429,Molto piccolo,Medio,1
651,4173,Pradleves,2,231,19.2934,11.973006313039694,0.1036623923206899,8.658008658008658,Molto piccolo,Piccolo,1
652,4174,Prazzo,2,171,52.3851,3.2642869823671234,0.0381787951154049,11.695906432748536,Molto piccolo,Medio,0
653,4175,Priero,29,526,20.0092,26.28790756252124,1.4493333066789278,55.133079847908746,Molto piccolo,Piccolo,0
654,4176,Priocca,12,2009,9.0306,222.46583837175825,1.3288153611055744,5.973120955699353,Piccolo,Molto piccolo,1
655,4177,Priola,9,669,27.3754,24.437999079465506,0.3287623194546929,13.45291479820628,Molto piccolo,Piccolo,0
656,4178,Prunetto,1,411,14.3615,28.61818055217073,0.0696306096159871,2.4330900243309004,Molto piccolo,Piccolo,1
657,4179,Racconigi,47,9729,48.0562,202.4504642481095,0.978021566415988,4.830917874396135,Medio,Piccolo,1
658,4180,Revello,66,4270,52.47,81.37983609681723,1.2578616352201255,15.456674473067917,Piccolo,Medio,0
659,4181,Rifreddo,3,1056,6.8436,154.3047518849728,0.4383657724004909,2.840909090909091,Piccolo,Molto piccolo,1
660,4182,Rittana,0,108,11.352,9.513742071881609,0.0,0.0,Molto piccolo,Piccolo,1
661,4183,Roaschia,2,98,23.8368,4.111290106054504,0.083903879715398,20.40816326530612,Molto piccolo,Piccolo,0
662,4184,Roascio,0,91,6.4212,14.171805892979506,0.0,0.0,Molto piccolo,Molto piccolo,1
663,4185,Robilante,7,2183,25.0038,87.30672937713469,0.2799574464681368,3.20659642693541,Piccolo,Piccolo,1
664,4186,Roburent,1,475,29.8104,15.934036443657249,0.0335453398813836,2.1052631578947367,Molto piccolo,Piccolo,1
665,4187,Roccabruna,7,1525,24.2989,62.760042635674864,0.2880788842293272,4.590163934426229,Piccolo,Piccolo,1
666,4188,Rocca Cigliè,0,126,7.0152,17.9609989736572,0.0,0.0,Molto piccolo,Molto piccolo,1
667,4189,Rocca de' Baldi,4,1571,26.4023,59.5023918370748,0.1515019524814126,2.546148949713558,Piccolo,Piccolo,1
668,4190,Roccaforte Mondovì,5,2060,84.6105,24.346860023283163,0.059094320444862,2.4271844660194173,Piccolo,Medio,1
669,4191,Roccasparvera,1,739,11.2407,65.74323663117066,0.0889624311653188,1.353179972936401,Molto piccolo,Piccolo,1
670,4192,Roccavione,20,2655,19.1492,138.64808973743027,1.0444300545192489,7.532956685499058,Piccolo,Piccolo,1
671,4193,Rocchetta Belbo,0,154,4.5076,34.164522140385124,0.0,0.0,Molto piccolo,Molto piccolo,1
672,4194,Roddi,23,1590,9.353,169.99893082433445,2.45910403079226,14.465408805031446,Piccolo,Molto piccolo,0
673,4195,Roddino,7,415,10.5849,39.20679458473864,0.6613194267305312,16.867469879518072,Molto piccolo,Piccolo,0
674,4196,Rodello,4,958,8.9004,107.63561188261204,0.4494180036852276,4.17536534446764,Molto piccolo,Molto piccolo,1
675,4197,Rossana,4,809,19.9166,40.61938282638603,0.2008374923430706,4.944375772558714,Molto piccolo,Piccolo,1
676,4198,Ruffia,7,359,7.5091,47.80865882728956,0.9322022612563424,19.498607242339837,Molto piccolo,Molto piccolo,0
677,4199,Sale delle Langhe,5,475,10.5052,45.21570269961543,0.4759547652591097,10.526315789473683,Molto piccolo,Piccolo,1
678,4200,Sale San Giovanni,4,161,8.0742,19.940055980778283,0.4954051175348641,24.844720496894407,Molto piccolo,Molto piccolo,0
679,4201,Saliceto,3,1205,24.3254,49.53669826601002,0.1233278795004398,2.489626556016597,Piccolo,Piccolo,1
680,4202,Salmour,4,731,12.696,57.57718966603655,0.315059861373661,5.471956224350205,Molto piccolo,Piccolo,1
681,4203,Saluzzo,191,17471,79.9306,218.57711564782448,2.3895729545380617,10.932402266613243,Medio,Medio,1
682,4204,Sambuco,4,85,46.1392,1.8422512744044108,0.0866941776190311,47.05882352941176,Molto piccolo,Piccolo,0
683,4205,Sampeyre,6,989,98.9069,9.99930237425296,0.0606631084383394,6.066734074823054,Molto piccolo,Medio,1
684,4206,San Benedetto Belbo,0,153,4.8454,31.57634044660916,0.0,0.0,Molto piccolo,Molto piccolo,1
685,4207,San Damiano Macra,2,407,54.2618,7.500672664747576,0.0368583423329119,4.914004914004914,Molto piccolo,Medio,1
686,4208,Sanfrè,19,2999,15.504,193.4339525283798,1.2254901960784317,6.335445148382794,Piccolo,Piccolo,1
687,4209,Sanfront,7,2290,39.7088,57.66983640905795,0.1762833427351116,3.056768558951965,Piccolo,Piccolo,1
688,4210,San Michele Mondovì,7,1846,18.1119,101.92194082343651,0.3864862328082642,3.791982665222102,Piccolo,Piccolo,1
689,4211,Sant'Albano Stura,40,2347,27.4544,85.48720787924704,1.456961361384696,17.043033659991476,Piccolo,Piccolo,0
690,4212,Santa Vittoria d'Alba,18,2878,10.0758,285.6348875523532,1.7864586434824037,6.254343293954135,Piccolo,Piccolo,1
691,4213,Santo Stefano Belbo,16,3863,27.1836,142.10774143233422,0.5885901793728572,4.141858659073259,Piccolo,Piccolo,1
692,4214,Santo Stefano Roero,7,1346,13.1142,102.63683640633816,0.5337725518903174,5.200594353640416,Piccolo,Piccolo,1
693,4215,Savigliano,228,21431,110.7876,193.44222638634648,2.0579920496517663,10.638794269982736,Grande,Grande,1
694,4216,Scagnello,1,177,9.3878,18.854257653550352,0.1065212296810754,5.649717514124294,Molto piccolo,Molto piccolo,1
695,4217,Scarnafigi,23,2152,30.4979,70.56223543260356,0.75415028575738,10.687732342007434,Piccolo,Piccolo,1
696,4218,Serralunga d'Alba,10,548,8.3908,65.30962482719168,1.1917814749487534,18.24817518248175,Molto piccolo,Molto piccolo,0
697,4219,Serravalle Langhe,6,300,8.8995,33.70975897522333,0.6741951795044666,20.0,Molto piccolo,Molto piccolo,0
698,4220,Sinio,1,480,8.6012,55.80616658140724,0.1162628470445984,2.083333333333333,Molto piccolo,Molto piccolo,1
699,4221,Somano,3,316,11.6848,27.043680679172944,0.2567438039161988,9.49367088607595,Molto piccolo,Piccolo,1
700,4222,Sommariva del Bosco,36,6230,35.4155,175.91167709053946,1.0165040730753483,5.778491171749599,Medio,Piccolo,1
701,4223,Sommariva Perno,7,2660,17.0935,155.6147073448972,0.4095123877497295,2.631578947368421,Piccolo,Piccolo,1
702,4224,Stroppo,0,98,28.0956,3.488090661882999,0.0,0.0,Molto piccolo,Piccolo,1
703,4225,Tarantasca,27,2171,12.2016,177.9274849200105,2.2128245476003148,12.43666513127591,Piccolo,Piccolo,0
704,4226,Torre Bormida,1,165,7.1829,22.971223322056552,0.1392195352851912,6.0606060606060606,Molto piccolo,Molto piccolo,1
705,4227,Torre Mondovì,2,491,18.5376,26.486708095977903,0.1078888313481788,4.073319755600815,Molto piccolo,Piccolo,1
706,4228,Torre San Giorgio,6,725,5.3901,134.505853323686,1.1131518895753325,8.275862068965518,Molto piccolo,Molto piccolo,1
707,4229,Torresina,0,47,3.8226,12.29529639512374,0.0,0.0,Molto piccolo,Molto piccolo,1
708,4230,Treiso,0,774,9.5956,80.66197006961525,0.0,0.0,Molto piccolo,Molto piccolo,1
709,4231,Trezzo Tinella,0,310,10.5253,29.45284219927223,0.0,0.0,Molto piccolo,Piccolo,1
710,4232,Trinità,15,2223,28.3367,78.44950188271747,0.529348865605381,6.747638326585696,Piccolo,Piccolo,1
711,4233,Valdieri,9,917,153.3126,5.981243550758385,0.0587035899202022,9.814612868047982,Molto piccolo,Grande,1
712,4234,Valgrana,3,792,23.1017,34.28319128029539,0.1298605730314219,3.787878787878788,Molto piccolo,Piccolo,1
713,4235,Valloriate,1,99,16.9559,5.838675623234391,0.058976521446812,10.101010101010102,Molto piccolo,Piccolo,1
714,4237,Venasca,10,1352,20.3938,66.29465818042739,0.490345104884818,7.396449704142012,Piccolo,Piccolo,1
715,4238,Verduno,12,544,7.1571,76.00843917229045,1.6766567464475837,22.058823529411764,Molto piccolo,Molto piccolo,0
716,4239,Vernante,7,1124,62.0563,18.112584862455545,0.1128007954067516,6.227758007117438,Piccolo,Medio,1
717,4240,Verzuolo,60,6463,26.132,247.32129190264808,2.2960355120159197,9.283614420547734,Medio,Piccolo,1
718,4241,Vezza d'Alba,12,2338,14.0688,166.18332764699193,0.8529512111907199,5.132591958939265,Piccolo,Piccolo,1
719,4242,Vicoforte,15,3166,25.7363,123.01690608207085,0.5828343623597798,4.737839545167404,Piccolo,Piccolo,1
720,4243,Vignolo,12,2614,7.9417,329.1486709394714,1.511011496279134,4.590665646518746,Piccolo,Molto piccolo,1
721,4244,Villafalletto,37,2878,29.7324,96.79676043642624,1.2444336817747643,12.856150104239054,Piccolo,Piccolo,0
722,4245,Villanova Mondovì,36,5715,28.2878,202.0305573427414,1.2726334320802608,6.299212598425196,Medio,Piccolo,1
723,4246,Villanova Solaro,8,749,14.7884,50.64780503637986,0.5409645397744178,10.68090787716956,Molto piccolo,Piccolo,1
724,4247,Villar San Costanzo,9,1543,19.4958,79.14525179782312,0.4616378912381128,5.832793259883344,Piccolo,Piccolo,1
725,4248,Vinadio,12,597,183.1692,3.2592815822747494,0.0655131976336633,20.100502512562816,Molto piccolo,Grande,0
726,4249,Viola,3,359,21.0672,17.040707830181514,0.1424014581909319,8.356545961002785,Molto piccolo,Piccolo,1
727,4250,Vottignasco,2,490,8.09,60.568603213844256,0.2472187886279357,4.081632653061225,Molto piccolo,Molto piccolo,1
728,5001,Agliano Terme,9,1563,15.4485,101.1748713467327,0.5825808330905914,5.758157389635317,Piccolo,Piccolo,1
729,5002,Albugnano,1,491,9.5399,51.46804473841445,0.104822901707565,2.0366598778004072,Molto piccolo,Molto piccolo,1
730,5003,Antignano,3,964,10.8608,88.75957572186212,0.2762227460223925,3.1120331950207465,Molto piccolo,Piccolo,1
731,5004,Aramengo,1,564,11.4124,49.419929199817744,0.0876239879429392,1.7730496453900708,Molto piccolo,Piccolo,1
732,5005,Asti,1263,74065,151.3113,489.48756636153416,8.347030261454366,17.052588942145416,Grande,Grande,0
733,5006,Azzano d'Asti,1,382,6.4341,59.37116302202328,0.1554218927278096,2.617801047120419,Molto piccolo,Molto piccolo,1
734,5007,Baldichieri d'Asti,21,1088,5.066,214.7651006711409,4.145282273983419,19.301470588235293,Piccolo,Molto piccolo,0
735,5008,Belveglio,3,312,5.2796,59.09538601409197,0.5682248655201151,9.615384615384617,Molto piccolo,Molto piccolo,1
736,5009,Berzano di San Pietro,0,407,7.343,55.42693721912025,0.0,0.0,Molto piccolo,Molto piccolo,1
737,5010,Bruno,5,297,8.9008,33.367787165198635,0.5617472586733776,16.835016835016834,Molto piccolo,Molto piccolo,0
738,5011,Bubbio,1,818,15.7621,51.89663813831913,0.0634433229074806,1.2224938875305624,Molto piccolo,Piccolo,1
739,5012,Buttigliera d'Asti,5,2517,19.1608,131.3619473090894,0.2609494384368085,1.986491855383393,Piccolo,Piccolo,1
740,5013,Calamandrana,11,1663,12.7884,130.03972349942137,0.8601545150292453,6.61455201443175,Piccolo,Piccolo,1
741,5014,Calliano,10,1226,17.2931,70.89532819448219,0.578265319693982,8.156606851549755,Piccolo,Piccolo,1
742,5015,Calosso,9,1171,15.7149,74.51526894857746,0.5727048851726705,7.685738684884714,Piccolo,Piccolo,1
743,5016,Camerano Casasco,2,405,6.8923,58.76122629601149,0.2901788952889456,4.938271604938271,Molto piccolo,Molto piccolo,1
744,5017,Canelli,61,10212,23.4326,435.8031119039287,2.603210911294521,5.973364669016843,Medio,Piccolo,1
745,5018,Cantarana,2,1003,9.7214,103.17443989548832,0.2057316847367663,1.9940179461615155,Piccolo,Molto piccolo,1
746,5019,Capriglio,1,321,5.0565,63.48264609908039,0.1977652526451102,3.115264797507788,Molto piccolo,Molto piccolo,1
747,5020,Casorzo,2,597,12.648,47.2011385199241,0.1581277672359266,3.3500837520938025,Molto piccolo,Piccolo,1
748,5021,Cassinasco,4,549,11.8391,46.37176812426621,0.3378635200310834,7.285974499089253,Molto piccolo,Piccolo,1
749,5022,Castagnole delle Lanze,6,3673,21.5648,170.32386110698914,0.2782311915714497,1.6335420637081406,Piccolo,Piccolo,1
750,5023,Castagnole Monferrato,6,1157,17.3374,66.73434309642738,0.3460726521854488,5.185825410544512,Piccolo,Piccolo,1
751,5024,Castel Boglione,5,583,11.8622,49.14771290317142,0.4215069717253124,8.576329331046313,Molto piccolo,Piccolo,1
752,5025,Castell'Alfero,20,2657,20.0881,132.26736226920414,0.9956143189251347,7.527286413248023,Piccolo,Piccolo,1
753,5026,Castellero,0,294,4.2882,68.56023506366307,0.0,0.0,Molto piccolo,Molto piccolo,1
754,5027,Castelletto Molina,0,140,3.0662,45.659122040310486,0.0,0.0,Molto piccolo,Molto piccolo,1
755,5028,Castello di Annone,32,1801,23.1785,77.7013180317967,1.3805897706926678,17.76790671848973,Piccolo,Piccolo,0
756,5029,Castelnuovo Belbo,1,813,9.5499,85.13178148462288,0.1047131383574697,1.2300123001230012,Molto piccolo,Molto piccolo,1
757,5030,Castelnuovo Calcea,6,706,8.2039,86.05663160204293,0.7313594753714696,8.4985835694051,Molto piccolo,Molto piccolo,1
758,5031,Castelnuovo Don Bosco,13,3079,21.6068,142.50143473350985,0.6016624396023474,4.222150048717117,Piccolo,Piccolo,1
759,5032,Castel Rocchero,1,394,5.6273,70.0158157553356,0.1777051161302933,2.5380710659898478,Molto piccolo,Molto piccolo,1
760,5033,Cellarengo,2,706,10.8477,65.08292080348829,0.1843708804631396,2.8328611898017,Molto piccolo,Piccolo,1
761,5034,Celle Enomondo,1,462,5.5928,82.60620798169074,0.1788013159776856,2.1645021645021645,Molto piccolo,Molto piccolo,1
762,5035,Cerreto d'Asti,0,223,3.9384,56.621978468413566,0.0,0.0,Molto piccolo,Molto piccolo,1
763,5036,Cerro Tanaro,1,594,4.6529,127.66231812418064,0.2149197274817855,1.6835016835016834,Molto piccolo,Molto piccolo,1
764,5037,Cessole,3,366,11.7779,31.0751492201496,0.2547143378700787,8.196721311475411,Molto piccolo,Piccolo,1
765,5038,Chiusano d'Asti,4,228,2.417,94.33181630119984,1.6549441456350849,17.543859649122805,Molto piccolo,Molto piccolo,0
766,5039,Cinaglio,0,428,5.5045,77.75456444727041,0.0,0.0,Molto piccolo,Molto piccolo,1
767,5040,Cisterna d'Asti,3,1221,10.7326,113.76553677580456,0.2795222033803551,2.457002457002457,Piccolo,Piccolo,1
768,5041,Coazzolo,1,285,4.0489,70.38948850305022,0.2469806614142113,3.5087719298245617,Molto piccolo,Molto piccolo,1
769,5042,Cocconato,5,1385,16.5226,83.82457966663841,0.3026158110708968,3.6101083032490977,Piccolo,Piccolo,1
770,5044,Corsione,0,201,5.0824,39.54824492365812,0.0,0.0,Molto piccolo,Molto piccolo,1
771,5045,Cortandone,0,310,5.0231,61.71487726702633,0.0,0.0,Molto piccolo,Molto piccolo,1
772,5046,Cortanze,6,273,4.4766,60.983782334807664,1.3403029084573113,21.978021978021975,Molto piccolo,Molto piccolo,0
773,5047,Cortazzone,1,594,10.3333,57.48405640018194,0.096774505724212,1.6835016835016834,Molto piccolo,Piccolo,1
774,5048,Cortiglione,0,522,8.4254,61.955515465141126,0.0,0.0,Molto piccolo,Molto piccolo,1
775,5049,Cossombrato,2,516,5.3987,95.57856521014318,0.3704595550780744,3.875968992248062,Molto piccolo,Molto piccolo,1
776,5050,Costigliole d'Asti,24,5682,36.9432,153.80367699603718,0.6496459429610862,4.223864836325237,Medio,Piccolo,1
777,5051,Cunico,1,444,6.7531,65.74758259169863,0.1480801409722942,2.2522522522522523,Molto piccolo,Molto piccolo,1
778,5052,Dusino San Michele,13,1065,11.9251,89.30742719138624,1.0901376089089398,12.206572769953052,Piccolo,Piccolo,0
779,5053,Ferrere,15,1529,13.927,109.78674517125008,1.0770445896460117,9.810333551340744,Piccolo,Piccolo,1
780,5054,Fontanile,3,524,8.13,64.45264452644525,0.3690036900369003,5.7251908396946565,Molto piccolo,Molto piccolo,1
781,5055,Frinco,1,733,7.2168,101.5685622436537,0.1385655692273583,1.364256480218281,Molto piccolo,Molto piccolo,1
782,5056,Grana,5,542,5.8883,92.0469405431109,0.8491415179253774,9.22509225092251,Molto piccolo,Molto piccolo,1
783,5057,Grazzano Badoglio,2,587,10.4721,56.053704605571,0.1909836613477717,3.4071550255536627,Molto piccolo,Piccolo,1
784,5058,Incisa Scapaccino,5,2054,20.7037,99.20932007322362,0.2415027265657829,2.4342745861733204,Piccolo,Piccolo,1
785,5059,Isola d'Asti,29,1995,13.5026,147.7493223527321,2.1477345103905914,14.536340852130326,Piccolo,Piccolo,0
786,5060,Loazzolo,2,319,14.8219,21.5222070045001,0.1349354671128532,6.269592476489028,Molto piccolo,Piccolo,1
787,5061,Maranzana,0,233,4.3739,53.27053659205743,0.0,0.0,Molto piccolo,Molto piccolo,1
788,5062,Maretto,1,381,4.9251,77.35883535359689,0.2030415626078658,2.6246719160104988,Molto piccolo,Molto piccolo,1
789,5063,Moasca,0,504,4.1551,121.2967196938702,0.0,0.0,Molto piccolo,Molto piccolo,1
790,5064,Mombaldone,0,198,11.9588,16.556845168411545,0.0,0.0,Molto piccolo,Piccolo,1
791,5065,Mombaruzzo,4,1008,22.3971,45.00582664719986,0.178594550187301,3.968253968253968,Piccolo,Piccolo,1
792,5066,Mombercelli,10,2113,14.2321,148.46719739181145,0.7026369966484215,4.73260766682442,Piccolo,Piccolo,1
793,5067,Monale,6,983,9.1104,107.89866526167896,0.6585879873551106,6.103763987792472,Molto piccolo,Molto piccolo,1
794,5068,Monastero Bormida,3,882,14.2057,62.08775350739492,0.2111828350591663,3.401360544217687,Molto piccolo,Piccolo,1
795,5069,Moncalvo,21,2769,17.421,158.9460995350439,1.2054417082831066,7.583965330444204,Piccolo,Piccolo,1
796,5070,Moncucco Torinese,2,878,14.3291,61.27391113189244,0.1395761073619418,2.277904328018223,Molto piccolo,Piccolo,1
797,5071,Mongardino,2,857,6.855,125.01823486506198,0.2917578409919766,2.333722287047841,Molto piccolo,Molto piccolo,1
798,5072,Montabone,3,327,8.5373,38.302507818631184,0.3513991542993686,9.174311926605505,Molto piccolo,Molto piccolo,1
799,5073,Montafia,4,929,14.497,64.08222390839484,0.2759191556873836,4.3057050592034445,Molto piccolo,Piccolo,1
800,5074,Montaldo Scarampi,3,719,6.6348,108.36799903538916,0.4521613311629589,4.172461752433936,Molto piccolo,Molto piccolo,1
801,5075,Montechiaro d'Asti,6,1216,10.1408,119.91164405175134,0.5916692963079836,4.934210526315789,Piccolo,Piccolo,1
802,5076,Montegrosso d'Asti,22,2307,15.4192,149.61865725848293,1.4267925703019613,9.53619419159081,Piccolo,Piccolo,1
803,5077,Montemagno,5,1053,16.0976,65.4134777855084,0.3106053076234967,4.748338081671415,Piccolo,Piccolo,1
804,5079,Moransengo,0,186,5.4053,34.410671008084655,0.0,0.0,Molto piccolo,Molto piccolo,1
805,5080,Nizza Monferrato,61,10128,30.3632,333.5616799283343,2.009010907941192,6.022906793048973,Medio,Piccolo,1
806,5081,Olmo Gentile,0,70,5.617,12.46216841730461,0.0,0.0,Molto piccolo,Molto piccolo,1
807,5082,Passerano Marmorito,2,420,12.026,34.92433061699651,0.1663063362714119,4.761904761904763,Molto piccolo,Piccolo,1
808,5083,Penango,2,445,9.563,46.53351458747255,0.209139391404371,4.49438202247191,Molto piccolo,Molto piccolo,1
809,5084,Piea,0,541,9.0013,60.10242964905069,0.0,0.0,Molto piccolo,Molto piccolo,1
810,5085,Pino d'Asti,0,209,4.082,51.20039196472317,0.0,0.0,Molto piccolo,Molto piccolo,1
811,5086,Piovà Massaia,2,571,11.0244,51.79420195203368,0.1814157686586118,3.502626970227671,Molto piccolo,Piccolo,1
812,5087,Portacomaro,5,1955,11.0036,177.66912646770146,0.454396742884147,2.557544757033248,Piccolo,Piccolo,1
813,5088,Quaranti,0,159,2.8582,55.6294171156672,0.0,0.0,Molto piccolo,Molto piccolo,1
814,5089,Refrancore,12,1551,13.2049,117.45639876106596,0.908753568750994,7.7369439071566735,Piccolo,Piccolo,1
815,5090,Revigliasco d'Asti,2,751,8.835,85.0028296547821,0.2263723825693265,2.663115845539281,Molto piccolo,Molto piccolo,1
816,5091,Roatto,1,369,6.4171,57.50261021333625,0.1558336320144613,2.710027100271003,Molto piccolo,Molto piccolo,1
817,5092,Robella,4,467,12.1805,38.33996962357867,0.3283937440991749,8.565310492505354,Molto piccolo,Piccolo,1
818,5093,Rocca d'Arazzo,3,915,12.5631,72.83234233588843,0.2387945650356998,3.278688524590164,Molto piccolo,Piccolo,1
819,5094,Roccaverano,0,376,29.9827,12.540565059184129,0.0,0.0,Molto piccolo,Piccolo,1
820,5095,Rocchetta Palafea,0,352,7.8377,44.911134644092016,0.0,0.0,Molto piccolo,Molto piccolo,1
821,5096,Rocchetta Tanaro,1,1377,15.9109,86.54444437461112,0.0628499959147502,0.7262164124909223,Piccolo,Piccolo,1
822,5097,San Damiano d'Asti,37,8076,47.8656,168.72242278379463,0.772997726968846,4.581475978207034,Medio,Piccolo,1
823,5098,San Giorgio Scarampi,1,100,6.1477,16.266245913105713,0.1626624591310571,10.0,Molto piccolo,Molto piccolo,1
824,5099,San Martino Alfieri,2,675,7.2094,93.6277637528782,0.2774155963048242,2.962962962962963,Molto piccolo,Molto piccolo,1
825,5100,San Marzano Oliveto,5,992,9.6838,102.43912513682646,0.5163262355686817,5.040322580645161,Molto piccolo,Molto piccolo,1
826,5101,San Paolo Solbrito,9,1184,11.8691,99.75482555543388,0.7582714780396155,7.601351351351352,Piccolo,Piccolo,1
827,5103,Scurzolengo,0,529,5.3426,99.01546063714297,0.0,0.0,Molto piccolo,Molto piccolo,1
828,5104,Serole,0,107,12.3285,8.679076935555825,0.0,0.0,Molto piccolo,Piccolo,1
829,5105,Sessame,1,249,8.4471,29.4775721845367,0.1183838240342839,4.016064257028112,Molto piccolo,Molto piccolo,1
830,5106,Settime,1,548,6.6804,82.03101610681996,0.1496916352314233,1.8248175182481752,Molto piccolo,Molto piccolo,1
831,5107,Soglio,0,156,3.28,47.5609756097561,0.0,0.0,Molto piccolo,Molto piccolo,1
832,5108,Tigliole,4,1701,16.1173,105.53876890049824,0.248180526514987,2.3515579071134627,Piccolo,Piccolo,1
833,5109,Tonco,0,782,11.7833,66.36510994373393,0.0,0.0,Molto piccolo,Piccolo,1
834,5110,Tonengo,0,213,5.5952,38.068344295110094,0.0,0.0,Molto piccolo,Molto piccolo,1
835,5111,Vaglio Serra,1,283,4.7599,59.45503056786907,0.2100884472362864,3.53356890459364,Molto piccolo,Molto piccolo,1
836,5112,Valfenera,7,2365,22.0383,107.31317751369208,0.3176288552202302,2.959830866807611,Piccolo,Piccolo,1
837,5113,Vesime,0,604,13.1655,45.87748281493297,0.0,0.0,Molto piccolo,Piccolo,1
838,5114,Viale,0,245,3.9754,61.62901846355084,0.0,0.0,Molto piccolo,Molto piccolo,1
839,5115,Viarigi,1,857,13.6219,62.913396809549326,0.0734111981441649,1.1668611435239205,Molto piccolo,Piccolo,1
840,5116,Vigliano d'Asti,11,808,6.653,121.44897038929808,1.653389448369157,13.613861386138614,Molto piccolo,Molto piccolo,0
841,5117,Villafranca d'Asti,30,2955,12.8798,229.4290284010621,2.3292287147315958,10.15228426395939,Piccolo,Piccolo,1
842,5118,Villanova d'Asti,63,5581,41.948,133.04567559835988,1.5018594450271765,11.288299587887474,Medio,Piccolo,1
843,5119,Villa San Secondo,2,370,6.1268,60.39041587778285,0.3264346804204479,5.405405405405405,Molto piccolo,Molto piccolo,1
844,5120,Vinchio,3,555,9.2863,59.7654609478479,0.3230565456640427,5.405405405405405,Molto piccolo,Molto piccolo,1
845,5121,Montiglio Monferrato,10,1556,26.8624,57.92483173506462,0.3722675561379474,6.426735218508997,Piccolo,Piccolo,1
846,6001,Acqui Terme,182,19223,33.2967,577.3244796030838,5.466007141848892,9.467825001300524,Medio,Piccolo,1
847,6002,Albera Ligure,5,297,21.2298,13.98976909815448,0.2355179982854289,16.835016835016834,Molto piccolo,Piccolo,0
848,6003,Alessandria,1749,91089,203.5657,447.4673287297418,8.591820724218275,19.201001218588413,Grande,Grande,0
849,6004,Alfiano Natta,4,742,13.1588,56.388120497309785,0.3039790862388667,5.3908355795148255,Molto piccolo,Piccolo,1
850,6005,Alice Bel Colle,1,730,12.2135,59.76992672043231,0.0818766119457976,1.36986301369863,Molto piccolo,Piccolo,1
851,6007,Altavilla Monferrato,5,412,11.328,36.37005649717514,0.4413841807909605,12.135922330097086,Molto piccolo,Piccolo,0
852,6008,Alzano Scrivia,6,358,2.1269,168.3200902722272,2.8210070995345338,16.75977653631285,Molto piccolo,Molto piccolo,0
853,6009,Arquata Scrivia,64,6254,29.2434,213.860221451678,2.188528009738949,10.233450591621365,Medio,Piccolo,1
854,6010,Avolasca,1,257,12.2375,21.00102145045965,0.0817160367722165,3.891050583657588,Molto piccolo,Piccolo,1
855,6011,Balzola,3,1311,16.6197,78.88229029404862,0.1805086734417588,2.288329519450801,Piccolo,Piccolo,1
856,6012,Basaluzzo,42,2015,15.0526,133.86391719702908,2.790215643809043,20.843672456575685,Piccolo,Piccolo,0
857,6013,Bassignana,16,1575,28.7122,54.85473074163596,0.5572544075340796,10.158730158730158,Piccolo,Piccolo,1
858,6014,Belforte Monferrato,28,502,8.3258,60.29450623363521,3.3630401883302508,55.776892430278885,Molto piccolo,Molto piccolo,0
859,6015,Bergamasco,1,709,13.4397,52.75415373855071,0.0744064227624128,1.4104372355430184,Molto piccolo,Piccolo,1
860,6016,Berzano di Tortona,1,158,2.8874,54.72050980120524,0.3463323405139571,6.329113924050633,Molto piccolo,Molto piccolo,1
861,6017,Bistagno,22,1773,17.5936,100.77528192069845,1.2504547108039288,12.408347433728144,Piccolo,Piccolo,0
862,6018,Borghetto di Borbera,20,1914,39.3977,48.58151617987852,0.5076438472296606,10.44932079414838,Piccolo,Piccolo,1
863,6019,Borgoratto Alessandrino,3,549,6.6034,83.13898900566375,0.4543114153314959,5.46448087431694,Molto piccolo,Molto piccolo,1
864,6020,Borgo San Martino,15,1375,9.723,141.4172580479276,1.54273372415921,10.90909090909091,Piccolo,Molto piccolo,1
865,6021,Bosco Marengo,25,2265,44.5297,50.86492835119033,0.5614230502338888,11.037527593818986,Piccolo,Piccolo,1
866,6022,Bosio,2,1082,67.6133,16.00276868604254,0.0295799790869547,1.8484288354898335,Piccolo,Medio,1
867,6023,Bozzole,1,320,9.0235,35.4629578323267,0.1108217432260209,3.125,Molto piccolo,Molto piccolo,1
868,6024,Brignano-Frascata,5,429,17.5285,24.47442736115469,0.285249736143994,11.655011655011656,Molto piccolo,Piccolo,0
869,6025,Cabella Ligure,3,482,46.6332,10.335983805529107,0.0643318494120069,6.224066390041493,Molto piccolo,Piccolo,1
870,6026,Camagna Monferrato,2,467,9.2493,50.49030737461214,0.2162325797627928,4.282655246252677,Molto piccolo,Molto piccolo,1
871,6027,Camino,0,728,18.4376,39.484531609320086,0.0,0.0,Molto piccolo,Piccolo,1
872,6028,Cantalupo Ligure,1,453,24.0619,18.82644346456431,0.0415594778467203,2.207505518763797,Molto piccolo,Piccolo,1
873,6029,Capriata d'Orba,32,1795,28.4663,63.05701829883055,1.1241362593663384,17.827298050139277,Piccolo,Piccolo,0
874,6030,Carbonara Scrivia,10,1098,5.0526,217.31385821161385,1.979179036535645,9.107468123861567,Piccolo,Molto piccolo,1
875,6031,Carentino,11,333,9.7892,34.017080047399176,1.123687328893066,33.03303303303303,Molto piccolo,Molto piccolo,0
876,6032,Carezzano,0,420,10.4833,40.06372039338758,0.0,0.0,Molto piccolo,Piccolo,1
877,6033,Carpeneto,1,913,13.3394,68.44385804458972,0.0749658905198134,1.095290251916758,Molto piccolo,Piccolo,1
878,6034,Carrega Ligure,0,88,55.2555,1.5926016414655555,0.0,0.0,Molto piccolo,Medio,1
879,6035,Carrosio,1,489,6.9232,70.63207765195286,0.1444418765888606,2.044989775051125,Molto piccolo,Molto piccolo,1
880,6036,Cartosio,9,724,16.3412,44.305191785181016,0.550755146500869,12.430939226519335,Molto piccolo,Piccolo,0
881,6037,Casal Cermelli,9,1167,12.1635,95.9427796275743,0.7399186089530151,7.712082262210797,Piccolo,Piccolo,1
882,6038,Casaleggio Boiro,0,364,12.0104,30.30706720841937,0.0,0.0,Molto piccolo,Piccolo,1
883,6039,Casale Monferrato,446,32641,86.2097,378.6232871707012,5.173431759999165,13.6637970650409,Grande,Medio,0
884,6040,Casalnoceto,15,979,12.9866,75.38539725563274,1.155036730168019,15.321756894790605,Molto piccolo,Piccolo,0
885,6041,Casasco,2,116,9.0373,12.835692076173194,0.2213050357960895,17.241379310344826,Molto piccolo,Molto piccolo,0
886,6043,Cassine,51,2860,33.0925,86.42441640855178,1.541134698194455,17.83216783216783,Piccolo,Piccolo,0
887,6044,Cassinelle,2,852,23.7721,35.84033383672457,0.084132239053344,2.347417840375587,Molto piccolo,Piccolo,1
888,6045,Castellania Coppi,0,85,7.2089,11.790980593433115,0.0,0.0,Molto piccolo,Molto piccolo,1
889,6046,Castellar Guidobono,12,397,2.4828,159.90011277589818,4.833252779120348,30.226700251889167,Molto piccolo,Molto piccolo,0
890,6047,Castellazzo Bormida,52,4389,45.1283,97.2560455412679,1.1522703048862908,11.847801321485532,Piccolo,Piccolo,0
891,6048,Castelletto d'Erro,0,143,4.66,30.68669527896996,0.0,0.0,Molto piccolo,Molto piccolo,1
892,6049,Castelletto d'Orba,10,1858,13.977,132.9326751091078,0.7154611146884167,5.382131324004306,Piccolo,Piccolo,1
893,6050,Castelletto Merli,1,452,11.5908,38.996445456741554,0.0862753218069503,2.2123893805309733,Molto piccolo,Piccolo,1
894,6051,Castelletto Monferrato,16,1428,9.5776,149.09789508853993,1.670564650851988,11.204481792717086,Piccolo,Molto piccolo,1
895,6052,Castelnuovo Bormida,8,626,13.1107,47.74725987170784,0.6101886245585667,12.779552715654953,Molto piccolo,Piccolo,0
896,6053,Castelnuovo Scrivia,69,4874,45.4213,107.30648396237008,1.5191110778423338,14.156750102585146,Piccolo,Piccolo,0
897,6054,Castelspina,2,391,5.4872,71.25674296544686,0.3644846187490888,5.115089514066496,Molto piccolo,Molto piccolo,1
898,6055,Cavatore,4,257,10.4466,24.601305687975035,0.382899699423736,15.56420233463035,Molto piccolo,Piccolo,0
899,6056,Cella Monte,0,477,5.5524,85.90879619623946,0.0,0.0,Molto piccolo,Molto piccolo,1
900,6057,Cereseto,8,391,10.4427,37.44242389420361,0.7660853993698947,20.460358056265985,Molto piccolo,Piccolo,0
901,6058,Cerreto Grue,2,302,4.747,63.61912787023383,0.4213187276174426,6.622516556291391,Molto piccolo,Molto piccolo,1
902,6059,Cerrina Monferrato,7,1301,17.3008,75.19883473596597,0.404605567372607,5.380476556495004,Piccolo,Piccolo,1
903,6060,Coniolo,0,451,10.3002,43.78555756198909,0.0,0.0,Molto piccolo,Piccolo,1
904,6061,Conzano,4,948,11.6117,81.64179233014976,0.344480136414134,4.219409282700422,Molto piccolo,Piccolo,1
905,6062,Costa Vescovato,1,323,7.8996,40.888146235252414,0.1265886880348372,3.095975232198142,Molto piccolo,Molto piccolo,1
906,6063,Cremolino,9,991,14.3874,68.87971419436451,0.6255473539346929,9.081735620585269,Molto piccolo,Piccolo,1
907,6065,Denice,0,172,7.4621,23.04981171520081,0.0,0.0,Molto piccolo,Molto piccolo,1
908,6066,Dernice,1,180,18.2763,9.848820603732705,0.0547156700207372,5.555555555555555,Molto piccolo,Piccolo,1
909,6067,Fabbrica Curone,7,594,53.8484,11.030968422460091,0.1299945773690583,11.784511784511784,Molto piccolo,Medio,0
910,6068,Felizzano,29,2142,25.0138,85.63273073263558,1.1593600332616396,13.53874883286648,Piccolo,Piccolo,0
911,6069,Fraconalto,2,305,17.6161,17.313707347256205,0.1135325071951226,6.557377049180328,Molto piccolo,Piccolo,1
912,6070,Francavilla Bisio,5,502,7.7515,64.76165903373541,0.6450364445591176,9.9601593625498,Molto piccolo,Molto piccolo,1
913,6071,Frascaro,1,433,5.2861,81.91294148805358,0.1891753844989689,2.3094688221709005,Molto piccolo,Molto piccolo,1
914,6072,Frassinello Monferrato,4,474,8.431,56.22108883880916,0.4744395682599929,8.438818565400844,Molto piccolo,Molto piccolo,1
915,6073,Frassineto Po,4,1371,29.5609,46.378831497011255,0.1353138774529869,2.917578409919767,Piccolo,Piccolo,1
916,6074,Fresonara,8,624,6.9336,89.99653859466943,1.1538017768547364,12.82051282051282,Molto piccolo,Molto piccolo,0
917,6075,Frugarolo,24,1885,27.0575,69.66645107641135,0.8869999076041762,12.73209549071618,Piccolo,Piccolo,0
918,6076,Fubine Monferrato,10,1579,25.5333,61.84081180262637,0.3916454199026369,6.3331222292590255,Piccolo,Piccolo,1
919,6077,Gabiano,3,1003,17.7684,56.44852659778033,0.1688390626055244,2.991026919242273,Piccolo,Piccolo,1
920,6078,Gamalero,8,825,12.1543,67.87721218005152,0.6582032696247418,9.696969696969695,Molto piccolo,Piccolo,1
921,6079,Garbagna,6,618,20.7165,29.83129389616972,0.289624212584172,9.70873786407767,Molto piccolo,Piccolo,1
922,6081,Gavi,29,4454,45.0432,98.8828502415459,0.6438263711281614,6.511001347103727,Piccolo,Piccolo,1
923,6082,Giarole,1,683,5.4494,125.33489925496386,0.1835064410760817,1.4641288433382138,Molto piccolo,Molto piccolo,1
924,6083,Gremiasco,5,295,17.3842,16.9694320129773,0.287617491745378,16.949152542372882,Molto piccolo,Piccolo,0
925,6084,Grognardo,2,241,9.0802,26.541265610889628,0.2202594656505363,8.298755186721992,Molto piccolo,Molto piccolo,1
926,6085,Grondona,0,471,25.9429,18.15525635144876,0.0,0.0,Molto piccolo,Piccolo,1
927,6086,Guazzora,1,302,2.8021,107.77631062417473,0.3568752007423004,3.3112582781456954,Molto piccolo,Molto piccolo,1
928,6087,Isola Sant'Antonio,2,651,23.5483,27.645307729220367,0.0849318209807077,3.072196620583717,Molto piccolo,Piccolo,1
929,6088,Lerma,1,823,14.5358,56.61883074890959,0.0687956631213968,1.215066828675577,Molto piccolo,Piccolo,1
930,6090,Malvicino,2,83,9.035,9.186496956281127,0.2213613724405091,24.09638554216868,Molto piccolo,Molto piccolo,0
931,6091,Masio,8,1296,22.2319,58.294612696170816,0.359843288247968,6.172839506172839,Piccolo,Piccolo,1
932,6092,Melazzo,20,1249,19.7375,63.28055731475617,1.013299556681444,16.01281024819856,Piccolo,Piccolo,0
933,6093,Merana,2,180,9.1998,19.565642731363727,0.2173960303484858,11.11111111111111,Molto piccolo,Molto piccolo,1
934,6094,Mirabello Monferrato,14,1212,13.2357,91.57052517056144,1.05774534025401,11.55115511551155,Piccolo,Piccolo,0
935,6095,Molare,8,2069,32.504,63.65370415948807,0.2461235540241201,3.8666022232962782,Piccolo,Piccolo,1
936,6096,Molino dei Torti,4,570,2.7527,207.0694227485741,1.4531187561303447,7.017543859649123,Molto piccolo,Molto piccolo,1
937,6097,Mombello Monferrato,11,946,19.6941,48.034690592614034,0.558542913867605,11.627906976744184,Molto piccolo,Piccolo,0
938,6098,Momperone,1,203,8.54,23.77049180327869,0.117096018735363,4.926108374384237,Molto piccolo,Molto piccolo,1
939,6099,Moncestino,0,197,6.5185,30.22167676612717,0.0,0.0,Molto piccolo,Molto piccolo,1
940,6100,Mongiardino Ligure,2,150,29.0329,5.166552428451859,0.0688873657126914,13.333333333333334,Molto piccolo,Piccolo,0
941,6101,Monleale,5,558,9.6176,58.01863250707037,0.5198802195974048,8.960573476702509,Molto piccolo,Molto piccolo,1
942,6102,Montacuto,1,242,23.7473,10.19063219818674,0.0421100504057303,4.132231404958678,Molto piccolo,Piccolo,1
943,6103,Montaldeo,0,243,5.3756,45.20425626906764,0.0,0.0,Molto piccolo,Molto piccolo,1
944,6104,Montaldo Bormida,2,612,5.7241,106.9163711325798,0.3493999056620255,3.2679738562091503,Molto piccolo,Molto piccolo,1
945,6105,Montecastello,2,306,7.4867,40.87248053214367,0.2671403956349259,6.5359477124183005,Molto piccolo,Molto piccolo,1
946,6106,Montechiaro d'Acqui,4,513,17.5982,29.15070859519724,0.2272959734518303,7.797270955165692,Molto piccolo,Piccolo,1
947,6107,Montegioco,0,286,5.4513,52.46454974042889,0.0,0.0,Molto piccolo,Molto piccolo,1
948,6108,Montemarzino,4,309,9.8515,31.365781860630364,0.4060295386489367,12.944983818770227,Molto piccolo,Molto piccolo,0
949,6109,Morano sul Po,5,1324,17.7049,74.78155764788279,0.2824076950448746,3.776435045317221,Piccolo,Piccolo,1
950,6110,Morbello,2,418,23.9524,17.451278368764715,0.0834989395634675,4.784688995215311,Molto piccolo,Piccolo,1
951,6111,Mornese,0,707,13.2197,53.48079003305673,0.0,0.0,Molto piccolo,Piccolo,1
952,6112,Morsasco,2,615,10.2943,59.74179885956306,0.1942822727140262,3.252032520325203,Molto piccolo,Piccolo,1
953,6113,Murisengo,2,1303,15.3104,85.10554916919219,0.1306301598913157,1.5349194167306217,Piccolo,Piccolo,1
954,6114,Novi Ligure,446,27683,55.1948,501.5508707341996,8.080471348750244,16.110970631795688,Grande,Medio,0
955,6115,Occimiano,15,1261,22.4629,56.137008133411086,0.6677677414759448,11.895321173671688,Piccolo,Piccolo,0
956,6116,Odalengo Grande,1,406,15.4279,26.31596004640943,0.0648176355822892,2.4630541871921183,Molto piccolo,Piccolo,1
957,6117,Odalengo Piccolo,0,240,7.5707,31.70116369688404,0.0,0.0,Molto piccolo,Molto piccolo,1
958,6118,Olivola,1,115,2.6908,42.73821911699123,0.3716366879738368,8.695652173913043,Molto piccolo,Molto piccolo,1
959,6119,Orsara Bormida,1,408,5.0996,80.00627500196094,0.196093811279316,2.450980392156863,Molto piccolo,Molto piccolo,1
960,6120,Ottiglio,3,592,14.5434,40.70574968714331,0.206279136928091,5.067567567567568,Molto piccolo,Piccolo,1
961,6121,Ovada,110,10975,35.3724,310.2701541314697,3.109769198584207,10.022779043280185,Medio,Piccolo,1
962,6122,Oviglio,8,1182,27.3665,43.191493249045365,0.292328211499461,6.768189509306261,Piccolo,Piccolo,1
963,6123,Ozzano Monferrato,8,1358,15.1834,89.43978292082141,0.5268912101373868,5.89101620029455,Piccolo,Piccolo,1
964,6124,Paderna,0,204,4.4198,46.155934657676816,0.0,0.0,Molto piccolo,Molto piccolo,1
965,6125,Pareto,4,520,41.7376,12.45879015563904,0.0958368473510695,7.6923076923076925,Molto piccolo,Piccolo,1
966,6126,Parodi Ligure,1,622,12.5365,49.615123838391895,0.0797670801260319,1.607717041800643,Molto piccolo,Piccolo,1
967,6127,Pasturana,3,1276,5.2811,241.61632993126432,0.5680634716252295,2.3510971786833856,Piccolo,Molto piccolo,1
968,6128,Pecetto di Valenza,11,1156,11.3546,101.80895848378633,0.9687703661951984,9.515570934256056,Piccolo,Piccolo,1
969,6129,Pietra Marazzi,5,874,7.9973,109.28688432345916,0.6252110087154414,5.720823798627002,Molto piccolo,Molto piccolo,1
970,6131,Pomaro Monferrato,7,328,13.4427,24.39986014714306,0.5207287226524433,21.34146341463415,Molto piccolo,Piccolo,0
971,6132,Pontecurone,74,3422,29.7041,115.20295178106726,2.4912385832258845,21.62478082992402,Piccolo,Piccolo,0
972,6133,Pontestura,14,1331,18.9177,70.35739016899518,0.7400476802148253,10.518407212622089,Piccolo,Piccolo,1
973,6134,Ponti,7,550,11.9679,45.95626634580837,0.5848979353102883,12.727272727272728,Molto piccolo,Piccolo,0
974,6135,Ponzano Monferrato,0,326,11.6495,27.984033649512856,0.0,0.0,Molto piccolo,Piccolo,1
975,6136,Ponzone,3,1003,69.0281,14.530314466137703,0.0434605617132732,2.991026919242273,Piccolo,Medio,1
976,6137,Pozzol Groppo,2,301,14.0866,21.36782474124345,0.1419789019351724,6.644518272425249,Molto piccolo,Piccolo,1
977,6138,Pozzolo Formigaro,77,4522,36.1765,124.99827235912818,2.128453554102802,17.02786377708978,Piccolo,Piccolo,0
978,6139,Prasco,9,478,5.9724,80.03482687026991,1.506931886678722,18.82845188284519,Molto piccolo,Molto piccolo,0
979,6140,Predosa,30,1910,33.0071,57.8663378485235,0.9088953588773324,15.706806282722512,Piccolo,Piccolo,0
980,6141,Quargnento,11,1352,36.1651,37.38410788301429,0.3041606410600274,8.136094674556213,Piccolo,Piccolo,1
981,6142,Quattordio,23,1524,17.7338,85.93758810858361,1.296958350720094,15.091863517060368,Piccolo,Piccolo,0
982,6143,Ricaldone,4,618,10.5153,58.771504379332974,0.3803980865976244,6.472491909385114,Molto piccolo,Piccolo,1
983,6144,Rivalta Bormida,12,1361,10.0516,135.4013291416292,1.1938397867006247,8.81704628949302,Piccolo,Piccolo,1
984,6145,Rivarone,1,389,6.0734,64.04979089142819,0.1646524187440313,2.5706940874035986,Molto piccolo,Molto piccolo,1
985,6146,Roccaforte Ligure,0,126,20.5892,6.119713247722106,0.0,0.0,Molto piccolo,Piccolo,1
986,6147,Rocca Grimalda,21,1430,15.4612,92.48958683672676,1.3582386878120716,14.685314685314683,Piccolo,Piccolo,0
987,6148,Rocchetta Ligure,0,222,10.1543,21.862659169021992,0.0,0.0,Molto piccolo,Piccolo,1
988,6149,Rosignano Monferrato,8,1461,19.2799,75.77840134025591,0.4149399115140638,5.475701574264202,Piccolo,Piccolo,1
989,6150,Sala Monferrato,0,339,7.5754,44.75011220529609,0.0,0.0,Molto piccolo,Molto piccolo,1
990,6151,Sale,48,3913,44.9156,87.1189519899545,1.0686710185325363,12.266802964477383,Piccolo,Piccolo,0
991,6152,San Cristoforo,2,547,3.5706,153.1955413655968,0.5601299501484344,3.656307129798903,Molto piccolo,Molto piccolo,1
992,6153,San Giorgio Monferrato,9,1192,7.1156,167.5192534712463,1.264826578222497,7.550335570469799,Piccolo,Molto piccolo,1
993,6154,San Salvatore Monferrato,39,4055,31.6916,127.95188630425729,1.2306100039127086,9.617755856966708,Piccolo,Piccolo,1
994,6155,San Sebastiano Curone,6,533,3.8925,136.92999357739242,1.5414258188824663,11.25703564727955,Molto piccolo,Molto piccolo,1
995,6156,Sant'Agata Fossili,0,368,7.7065,47.75189774865373,0.0,0.0,Molto piccolo,Molto piccolo,1
996,6157,Sardigliano,0,384,12.743,30.134191320725105,0.0,0.0,Molto piccolo,Piccolo,1
997,6158,Sarezzano,5,1134,13.8532,81.85834319868334,0.3609274391476337,4.409171075837742,Piccolo,Piccolo,1
998,6159,Serralunga di Crea,1,513,8.8425,58.015267175572525,0.1130901894260673,1.949317738791423,Molto piccolo,Molto piccolo,1
999,6160,Serravalle Scrivia,142,5872,15.9488,368.1781701444623,8.903491171749598,24.182561307901903,Medio,Piccolo,0
1000,6161,Sezzadio,11,1205,34.3195,35.11123413802649,0.3205174900566733,9.128630705394192,Piccolo,Piccolo,1
1001,6162,Silvano d'Orba,19,1874,12.1681,154.00925370435812,1.5614598828083266,10.138740661686231,Piccolo,Piccolo,1
1002,6163,Solero,31,1570,22.5538,69.61132935469854,1.374491216557742,19.745222929936304,Piccolo,Piccolo,0
1003,6164,Solonghello,1,200,4.9533,40.37712232249208,0.2018856116124604,5.0,Molto piccolo,Molto piccolo,1
1004,6165,Spigno Monferrato,8,956,54.8544,17.42795473106989,0.1458406253646015,8.368200836820083,Molto piccolo,Medio,1
1005,6166,Spineto Scrivia,1,363,3.9542,91.80112285670933,0.2528956552526427,2.7548209366391188,Molto piccolo,Molto piccolo,1
1006,6167,Stazzano,5,2369,17.9132,132.24884442757298,0.2791237746466293,2.110595187842972,Piccolo,Piccolo,1
1007,6168,Strevi,17,1906,15.2889,124.66560707441346,1.111917796571369,8.919202518363063,Piccolo,Piccolo,1
1008,6169,Tagliolo Monferrato,18,1510,26.2111,57.60918084323055,0.6867319570716224,11.920529801324504,Piccolo,Piccolo,0
1009,6170,Tassarolo,0,600,7.035,85.28784648187633,0.0,0.0,Molto piccolo,Molto piccolo,1
1010,6171,Terruggia,4,906,7.2664,124.68347462292196,0.550478916657492,4.415011037527594,Molto piccolo,Molto piccolo,1
1011,6172,Terzo,29,846,8.796,96.18008185538882,3.296953160527513,34.2789598108747,Molto piccolo,Molto piccolo,0
1012,6173,Ticineto,3,1304,8.0894,161.1986055826143,0.3708556876900635,2.3006134969325154,Piccolo,Molto piccolo,1
1013,6174,Tortona,455,26713,98.8666,270.1923602106272,4.602160891544768,17.032905326994346,Grande,Medio,0
1014,6175,Treville,0,268,4.6032,58.22036843934654,0.0,0.0,Molto piccolo,Molto piccolo,1
1015,6176,Trisobbio,2,670,9.2191,72.67520690739877,0.2169409161414889,2.985074626865672,Molto piccolo,Molto piccolo,1
1016,6177,Valenza,154,18149,48.4945,374.2486261328604,3.175617853571024,8.485315995371646,Medio,Piccolo,1
1017,6178,Valmacca,0,959,12.2936,78.00806923927898,0.0,0.0,Molto piccolo,Piccolo,1
1018,6179,Vignale Monferrato,11,945,18.7258,50.4651336658514,0.5874248363220798,11.64021164021164,Molto piccolo,Piccolo,0
1019,6180,Vignole Borbera,37,2023,8.6455,233.9945636458273,4.279683072118443,18.28966880869995,Piccolo,Molto piccolo,0
1020,6181,Viguzzolo,32,3064,18.3072,167.36584513196993,1.7479461632581714,10.443864229765014,Piccolo,Piccolo,1
1021,6182,Villadeati,0,480,14.6091,32.85623344353861,0.0,0.0,Molto piccolo,Piccolo,1
1022,6183,Villalvernia,19,884,4.4744,197.56838905775075,4.246379402824959,21.493212669683256,Molto piccolo,Molto piccolo,0
1023,6184,Villamiroglio,0,295,9.8688,29.892185473411157,0.0,0.0,Molto piccolo,Molto piccolo,1
1024,6185,Villanova Monferrato,5,1752,16.5563,105.8207449732126,0.3019998429600816,2.853881278538813,Piccolo,Piccolo,1
1025,6186,Villaromagnano,1,663,6.0672,109.27610759493672,0.1648206751054852,1.5082956259426847,Molto piccolo,Molto piccolo,1
1026,6187,Visone,13,1141,12.5617,90.83165495116108,1.0348917742025363,11.393514460999125,Piccolo,Piccolo,1
1027,6188,Volpedo,5,1170,10.4833,111.60607823872256,0.476949052302233,4.273504273504274,Piccolo,Piccolo,1
1028,6189,Volpeglino,4,134,3.2458,41.28412101793087,1.232361821430772,29.85074626865672,Molto piccolo,Molto piccolo,0
1029,6190,Voltaggio,11,671,52.1828,12.85864307779575,0.2107974275048483,16.393442622950822,Molto piccolo,Medio,0
1030,6191,Cassano Spinola,12,1843,17.1263,107.61226884966396,0.700676736948436,6.511123168746608,Piccolo,Piccolo,1
1031,6192,Alluvioni Piovera,9,1635,24.7837,65.97077918147815,0.3631419037512559,5.504587155963304,Piccolo,Piccolo,1
1032,6193,Lu e Cuccaro Monferrato,6,1338,27.095,49.381804761026025,0.2214430706772467,4.484304932735426,Piccolo,Piccolo,1
1033,7001,Allein,2,208,7.964,26.117528879959817,0.251130085384229,9.615384615384617,Molto piccolo,Molto piccolo,1
1034,7002,Antey-Saint-André,14,546,11.808,46.23983739837399,1.1856368563685638,25.64102564102564,Molto piccolo,Piccolo,0
1035,7003,Aosta,470,33523,21.3923,1567.0591754977258,21.97052210374761,14.02022492020404,Grande,Piccolo,3
1036,7004,Arnad,14,1227,28.8405,42.54433869038332,0.4854284773148871,11.409942950285249,Piccolo,Piccolo,1
1037,7005,Arvier,8,852,33.3596,25.53987457883188,0.2398110289092195,9.389671361502348,Molto piccolo,Piccolo,1
1038,7006,Avise,1,298,52.6166,5.6636118639364765,0.0190054089393841,3.355704697986577,Molto piccolo,Medio,1
1039,7007,Ayas,7,1399,129.4208,10.809699831866284,0.0540871328256354,5.003573981415297,Piccolo,Grande,1
1040,7008,Aymavilles,15,2098,53.2436,39.4037968882645,0.2817240006310617,7.149666348903718,Piccolo,Medio,1
1041,7009,Bard,6,112,3.0315,36.94540656440706,1.9792182088075208,53.57142857142857,Molto piccolo,Molto piccolo,0
1042,7010,Bionaz,1,218,142.0905,1.5342334638839332,0.0070377681829538,4.587155963302752,Molto piccolo,Grande,1
1043,7011,Brissogne,11,942,25.5133,36.92191915589124,0.4311476759180506,11.67728237791932,Molto piccolo,Piccolo,0
1044,7012,Brusson,9,863,55.2621,15.616489420416524,0.1628602604678432,10.428736964078794,Molto piccolo,Medio,1
1045,7013,Challand-Saint-Anselme,2,736,27.9864,26.298487836949377,0.0714632821656233,2.717391304347826,Molto piccolo,Piccolo,1
1046,7014,Challand-Saint-Victor,6,536,25.1589,21.304588038427752,0.2384841944600121,11.194029850746269,Molto piccolo,Piccolo,1
1047,7015,Chambave,14,872,21.5416,40.4798157982694,0.6499052995134995,16.055045871559635,Molto piccolo,Piccolo,0
1048,7016,Chamois,0,108,14.5283,7.433767199190545,0.0,0.0,Molto piccolo,Piccolo,1
1049,7017,Champdepraz,1,700,48.7924,14.346496585533812,0.0204949951221911,1.4285714285714286,Molto piccolo,Piccolo,1
1050,7018,Champorcher,4,380,68.4352,5.55269802674647,0.0584494529131207,10.526315789473683,Molto piccolo,Medio,1
1051,7019,Charvensod,26,2377,25.8619,91.91126715361209,1.0053399015540236,10.93815734118637,Piccolo,Piccolo,1
1052,7020,Châtillon,57,4450,39.6811,112.14406858680832,1.4364521144827134,12.808988764044944,Piccolo,Piccolo,0
1053,7021,Cogne,6,1343,213.0372,6.304063327907051,0.0281640952847671,4.467609828741623,Piccolo,Grande,1
1054,7022,Courmayeur,21,2734,209.6059,13.043525969450288,0.1001880195166262,7.681053401609363,Piccolo,Grande,1
1055,7023,Donnas,24,2405,33.977,70.78317685493128,0.7063601848309151,9.97920997920998,Piccolo,Piccolo,1
1056,7024,Doues,2,497,16.2542,30.576712480466583,0.1230451206457407,4.024144869215292,Molto piccolo,Piccolo,1
1057,7025,Emarèse,1,220,10.233,21.49907163099775,0.0977230528681716,4.545454545454545,Molto piccolo,Piccolo,1
1058,7026,Etroubles,7,483,39.5692,12.206463613113227,0.1769052697552642,14.492753623188406,Molto piccolo,Piccolo,0
1059,7027,Fénis,4,1778,68.1198,26.10107487103603,0.0587200784500248,2.249718785151856,Piccolo,Medio,1
1060,7028,Fontainemore,2,433,31.7089,13.65547212296863,0.0630737742400398,4.618937644341801,Molto piccolo,Piccolo,1
1061,7029,Gaby,3,437,32.1712,13.583577858457254,0.093251106579798,6.864988558352402,Molto piccolo,Piccolo,1
1062,7030,Gignod,15,1739,25.9833,66.92760349917062,0.5772938772211382,8.625646923519264,Piccolo,Piccolo,1
1063,7031,Gressan,24,3380,25.3034,133.57888663183604,0.9484891358473564,7.100591715976331,Piccolo,Piccolo,1
1064,7032,Gressoney-La-Trinité,0,322,66.5161,4.840933247740021,0.0,0.0,Molto piccolo,Medio,1
1065,7033,Gressoney-Saint-Jean,8,804,69.6471,11.543912093970892,0.1148647969549342,9.950248756218905,Molto piccolo,Medio,1
1066,7034,Hône,10,1154,12.6384,91.30902645904544,0.7912393973920749,8.665511265164644,Piccolo,Piccolo,1
1067,7035,Introd,3,646,20.0381,32.23858549463272,0.1497147933187278,4.643962848297213,Molto piccolo,Piccolo,1
1068,7036,Issime,4,393,35.3779,11.10862996390402,0.1130649360193793,10.178117048346056,Molto piccolo,Piccolo,1
1069,7037,Issogne,2,1347,23.6103,57.05137164712011,0.0847087923491018,1.4847809948032664,Piccolo,Piccolo,1
1070,7038,Jovençan,4,712,7.012,101.54021677124928,0.5704506560182545,5.617977528089887,Molto piccolo,Molto piccolo,1
1071,7039,La Magdeleine,1,108,8.9365,12.08526828176579,0.1119006322385721,9.25925925925926,Molto piccolo,Molto piccolo,1
1072,7040,La Salle,14,2007,83.9427,23.909166610080447,0.1667804347489418,6.975585450921774,Piccolo,Medio,1
1073,7041,La Thuile,6,819,125.6666,6.517244836734661,0.0477453834193015,7.326007326007326,Molto piccolo,Grande,1
1074,7042,Lillianes,1,446,18.5463,24.047923305457157,0.0539191105503523,2.242152466367713,Molto piccolo,Piccolo,1
1075,7043,Montjovet,17,1749,18.7597,93.23176809863698,0.9061978603069346,9.719839908519154,Piccolo,Piccolo,1
1076,7044,Morgex,15,2097,43.6277,48.06579306266432,0.3438182622508177,7.15307582260372,Piccolo,Piccolo,1
1077,7045,Nus,55,2984,57.3544,52.02739458524543,0.9589499672213466,18.431635388739945,Piccolo,Medio,0
1078,7046,Ollomont,0,161,53.4825,3.0103304819333427,0.0,0.0,Molto piccolo,Medio,1
1079,7047,Oyace,1,209,30.5598,6.839049993782682,0.0327227272429793,4.784688995215311,Molto piccolo,Piccolo,1
1080,7048,Perloz,1,452,23.2665,19.427073259837105,0.0429802505748608,2.2123893805309733,Molto piccolo,Piccolo,1
1081,7049,Pollein,19,1520,15.3295,99.15522358850582,1.2394402948563228,12.5,Piccolo,Piccolo,0
1082,7050,Pontboset,1,170,33.5599,5.065569325295964,0.029797466619388,5.88235294117647,Molto piccolo,Piccolo,1
1083,7051,Pontey,8,798,15.7533,50.65605301746301,0.5078301054382257,10.025062656641603,Molto piccolo,Piccolo,1
1084,7052,Pont-Saint-Martin,20,3571,6.9224,515.8615509071998,2.8891713856465966,5.600672080649678,Piccolo,Molto piccolo,1
1085,7053,Pré-Saint-Didier,13,996,33.4018,29.818752282811104,0.3892005820045626,13.052208835341364,Molto piccolo,Piccolo,0
1086,7054,Quart,67,4101,62.052,66.0897311931928,1.079739573261136,16.33747866374055,Piccolo,Medio,0
1087,7055,Rhêmes-Notre-Dame,0,83,86.8333,0.9558544936101704,0.0,0.0,Molto piccolo,Medio,1
1088,7056,Rhêmes-Saint-Georges,0,172,36.3385,4.733271874183028,0.0,0.0,Molto piccolo,Piccolo,1
1089,7057,Roisan,6,1015,14.641,69.32586571955467,0.4098080732190424,5.9113300492610845,Piccolo,Piccolo,1
1090,7058,Saint-Christophe,42,3471,14.7364,235.53920903341387,2.850085502565077,12.100259291270527,Piccolo,Piccolo,0
1091,7059,Saint-Denis,5,366,11.3872,32.141351693129124,0.4390895040044962,13.66120218579235,Molto piccolo,Piccolo,0
1092,7060,Saint-Marcel,5,1311,42.382,30.93294323061677,0.1179746118635269,3.813882532418001,Piccolo,Piccolo,1
1093,7061,Saint-Nicolas,0,320,15.4576,20.701790704895974,0.0,0.0,Molto piccolo,Piccolo,1
1094,7062,Saint-Oyen,1,194,9.4206,20.59316816338662,0.1061503513576629,5.154639175257732,Molto piccolo,Molto piccolo,1
1095,7063,Saint-Pierre,24,3220,26.1772,123.00780832174564,0.9168283850068,7.453416149068323,Piccolo,Piccolo,1
1096,7064,Saint-Rhémy-en-Bosses,9,333,64.877,5.132789740586032,0.1387240470428657,27.027027027027028,Molto piccolo,Medio,0
1097,7065,Saint-Vincent,33,4465,20.5721,217.0415271168233,1.6041143101579325,7.390817469204927,Piccolo,Piccolo,1
1098,7066,Sarre,83,4793,28.281,169.47774123970157,2.934832573105618,17.316920509075736,Piccolo,Piccolo,0
1099,7067,Torgnon,5,555,42.4629,13.07023307404817,0.1177498475139474,9.00900900900901,Molto piccolo,Piccolo,1
1100,7068,Valgrisenche,0,192,113.4757,1.6919922062609,0.0,0.0,Molto piccolo,Grande,1
1101,7069,Valpelline,1,594,31.4468,18.88904435427452,0.0317997379701591,1.6835016835016834,Molto piccolo,Piccolo,1
1102,7070,Valsavarenche,0,168,138.2088,1.2155521211384517,0.0,0.0,Molto piccolo,Grande,1
1103,7071,Valtournenche,16,2273,116.1501,19.56950532113188,0.1377527871263132,7.039155301363837,Piccolo,Grande,1
1104,7072,Verrayes,22,1267,22.3546,56.67737288969608,0.9841374929544702,17.363851617995266,Piccolo,Piccolo,0
1105,7073,Verrès,45,2590,8.3607,309.78267369957064,5.382324446517637,17.374517374517374,Piccolo,Molto piccolo,0
1106,7074,Villeneuve,13,1247,8.7979,141.7383693836029,1.477625342411257,10.425020048115478,Piccolo,Molto piccolo,1
1107,8001,Airole,8,376,14.6268,25.70623786474144,0.5469412311647114,21.27659574468085,Molto piccolo,Piccolo,0
1108,8002,Apricale,4,643,19.9364,32.25256315081961,0.2006380289320037,6.2208398133748055,Molto piccolo,Piccolo,1
1109,8003,Aquila d'Arroscia,1,149,10.0601,14.81098597429449,0.0994025904315066,6.711409395973154,Molto piccolo,Piccolo,1
1110,8004,Armo,0,116,10.0925,11.493683428288334,0.0,0.0,Molto piccolo,Piccolo,1
1111,8005,Aurigo,0,338,9.1429,36.96857670979668,0.0,0.0,Molto piccolo,Molto piccolo,1
1112,8006,Badalucco,7,1059,16.0999,65.77680606711843,0.4347853092255231,6.610009442870632,Piccolo,Piccolo,1
1113,8007,Bajardo,1,321,24.3196,13.19923025049754,0.0411190973535748,3.115264797507788,Molto piccolo,Piccolo,1
1114,8008,Bordighera,254,10160,10.6456,954.3849101976404,23.859622754941007,25.0,Medio,Piccolo,3
1115,8009,Borghetto d'Arroscia,4,403,25.9387,15.536630594439968,0.1542097329472949,9.925558312655086,Molto piccolo,Piccolo,1
1116,8010,Borgomaro,5,822,23.4357,35.07469373647896,0.2133497185917211,6.082725060827251,Molto piccolo,Piccolo,1
1117,8011,Camporosso,104,5474,17.9447,305.0482872380145,5.795583096958991,18.99890390938984,Medio,Piccolo,0
1118,8012,Caravonica,0,254,4.4708,56.81309832692136,0.0,0.0,Molto piccolo,Molto piccolo,1
1119,8014,Castellaro,11,1222,7.8606,155.45887082411014,1.3993842709207949,9.00163666121113,Piccolo,Molto piccolo,1
1120,8015,Castel Vittorio,1,263,25.9282,10.143395993551422,0.0385680456028571,3.802281368821293,Molto piccolo,Piccolo,1
1121,8016,Ceriana,2,1083,31.7924,34.06474503340421,0.0629081164051786,1.8467220683287164,Piccolo,Piccolo,1
1122,8017,Cervo,24,1129,3.585,314.9232914923292,6.694560669456067,21.257750221434897,Piccolo,Molto piccolo,0
1123,8018,Cesio,5,273,8.857,30.823077791577287,0.5645252342779723,18.31501831501832,Molto piccolo,Molto piccolo,0
1124,8019,Chiusanico,12,585,13.5068,43.311517161725945,0.8884413776764296,20.512820512820515,Molto piccolo,Piccolo,0
1125,8020,Chiusavecchia,10,515,4.0918,125.86147905567232,2.443912214673249,19.41747572815534,Molto piccolo,Molto piccolo,0
1126,8021,Cipressa,22,1197,9.393,127.43532417757903,2.342169700841052,18.379281537176272,Piccolo,Molto piccolo,0
1127,8022,Civezza,2,619,3.8809,159.4990852637275,0.5153443788811873,3.2310177705977385,Molto piccolo,Molto piccolo,1
1128,8023,Cosio d'Arroscia,0,179,40.5548,4.413780859479026,0.0,0.0,Molto piccolo,Piccolo,1
1129,8024,Costarainera,12,773,2.519,306.8678046843985,4.763795156808257,15.52393272962484,Molto piccolo,Molto piccolo,0
1130,8025,Diano Arentino,2,689,8.3343,82.67041023241303,0.2399721632290654,2.902757619738752,Molto piccolo,Molto piccolo,1
1131,8026,Diano Castello,25,2266,6.1136,370.6490447526825,4.08924365349385,11.032656663724625,Piccolo,Molto piccolo,1
1132,8027,Diano Marina,139,5681,6.6729,851.3539840249366,20.83052346056437,24.467523323358563,Medio,Molto piccolo,3
1133,8028,Diano San Pietro,5,1066,11.9117,89.4918441532275,0.4197553665723616,4.690431519699813,Piccolo,Piccolo,1
1134,8029,Dolceacqua,15,2085,20.2846,102.78733620579158,0.7394772388905869,7.194244604316547,Piccolo,Piccolo,1
1135,8030,Dolcedo,1,1283,19.7953,64.81336478861144,0.050517041924093,0.779423226812159,Piccolo,Piccolo,1
1136,8031,Imperia,984,41941,45.3823,924.1708771922092,21.682462105270115,23.461529291147087,Grande,Piccolo,3
1137,8032,Isolabona,4,685,12.3465,55.481310492852224,0.3239784554327137,5.839416058394161,Molto piccolo,Piccolo,1
1138,8033,Lucinasco,2,275,7.8969,34.82379161443098,0.2532639390140435,7.272727272727272,Molto piccolo,Molto piccolo,1
1139,8034,Mendatica,0,171,30.6912,5.5716296527995,0.0,0.0,Molto piccolo,Piccolo,1
1140,8035,Molini di Triora,6,606,58.0472,10.439780041070026,0.1033641588224755,9.9009900990099,Molto piccolo,Medio,1
1141,8037,Montegrosso Pian Latte,0,122,10.0261,12.168240891273776,0.0,0.0,Molto piccolo,Piccolo,1
1142,8038,Olivetta San Michele,1,199,13.8375,14.381210478771454,0.07226738934056,5.025125628140704,Molto piccolo,Piccolo,1
1143,8039,Ospedaletti,26,3205,5.4462,588.483713414858,4.773970842055011,8.112324492979718,Piccolo,Molto piccolo,1
1144,8040,Perinaldo,4,826,20.2994,40.69085785786773,0.1970501591180035,4.842615012106537,Molto piccolo,Piccolo,1
1145,8041,Pietrabruna,5,446,10.2246,43.62028832423762,0.4890166852493007,11.210762331838565,Molto piccolo,Piccolo,1
1146,8042,Pieve di Teco,15,1315,40.5045,32.4655285215223,0.3703292226789616,11.40684410646388,Piccolo,Piccolo,1
1147,8043,Pigna,1,766,53.2305,14.39024619344173,0.0187862221846497,1.3054830287206267,Molto piccolo,Medio,1
1148,8044,Pompeiana,4,851,5.3802,158.1725586409427,0.7434667856213524,4.700352526439483,Molto piccolo,Molto piccolo,1
1149,8045,Pontedassio,19,2318,13.3128,174.11814193858544,1.4271978847425035,8.196721311475411,Piccolo,Piccolo,1
1150,8046,Pornassio,5,663,27.2114,24.364788287261955,0.1837465180034838,7.541478129713424,Molto piccolo,Piccolo,1
1151,8047,Prelà,3,478,14.8026,32.29162444435437,0.2026670990231446,6.276150627615063,Molto piccolo,Piccolo,1
1152,8048,Ranzo,3,545,10.8563,50.20126562456823,0.2763372419701003,5.504587155963304,Molto piccolo,Piccolo,1
1153,8049,Rezzo,1,311,37.3683,8.322562171680275,0.0267606500697114,3.215434083601286,Molto piccolo,Piccolo,1
1154,8050,Riva Ligure,66,2800,2.0712,1351.8733101583623,31.865585168018537,23.571428571428573,Piccolo,Molto piccolo,3
1155,8051,Rocchetta Nervina,1,304,15.2848,19.889040092117657,0.0654244739872291,3.289473684210526,Molto piccolo,Piccolo,1
1156,8052,San Bartolomeo al Mare,37,2983,10.8533,274.8472814719947,3.40910137930399,12.4036205162588,Piccolo,Piccolo,0
1157,8053,San Biagio della Cima,6,1238,4.307,287.439052704899,1.3930810308799628,4.846526655896607,Piccolo,Molto piccolo,1
1158,8054,San Lorenzo al Mare,25,1235,1.2886,958.4044699674064,19.400900201769364,20.242914979757085,Piccolo,Molto piccolo,3
1159,8055,Sanremo,1601,53451,55.9577,955.203662766697,28.610897159818933,29.9526669285888,Grande,Medio,3
1160,8056,Santo Stefano al Mare,44,2058,2.6886,765.4541397009596,16.365394629175036,21.379980563654037,Piccolo,Molto piccolo,3
1161,8057,Seborga,1,281,4.8705,57.69428190124217,0.2053177291859152,3.558718861209964,Molto piccolo,Molto piccolo,1
1162,8058,Soldano,2,1005,3.466,289.9596076168494,0.5770340450086555,1.990049751243781,Piccolo,Molto piccolo,1
1163,8059,Taggia,253,13869,31.3583,442.27525089051386,8.068039402646189,18.24212271973466,Medio,Piccolo,0
1164,8060,Terzorio,4,237,1.9254,123.09130570271113,2.077490391606939,16.877637130801688,Molto piccolo,Molto piccolo,0
1165,8061,Triora,1,360,67.606,5.324971156406237,0.0147915865455728,2.7777777777777777,Molto piccolo,Medio,1
1166,8062,Vallebona,3,1259,5.8808,214.08651884097404,0.5101346755543463,2.38284352660842,Piccolo,Molto piccolo,1
1167,8063,Vallecrosia,156,6700,3.6815,1819.9103626239305,42.374032323781066,23.28358208955224,Medio,Molto piccolo,3
1168,8064,Vasia,2,386,11.1513,34.61479827464062,0.1793512863971016,5.181347150259067,Molto piccolo,Piccolo,1
1169,8065,Ventimiglia,547,23131,53.7257,430.538829647636,10.18134710203869,23.64791837793437,Grande,Medio,0
1170,8066,Vessalico,1,254,10.4645,24.27254049405132,0.0955611830474461,3.937007874015748,Molto piccolo,Piccolo,1
1171,8067,Villa Faraldi,0,447,9.5157,46.97499921182887,0.0,0.0,Molto piccolo,Molto piccolo,1
1172,8068,Montalto Carpasio,3,500,30.0037,16.66461136459837,0.0999876681875902,6.0,Molto piccolo,Piccolo,1
1173,9001,Alassio,283,10322,17.2476,598.4600756047219,16.40807996474872,27.41716721565588,Medio,Piccolo,0
1174,9002,Albenga,680,23749,36.5751,649.3215329554806,18.59188354919057,28.63278453829635,Grande,Piccolo,3
1175,9003,Albissola Marina,161,5292,3.2457,1630.4649228209632,49.60409156730444,30.42328042328042,Medio,Molto piccolo,3
1176,9004,Albisola Superiore,215,9539,28.6771,332.63475037573534,7.497271341941828,22.53905021490722,Medio,Piccolo,0
1177,9005,Altare,64,1962,11.2964,173.68365142877377,5.665521759144506,32.6197757390418,Piccolo,Piccolo,0
1178,9006,Andora,104,7297,31.7987,229.47478984989957,3.27057395428115,14.252432506509525,Medio,Piccolo,0
1179,9007,Arnasco,3,585,6.093,96.01181683899556,0.4923682914820285,5.128205128205129,Molto piccolo,Molto piccolo,1
1180,9008,Balestrino,7,534,11.2733,47.3685611134273,0.6209361943707699,13.10861423220974,Molto piccolo,Piccolo,0
1181,9009,Bardineto,8,758,29.7933,25.441961783353975,0.2685167470538678,10.554089709762533,Molto piccolo,Piccolo,1
1182,9010,Bergeggi,43,1077,3.6899,291.8778286674436,11.6534323423399,39.92571959145776,Piccolo,Molto piccolo,0
1183,9011,Boissano,14,2472,8.3522,295.96992409185606,1.6762050717176311,5.663430420711975,Piccolo,Molto piccolo,1
1184,9012,Borghetto Santo Spirito,99,4552,5.391,844.3702467074754,18.363939899833056,21.74868189806678,Piccolo,Molto piccolo,3
1185,9013,Borgio Verezzi,61,2084,2.7326,762.6436360974895,22.32306228500329,29.27063339731286,Piccolo,Molto piccolo,3
1186,9014,Bormida,1,357,22.4709,15.887214130275156,0.0445020003649164,2.8011204481792715,Molto piccolo,Piccolo,1
1187,9015,Cairo Montenotte,124,12691,100.4026,126.401109134624,1.2350277781651071,9.770703648254669,Medio,Grande,1
1188,9016,Calice Ligure,15,1682,20.6034,81.63701136705592,0.7280351786598328,8.9179548156956,Piccolo,Piccolo,1
1189,9017,Calizzano,9,1426,62.7437,22.727381394466697,0.1434406960380086,6.311360448807854,Piccolo,Medio,1
1190,9018,Carcare,61,5295,10.4005,509.1101389356281,5.865102639296188,11.520302171860246,Medio,Piccolo,0
1191,9019,Casanova Lerrone,3,705,24.2297,29.09652203700417,0.1238149873915071,4.25531914893617,Molto piccolo,Piccolo,1
1192,9020,Castelbianco,2,310,14.7042,21.082411827913116,0.1360155601800846,6.451612903225806,Molto piccolo,Piccolo,1
1193,9021,Castelvecchio di Rocca Barbena,4,132,16.1434,8.176716181225764,0.2477792782189625,30.303030303030305,Molto piccolo,Piccolo,0
1194,9022,Celle Ligure,140,4982,9.5606,521.0970022801915,14.643432420559378,28.10116419108792,Piccolo,Molto piccolo,0
1195,9023,Cengio,9,3308,18.9617,174.4569316042338,0.4746409868313495,2.720677146311971,Piccolo,Piccolo,1
1196,9024,Ceriale,95,5375,11.1527,481.94607583813786,8.518116689232205,17.674418604651162,Medio,Piccolo,0
1197,9025,Cisano sul Neva,29,2123,12.2727,172.98556959756206,2.3629682140034385,13.65991521431936,Piccolo,Piccolo,0
1198,9026,Cosseria,21,1062,12.4065,85.60029017047516,1.692661105065893,19.77401129943503,Piccolo,Piccolo,0
1199,9027,Dego,7,1892,66.8145,28.31720659437697,0.1047676776747562,3.6997885835095135,Piccolo,Medio,1
1200,9028,Erli,7,222,16.7298,13.2697342466736,0.4184150438140324,31.531531531531527,Molto piccolo,Piccolo,0
1201,9029,Finale Ligure,341,11304,35.5254,318.1948690232904,9.598765953374206,30.166312809624912,Medio,Piccolo,0
1202,9030,Garlenda,12,1302,8.0315,162.11168523937,1.494116914648571,9.216589861751151,Piccolo,Molto piccolo,1
1203,9031,Giustenice,7,986,17.2237,57.24670076696644,0.4064167397249139,7.099391480730223,Molto piccolo,Piccolo,1
1204,9032,Giusvalla,2,406,19.7021,20.60694037691413,0.1015120215611533,4.926108374384237,Molto piccolo,Piccolo,1
1205,9033,Laigueglia,37,1712,2.7242,628.4413772850745,13.581969018427428,21.61214953271028,Piccolo,Molto piccolo,0
1206,9034,Loano,287,10866,13.4774,806.2385920132964,21.29490851351151,26.412663353579973,Medio,Piccolo,3
1207,9035,Magliolo,5,940,19.5718,48.02828559457996,0.2554696042264891,5.319148936170213,Molto piccolo,Piccolo,1
1208,9036,Mallare,3,1058,31.7301,33.34373355268341,0.0945474486370985,2.835538752362949,Piccolo,Piccolo,1
1209,9037,Massimino,0,104,7.8507,13.24722636198046,0.0,0.0,Molto piccolo,Molto piccolo,1
1210,9038,Millesimo,33,3247,15.9575,203.4779884067053,2.0679931066896446,10.163227594702803,Piccolo,Piccolo,1
1211,9039,Mioglia,2,501,19.298,25.96123950668463,0.1036376826614157,3.992015968063872,Molto piccolo,Piccolo,1
1212,9040,Murialdo,12,771,39.2213,19.657686002248777,0.3059562023696308,15.56420233463035,Molto piccolo,Piccolo,0
1213,9041,Nasino,2,173,22.1769,7.800909955854967,0.0901839301254909,11.560693641618496,Molto piccolo,Piccolo,1
1214,9042,Noli,36,2470,9.6682,255.47671748619183,3.723547299393889,14.5748987854251,Piccolo,Molto piccolo,0
1215,9043,Onzo,2,211,8.2263,25.649441425671323,0.2431226675419082,9.47867298578199,Molto piccolo,Molto piccolo,1
1216,9044,Orco Feglino,35,919,17.313,53.08149945127939,2.021602264194536,38.08487486398259,Molto piccolo,Piccolo,0
1217,9045,Ortovero,26,1584,9.6586,163.99892323939287,2.691901517818317,16.414141414141415,Piccolo,Molto piccolo,0
1218,9046,Osiglia,4,439,28.1736,15.581963256381862,0.1419768861629326,9.111617312072893,Molto piccolo,Piccolo,1
1219,9047,Pallare,5,919,21.3321,43.08061559808927,0.2343885505880808,5.44069640914037,Molto piccolo,Piccolo,1
1220,9048,Piana Crixia,9,787,30.4451,25.849808343542968,0.2956140725436934,11.435832274459974,Molto piccolo,Piccolo,1
1221,9049,Pietra Ligure,218,8404,9.8781,850.770897237323,22.069021370506476,25.940028557829606,Medio,Molto piccolo,3
1222,9050,Plodio,1,626,8.6454,72.40844842343905,0.1156684479607652,1.5974440894568689,Molto piccolo,Molto piccolo,1
1223,9051,Pontinvrea,11,840,24.9456,33.6732730421397,0.4409595279327817,13.095238095238097,Molto piccolo,Piccolo,0
1224,9052,Quiliano,140,6934,49.9186,138.90613919460884,2.804565833176411,20.190366310931644,Medio,Piccolo,0
1225,9053,Rialto,2,558,19.5971,28.47360068581576,0.1020559164366156,3.584229390681004,Molto piccolo,Piccolo,1
1226,9054,Roccavignale,29,761,17.7066,42.97832446658308,1.6378073712626928,38.107752956636006,Molto piccolo,Piccolo,0
1227,9055,Sassello,17,1756,100.656,17.44555714512796,0.1688920680336989,9.681093394077449,Piccolo,Grande,1
1228,9056,Savona,1687,58949,65.3174,902.5007119083124,25.827727374329044,28.61795789580824,Grande,Medio,3
1229,9057,Spotorno,68,3565,8.0198,444.52480111723486,8.479014439262825,19.074333800841515,Piccolo,Molto piccolo,0
1230,9058,Stella,48,2929,43.6807,67.05478620992795,1.0988834885887817,16.387845681119835,Piccolo,Piccolo,0
1231,9059,Stellanello,3,829,17.8062,46.55681728836024,0.1684806415742831,3.618817852834741,Molto piccolo,Piccolo,1
1232,9060,Testico,1,178,10.2868,17.303729050822415,0.0972119609596764,5.617977528089887,Molto piccolo,Piccolo,1
1233,9061,Toirano,30,2655,18.9652,139.99325079619513,1.5818446417649168,11.299435028248588,Piccolo,Piccolo,1
1234,9062,Tovo San Giacomo,28,2514,9.4467,266.1246784591445,2.9639980098870504,11.137629276054096,Piccolo,Molto piccolo,1
1235,9063,Urbe,7,670,31.1689,21.49578586347289,0.2245828373795674,10.447761194029852,Molto piccolo,Piccolo,1
1236,9064,Vado Ligure,193,8180,23.7846,343.92001547219627,8.114494252583604,23.594132029339853,Medio,Piccolo,0
1237,9065,Varazze,289,12697,47.9963,264.5412250527645,6.021297475013699,22.76128219264393,Medio,Piccolo,0
1238,9066,Vendone,2,364,9.915,36.71205244578921,0.2017145738779627,5.494505494505495,Molto piccolo,Molto piccolo,1
1239,9067,Vezzi Portio,23,807,8.7616,92.1064645726808,2.62509130752374,28.500619578686493,Molto piccolo,Molto piccolo,0
1240,9068,Villanova d'Albenga,78,2761,15.8914,173.7417722793461,4.9083151893476975,28.25063382832307,Piccolo,Piccolo,0
1241,9069,Zuccarello,11,291,10.807,26.92699176459702,1.0178587952253169,37.80068728522337,Molto piccolo,Piccolo,0
1242,10001,Arenzano,119,11219,24.2972,461.74044745896646,4.897683683716642,10.607005972011766,Medio,Piccolo,1
1243,10002,Avegno,13,2506,10.9322,229.23107883134227,1.1891476555496607,5.18754988028731,Piccolo,Piccolo,1
1244,10003,Bargagli,16,2532,16.2765,155.5616993825454,0.9830123183731146,6.3191153238546605,Piccolo,Piccolo,1
1245,10004,Bogliasco,71,4365,4.4242,986.61904977171,16.048099091361152,16.265750286368846,Piccolo,Molto piccolo,3
1246,10005,Borzonasca,26,1848,80.5133,22.95272954903103,0.3229280131357179,14.06926406926407,Piccolo,Medio,0
1247,10006,Busalla,39,5194,17.0618,304.4227455485353,2.285808062455309,7.508663842895649,Medio,Piccolo,1
1248,10007,Camogli,15,5087,10.0652,505.4047609585502,1.49028335254143,2.9486927462158445,Medio,Piccolo,1
1249,10008,Campo Ligure,29,2816,23.7401,118.61786597360584,1.2215618299838669,10.298295454545451,Piccolo,Piccolo,1
1250,10009,Campomorone,12,6488,25.9059,250.44487935180788,0.4632149433140713,1.8495684340320595,Medio,Piccolo,1
1251,10010,Carasco,86,3705,8.4579,438.05199872308725,10.168008607337518,23.21187584345479,Piccolo,Molto piccolo,0
1252,10011,Casarza Ligure,55,6743,27.8222,242.36041722078053,1.976838639647476,8.156606851549755,Medio,Piccolo,1
1253,10012,Casella,19,3110,8.0656,385.5881769490181,2.3556833961515573,6.109324758842444,Piccolo,Molto piccolo,1
1254,10013,Castiglione Chiavarese,10,1579,29.7498,53.07598706545927,0.3361367135241245,6.3331222292590255,Piccolo,Piccolo,1
1255,10014,Ceranesi,10,3679,30.6952,119.85587323099377,0.3257838359091975,2.718129926610492,Piccolo,Piccolo,1
1256,10015,Chiavari,729,27244,12.231,2227.454827896329,59.602649006622514,26.75818528850389,Grande,Piccolo,2
1257,10016,Cicagna,16,2245,11.2837,198.95956113686117,1.417974600529968,7.12694877505568,Piccolo,Piccolo,1
1258,10017,Cogoleto,105,8737,20.7228,421.6129094523906,5.066882853668424,12.017855099004237,Medio,Piccolo,0
1259,10018,Cogorno,58,5672,9.0821,624.5251648847733,6.386188216381673,10.225669957686884,Medio,Molto piccolo,1
1260,10019,Coreglia Ligure,1,267,8.0024,33.364990502849146,0.124962511246626,3.745318352059925,Molto piccolo,Molto piccolo,1
1261,10020,Crocefieschi,2,518,11.7248,44.17985807860262,0.1705786026200873,3.861003861003861,Molto piccolo,Piccolo,1
1262,10021,Davagna,12,1786,20.5252,87.01498645567399,0.5846471654356595,6.718924972004479,Piccolo,Piccolo,1
1263,10022,Fascia,1,70,11.254,6.220010662875422,0.0888572951839346,14.285714285714285,Molto piccolo,Piccolo,0
1264,10023,Favale di Malvaro,3,434,16.6164,26.11877422305674,0.180544522279194,6.912442396313365,Molto piccolo,Piccolo,1
1265,10024,Fontanigorda,0,258,16.1628,15.962580740960725,0.0,0.0,Molto piccolo,Piccolo,1
1266,10025,Genova,17875,566410,240.2876,2357.216935039511,74.39002262289024,31.55841175120496,Grande,Grande,2
1267,10026,Gorreto,0,90,18.876,4.767959313413859,0.0,0.0,Molto piccolo,Piccolo,1
1268,10027,Isola del Cantone,27,1426,47.9672,29.72864790940476,0.5628846378358545,18.93408134642356,Piccolo,Piccolo,0
1269,10028,Lavagna,429,12352,13.8763,890.1508327147726,30.916022282596945,34.73121761658031,Medio,Piccolo,3
1270,10029,Leivi,16,2383,9.7099,245.41962327109448,1.6478027580098664,6.714225765841376,Piccolo,Molto piccolo,1
1271,10030,Lorsica,4,417,17.7184,23.534856420444285,0.2257540184215279,9.592326139088728,Molto piccolo,Piccolo,1
1272,10031,Lumarzo,4,1475,25.5078,57.82544947035809,0.1568147782246998,2.7118644067796613,Piccolo,Piccolo,1
1273,10032,Masone,37,3497,29.4412,118.77912585084847,1.2567422523538443,10.580497569345154,Piccolo,Piccolo,1
1274,10033,Mele,45,2626,16.9335,155.07721380695074,2.6574541589157588,17.136329017517134,Piccolo,Piccolo,0
1275,10034,Mezzanego,21,1456,28.6498,50.82059909667782,0.7329894100482377,14.423076923076923,Piccolo,Piccolo,0
1276,10035,Mignanego,41,3501,16.2743,215.12446003821975,2.5193095862802086,11.710939731505285,Piccolo,Piccolo,0
1277,10036,Moconesi,18,2411,16.2718,148.17045440578178,1.106208286729188,7.465781833264205,Piccolo,Piccolo,1
1278,10037,Moneglia,30,2630,15.6107,168.47418757647,1.9217587936479463,11.40684410646388,Piccolo,Piccolo,1
1279,10038,Montebruno,12,211,17.6787,11.935266733413656,0.678782942184663,56.87203791469194,Molto piccolo,Piccolo,0
1280,10039,Montoggio,13,1995,47.7246,41.80234093109214,0.2723962065685202,6.516290726817043,Piccolo,Piccolo,1
1281,10040,Ne,16,2174,63.5214,34.22468648361025,0.2518836171746844,7.359705611775529,Piccolo,Medio,1
1282,10041,Neirone,6,822,30.2369,27.185326538104107,0.1984330404241175,7.299270072992701,Molto piccolo,Piccolo,1
1283,10042,Orero,10,512,15.9884,32.023216832203346,0.6254534537539717,19.53125,Molto piccolo,Piccolo,0
1284,10043,Pieve Ligure,51,2475,3.5565,695.9088991986503,14.339940953184309,20.60606060606061,Piccolo,Molto piccolo,0
1285,10044,Portofino,5,374,2.5311,147.76184267709692,1.975425704239264,13.368983957219251,Molto piccolo,Molto piccolo,0
1286,10045,Propata,0,125,16.931,7.382907093497135,0.0,0.0,Molto piccolo,Piccolo,1
1287,10046,Rapallo,662,29148,33.621,866.9581511555277,19.690074655721126,22.711678331274875,Grande,Piccolo,3
1288,10047,Recco,260,9442,9.7716,966.2695976093988,26.607720332391832,27.53653886888371,Medio,Molto piccolo,3
1289,10048,Rezzoaglio,15,913,104.719,8.718570650980244,0.143240481669993,16.42935377875137,Molto piccolo,Grande,0
1290,10049,Ronco Scrivia,37,4192,30.1115,139.21591418561016,1.228766418145891,8.826335877862597,Piccolo,Piccolo,1
1291,10050,Rondanina,0,59,12.8079,4.60653190608921,0.0,0.0,Molto piccolo,Piccolo,1
1292,10051,Rossiglione,51,2606,47.5932,54.75572140557895,1.0715816545220744,19.570222563315426,Piccolo,Piccolo,0
1293,10052,Rovegno,1,500,44.0858,11.34152039885859,0.0226830407977171,2.0,Molto piccolo,Piccolo,1
1294,10053,San Colombano Certenoli,34,2593,41.5747,62.36966231866977,0.8178050593269465,13.112225221750869,Piccolo,Piccolo,0
1295,10054,Santa Margherita Ligure,328,8724,10.0436,868.6128479827951,32.65761280815644,37.597432370472255,Medio,Piccolo,3
1296,10055,Sant'Olcese,15,5633,21.9016,257.1958213098587,0.6848814698469519,2.662879460323096,Medio,Piccolo,1
1297,10056,Santo Stefano d'Aveto,7,1015,54.7734,18.530892732603785,0.1277992602248536,6.896551724137931,Piccolo,Medio,1
1298,10057,Savignone,28,3038,21.744,139.71670345842531,1.287711552612215,9.216589861751151,Piccolo,Piccolo,1
1299,10058,Serra Riccò,56,7621,26.2045,290.8279112366197,2.137037531721651,7.348117045007217,Medio,Piccolo,1
1300,10059,Sestri Levante,459,17788,33.6163,529.148062100826,13.65409042637054,25.803912750168653,Medio,Piccolo,0
1301,10060,Sori,39,4010,13.0661,306.9010645869846,2.9848233214195514,9.72568578553616,Piccolo,Piccolo,1
1302,10061,Tiglieto,5,495,24.5372,20.173450923495757,0.2037722315504621,10.101010101010102,Molto piccolo,Piccolo,1
1303,10062,Torriglia,16,2198,60.0146,36.62442139079491,0.2666017935635661,7.279344858962694,Piccolo,Medio,1
1304,10063,Tribogna,1,584,7.1383,81.81219618116359,0.1400893770225403,1.7123287671232876,Molto piccolo,Molto piccolo,1
1305,10064,Uscio,3,2135,9.6332,221.62936511231987,0.3114229954739858,1.405152224824356,Piccolo,Molto piccolo,1
1306,10065,Valbrevenna,2,759,34.6707,21.89168375602454,0.057685596195058,2.635046113306983,Molto piccolo,Piccolo,1
1307,10066,Vobbia,0,370,33.4257,11.069326895173475,0.0,0.0,Molto piccolo,Piccolo,1
1308,10067,Zoagli,66,2325,7.7878,298.5438763193713,8.474793908420864,28.38709677419355,Piccolo,Molto piccolo,0
1309,11001,Ameglia,38,4270,14.1732,301.2728247678718,2.681116473344058,8.899297423887589,Piccolo,Piccolo,1
1310,11002,Arcola,135,10125,16.5379,612.2300896728121,8.163067862304162,13.333333333333334,Medio,Piccolo,0
1311,11003,Beverino,37,2267,34.945,64.8733724424095,1.0588066962369438,16.32112924569916,Piccolo,Piccolo,0
1312,11004,Bolano,32,7444,14.5663,511.0426120565964,2.196851636997728,4.298764105319721,Medio,Piccolo,1
1313,11005,Bonassola,5,822,9.1896,89.4489422825803,0.5440933228867415,6.082725060827251,Molto piccolo,Molto piccolo,1
1314,11006,Borghetto di Vara,11,886,27.3369,32.41040498373993,0.4023865178568162,12.415349887133182,Molto piccolo,Piccolo,0
1315,11007,Brugnato,18,1285,11.9013,107.9713980825624,1.5124398174989286,14.007782101167315,Piccolo,Piccolo,0
1316,11008,Calice al Cornoviglio,9,1058,33.7544,31.344061811200916,0.2666319057663593,8.506616257088847,Piccolo,Piccolo,1
1317,11009,Carro,2,518,31.7917,16.293560897970227,0.0629095015365645,3.861003861003861,Molto piccolo,Piccolo,1
1318,11010,Carrodano,31,476,21.8632,21.77174430092576,1.4179077170770975,65.12605042016807,Molto piccolo,Piccolo,0
1319,11011,Castelnuovo Magra,63,8320,15.017,554.0387560764467,4.195245388559632,7.572115384615385,Medio,Piccolo,1
1320,11012,Deiva Marina,45,1338,14.0856,94.99062872721078,3.1947520872380304,33.63228699551569,Piccolo,Piccolo,0
1321,11013,Follo,29,6203,23.2703,266.56295793350324,1.246223727240302,4.6751571820087054,Medio,Piccolo,1
1322,11014,Framura,6,632,19.2599,32.8142929091013,0.3115280972383034,9.49367088607595,Molto piccolo,Piccolo,1
1323,11015,La Spezia,2144,92441,51.3951,1798.634500176087,41.71603907765526,23.193171860970786,Grande,Medio,3
1324,11016,Lerici,128,9648,16.0078,602.7061807368908,7.996101900323592,13.266998341625207,Medio,Piccolo,0
1325,11017,Levanto,28,5263,36.814,142.9619166621394,0.7605802140490031,5.320159604788143,Medio,Piccolo,1
1326,11018,Maissana,7,597,45.4274,13.141848311811817,0.1540920237565874,11.725293132328307,Molto piccolo,Piccolo,0
1327,11019,Monterosso al Mare,2,1383,10.9431,126.38100721002276,0.1827635679103727,1.4461315979754157,Piccolo,Piccolo,1
1328,11020,Luni,77,8236,13.8558,594.4081179000851,5.557239567545721,9.349198640116562,Medio,Piccolo,1
1329,11021,Pignone,3,540,17.7462,30.429049599350844,0.1690502755519491,5.555555555555555,Molto piccolo,Piccolo,1
1330,11022,Portovenere,12,3348,7.6646,436.8134018735485,1.565639433238525,3.584229390681004,Piccolo,Molto piccolo,1
1331,11023,Riccò del Golfo di Spezia,39,3566,37.7634,94.43005661566492,1.0327459921511306,10.936623667975322,Piccolo,Piccolo,1
1332,11024,Riomaggiore,5,1392,10.2899,135.27828258778027,0.4859133713641532,3.5919540229885056,Piccolo,Piccolo,1
1333,11025,Rocchetta di Vara,2,677,32.6636,20.72643554292852,0.0612302379407046,2.9542097488921715,Molto piccolo,Piccolo,1
1334,11026,Santo Stefano di Magra,94,9836,13.8524,710.0574629667061,6.785827726603332,9.55673037820252,Medio,Piccolo,1
1335,11027,Sarzana,311,21697,34.5374,628.2175265074962,9.004731103094038,14.333778863437342,Grande,Piccolo,0
1336,11028,Sesta Godano,10,1294,67.7758,19.092360400024788,0.1475452890264666,7.727975270479135,Piccolo,Medio,1
1337,11029,Varese Ligure,8,1834,137.5884,13.329612089391256,0.0581444365949455,4.362050163576881,Piccolo,Grande,1
1338,11030,Vernazza,2,766,12.2925,62.31441936139922,0.1627008338417734,2.610966057441253,Molto piccolo,Piccolo,1
1339,11031,Vezzano Ligure,194,7237,18.3684,393.99185557805794,10.561616689532022,26.806687854083187,Medio,Piccolo,0
1340,11032,Zignago,4,488,28.7008,17.003010369048944,0.1393689374512208,8.196721311475411,Molto piccolo,Piccolo,1
1341,12001,Agra,1,416,2.7953,148.8212356455479,0.3577433549171824,2.403846153846154,Molto piccolo,Molto piccolo,1
1342,12002,Albizzate,49,5203,3.8821,1340.2539862445583,12.62203446588187,9.417643667115126,Medio,Molto piccolo,1
1343,12003,Angera,48,5365,17.7261,302.6610478334208,2.7078714438032057,8.946877912395154,Medio,Piccolo,1
1344,12004,Arcisate,35,9956,12.1264,821.018604037472,2.886264678717509,3.5154680594616314,Medio,Piccolo,1
1345,12005,Arsago Seprio,36,4806,10.5059,457.4572383137094,3.426645979877973,7.49063670411985,Piccolo,Piccolo,1
1346,12006,Azzate,16,4613,4.5062,1023.7006790644002,3.550663530247215,3.4684587036635595,Piccolo,Molto piccolo,1
1347,12007,Azzio,2,753,2.1722,346.6531626922014,0.9207255317189944,2.6560424966799467,Molto piccolo,Molto piccolo,1
1348,12008,Barasso,8,1657,3.9232,422.35929853181074,2.039151712887439,4.828002414001207,Piccolo,Molto piccolo,1
1349,12009,Bardello,2,1584,2.5157,629.6458242238741,0.7950073538180229,1.2626262626262628,Piccolo,Molto piccolo,1
1350,12010,Bedero Valcuvia,4,667,2.5636,260.1809954751131,1.5603058199407085,5.997001499250374,Molto piccolo,Molto piccolo,1
1351,12011,Besano,14,2531,3.432,737.4708624708625,4.07925407925408,5.531410509679968,Piccolo,Molto piccolo,1
1352,12012,Besnate,29,5475,7.4769,732.2553464671188,3.87861279407241,5.296803652968037,Medio,Molto piccolo,1
1353,12013,Besozzo,64,8793,13.9454,630.5304975117243,4.58932694652,7.27851700216081,Medio,Piccolo,1
1354,12014,Biandronno,9,3210,9.5209,337.1530002415738,0.9452887857240388,2.803738317757009,Piccolo,Molto piccolo,1
1355,12015,Bisuschio,33,4293,7.03,610.6685633001422,4.694167852062589,7.686932215234102,Piccolo,Molto piccolo,1
1356,12016,Bodio Lomnago,16,2212,4.0386,547.714554548606,3.961768929827168,7.2332730560578655,Piccolo,Molto piccolo,1
1357,12017,Brebbia,17,3194,6.8686,465.0147045977346,2.4750313018664647,5.322479649342517,Piccolo,Molto piccolo,1
1358,12018,Bregano,0,836,2.2924,364.68330134357,0.0,0.0,Molto piccolo,Molto piccolo,1
1359,12019,Brenta,5,1741,4.182,416.3079866092778,1.1956001912960306,2.871912693854107,Piccolo,Molto piccolo,1
1360,12020,Brezzo di Bedero,15,1244,9.9542,124.97237347049486,1.5069016093709189,12.057877813504822,Piccolo,Molto piccolo,0
1361,12021,Brinzio,3,790,6.3963,123.508903584885,0.4690211528539937,3.79746835443038,Molto piccolo,Molto piccolo,1
1362,12022,Brissago-Valtravaglia,8,1227,6.1189,200.52623837617872,1.3074245370899995,6.519967400162999,Piccolo,Molto piccolo,1
1363,12023,Brunello,2,943,1.62,582.0987654320987,1.2345679012345678,2.1208907741251326,Molto piccolo,Molto piccolo,1
1364,12024,Brusimpiano,19,1170,5.9058,198.11033221578788,3.217176335128179,16.239316239316242,Piccolo,Molto piccolo,0
1365,12025,Buguggiate,42,3078,2.5045,1228.987821920543,16.769814334198443,13.64522417153996,Piccolo,Molto piccolo,3
1366,12026,Busto Arsizio,1780,83045,30.6597,2708.6044547076453,58.05666722114045,21.434162201216207,Grande,Piccolo,2
1367,12027,Cadegliano-Viconago,23,2154,10.2718,209.70034463287837,2.239140170174653,10.677808727948005,Piccolo,Piccolo,1
1368,12029,Cairate,85,7687,11.2635,682.4699249789142,7.546499755848537,11.057629764537532,Medio,Piccolo,0
1369,12030,Cantello,22,4750,9.1334,520.0691965752075,2.40874154203254,4.631578947368421,Piccolo,Molto piccolo,1
1370,12031,Caravate,11,2591,5.127,505.3637604837137,2.1455041934854693,4.245465071401004,Piccolo,Molto piccolo,1
1371,12032,Cardano al Campo,118,14780,9.4198,1569.035435996518,12.526805240026327,7.983761840324764,Medio,Molto piccolo,1
1372,12033,Carnago,20,6591,6.2131,1060.82309957992,3.219005005552784,3.034440904263389,Medio,Molto piccolo,1
1373,12034,Caronno Pertusella,212,18035,8.5453,2110.516892326776,24.808959310966262,11.75492098696978,Medio,Molto piccolo,3
1374,12035,Caronno Varesino,21,4787,5.7494,832.6086200299162,3.652555049222528,4.386881136411114,Piccolo,Molto piccolo,1
1375,12036,Casale Litta,11,2711,10.5879,256.0469970437953,1.0389217880788448,4.057543341940244,Piccolo,Piccolo,1
1376,12037,Casalzuigno,11,1340,7.3228,182.9901130715027,1.5021576446168132,8.208955223880597,Piccolo,Molto piccolo,1
1377,12038,Casciago,13,3613,4.0454,893.1131655707718,3.2135264745142638,3.598117907556048,Piccolo,Molto piccolo,1
1378,12039,Casorate Sempione,63,5648,6.9092,817.460776935101,9.11827707983558,11.154390934844193,Medio,Molto piccolo,0
1379,12040,Cassano Magnago,268,21385,12.3442,1732.392540626367,21.71060092999141,12.532148702361468,Grande,Piccolo,3
1380,12041,Cassano Valcuvia,4,653,3.9547,165.1199838167244,1.0114547247578831,6.125574272588056,Molto piccolo,Molto piccolo,1
1381,12042,Castellanza,291,14328,6.9206,2070.340721902725,42.04837730832587,20.30988274706868,Medio,Molto piccolo,3
1382,12043,Castello Cabiaglio,2,551,6.9824,78.91269477543538,0.2864344637946838,3.629764065335753,Molto piccolo,Molto piccolo,1
1383,12044,Castelseprio,15,1297,3.7509,345.78367858380653,3.999040230344717,11.56515034695451,Piccolo,Molto piccolo,0
1384,12045,Castelveccana,12,1894,20.7887,91.10718803965617,0.5772366718457624,6.335797254487857,Piccolo,Piccolo,1
1385,12046,Castiglione Olona,54,7635,6.9003,1106.4736315812356,7.825746706664928,7.072691552062868,Medio,Molto piccolo,1
1386,12047,Castronno,49,5042,3.759,1341.314179303006,13.03538175046555,9.71836572788576,Medio,Molto piccolo,3
1387,12048,Cavaria con Premezzo,22,5692,3.3176,1715.69809500844,6.63129973474801,3.865073787772312,Medio,Molto piccolo,1
1388,12049,Cazzago Brabbia,9,799,4.0039,199.55543345238397,2.247808386822848,11.264080100125156,Molto piccolo,Molto piccolo,1
1389,12050,Cislago,59,10328,11.1336,927.6424516778042,5.299274268879787,5.712625871417505,Medio,Piccolo,1
1390,12051,Cittiglio,22,3797,11.1074,341.8441759547689,1.9806615409546788,5.794047932578351,Piccolo,Piccolo,1
1391,12052,Clivio,3,1909,2.9838,639.7881895569408,1.0054293183189222,1.5715034049240442,Piccolo,Molto piccolo,1
1392,12053,Cocquio-Trevisago,19,4612,9.8056,470.34347719670393,1.937668271191972,4.1196877710320905,Piccolo,Molto piccolo,1
1393,12054,Comabbio,15,1228,4.6874,261.97892221700727,3.200068268123053,12.21498371335505,Piccolo,Molto piccolo,0
1394,12055,Comerio,11,2880,5.5493,518.9843764078353,1.9822319932243708,3.819444444444444,Piccolo,Molto piccolo,1
1395,12056,Cremenaga,7,774,4.551,170.07251153592617,1.5381234893430016,9.04392764857881,Molto piccolo,Molto piccolo,1
1396,12057,Crosio della Valle,3,600,1.4407,416.46421878253625,2.082321093912681,5.0,Molto piccolo,Molto piccolo,1
1397,12058,Cuasso al Monte,6,3598,16.1837,222.3224602532177,0.370743402312203,1.667593107281823,Piccolo,Piccolo,1
1398,12059,Cugliate-Fabiasco,14,3046,6.5438,465.4787738011553,2.139429689171429,4.596191726854892,Piccolo,Molto piccolo,1
1399,12060,Cunardo,29,2902,6.0591,478.9490188311796,4.786189368057962,9.993108201240522,Piccolo,Molto piccolo,1
1400,12061,Curiglia con Monteviasco,0,156,10.8543,14.372184295624775,0.0,0.0,Molto piccolo,Piccolo,1
1401,12062,Cuveglio,15,3266,7.5272,433.893081092571,1.9927728770326285,4.5927740355174524,Piccolo,Molto piccolo,1
1402,12063,Cuvio,6,1626,5.959,272.86457459305257,1.0068803490518543,3.690036900369003,Piccolo,Molto piccolo,1
1403,12064,Daverio,12,3046,4.0249,756.7889885462994,2.981440532684042,3.939592908732764,Piccolo,Molto piccolo,1
1404,12065,Dumenza,5,1474,18.3987,80.11435590558028,0.2717583307516291,3.3921302578019,Piccolo,Piccolo,1
1405,12066,Duno,0,137,2.4905,55.00903433045573,0.0,0.0,Molto piccolo,Molto piccolo,1
1406,12067,Fagnano Olona,104,12350,8.6809,1422.6635487103872,11.98032462071905,8.421052631578947,Medio,Molto piccolo,1
1407,12068,Ferno,51,6765,8.6579,781.3673061596924,5.89057392670278,7.53880266075388,Medio,Molto piccolo,1
1408,12069,Ferrera di Varese,10,702,1.5265,459.8755322633475,6.550933508024894,14.245014245014245,Molto piccolo,Molto piccolo,0
1409,12070,Gallarate,1354,52787,20.9823,2515.787115807133,64.53058053692875,25.650254797582736,Grande,Piccolo,2
1410,12071,Galliate Lombardo,5,989,3.2748,302.00317576645904,1.5268107976059606,5.055611729019211,Molto piccolo,Molto piccolo,1
1411,12072,Gavirate,78,9068,12.0086,755.1254933963993,6.495345002748031,8.601676224084693,Medio,Piccolo,1
1412,12073,Gazzada Schianno,78,4538,4.8411,937.3902625436368,16.11204065191795,17.188188629352137,Piccolo,Molto piccolo,3
1413,12074,Gemonio,14,2884,3.6747,784.8259721882058,3.809834816447601,4.854368932038835,Piccolo,Molto piccolo,1
1414,12075,Gerenzano,78,10804,9.7868,1103.9359136796502,7.96991866595823,7.219548315438726,Medio,Molto piccolo,1
1415,12076,Germignaga,26,3822,4.6598,820.2068758315808,5.579638611099189,6.802721088435374,Piccolo,Molto piccolo,1
1416,12077,Golasecca,24,2641,7.4364,355.14496261631973,3.227368081329676,9.087466868610376,Piccolo,Molto piccolo,1
1417,12078,Gorla Maggiore,22,4922,5.158,954.24583171772,4.2652190771616905,4.469727752945957,Piccolo,Molto piccolo,1
1418,12079,Gorla Minore,98,8132,7.4805,1087.093108749415,13.100728560925072,12.05115592720118,Medio,Molto piccolo,3
1419,12080,Gornate Olona,12,2161,4.6957,460.2082756564516,2.5555295270140763,5.552984729291994,Piccolo,Molto piccolo,1
1420,12081,Grantola,11,1232,2.0456,602.2682831443097,5.377395385217052,8.928571428571429,Piccolo,Molto piccolo,1
1421,12082,Inarzo,1,1062,2.4338,436.3546717067959,0.4108801051853069,0.9416195856873822,Piccolo,Molto piccolo,1
1422,12083,Induno Olona,81,10303,12.3655,833.205288908657,6.550483199223646,7.861787828787731,Medio,Piccolo,1
1423,12084,Ispra,35,5208,15.9092,327.3577552611068,2.1999849143891583,6.720430107526882,Medio,Piccolo,1
1424,12085,Jerago con Orago,51,5241,3.8742,1352.7954158277837,13.164008053275516,9.730967372638808,Medio,Molto piccolo,3
1425,12086,Lavena Ponte Tresa,71,5812,4.4421,1308.390175817744,15.983431259989644,12.216104611149346,Medio,Molto piccolo,3
1426,12087,Laveno-Mombello,20,8380,23.5301,356.1395829171997,0.8499751382272068,2.386634844868736,Medio,Piccolo,1
1427,12088,Leggiuno,8,3632,13.1894,275.37264773226985,0.6065476822296694,2.202643171806168,Piccolo,Piccolo,1
1428,12089,Lonate Ceppino,13,5052,4.8367,1044.5138214071576,2.687782992536233,2.5732383214568486,Medio,Molto piccolo,1
1429,12090,Lonate Pozzolo,197,11483,29.2406,392.7073999849524,6.73720785483198,17.155795523817815,Medio,Piccolo,0
1430,12091,Lozza,36,1225,1.7099,716.4161646879935,21.053862798994093,29.387755102040813,Piccolo,Molto piccolo,3
1431,12092,Luino,153,14207,21.0057,676.3402314609843,7.283737271312072,10.769339058210742,Medio,Piccolo,1
1432,12093,Luvinate,6,1292,4.0713,317.3433547024292,1.473730749392086,4.643962848297213,Piccolo,Molto piccolo,1
1433,12095,Malgesso,3,1224,2.7726,441.4628868210344,1.0820168794633196,2.450980392156863,Piccolo,Molto piccolo,1
1434,12096,Malnate,112,16391,9.0012,1820.97942496556,12.442785406390255,6.833018119699835,Medio,Molto piccolo,1
1435,12097,Marchirolo,39,3492,5.4904,636.0192335713244,7.103307591432318,11.168384879725084,Piccolo,Molto piccolo,0
1436,12098,Marnate,38,8010,4.8464,1652.7731924727632,7.840871574777154,4.744069912609239,Medio,Molto piccolo,1
1437,12099,Marzio,0,311,1.858,167.3842841765339,0.0,0.0,Molto piccolo,Molto piccolo,1
1438,12100,Masciago Primo,0,307,1.8082,169.78210374958522,0.0,0.0,Molto piccolo,Molto piccolo,1
1439,12101,Mercallo,9,1776,5.4816,323.99299474605954,1.6418563922942206,5.067567567567568,Piccolo,Molto piccolo,1
1440,12102,Mesenzana,23,1623,4.8831,332.3708300055293,4.71012266797731,14.17128773875539,Piccolo,Molto piccolo,0
1441,12103,Montegrino Valtravaglia,3,1492,10.1012,147.70522314180494,0.2969944165049697,2.0107238605898123,Piccolo,Piccolo,1
1442,12104,Monvalle,4,1946,4.5406,428.5777210060344,0.8809408448222701,2.055498458376156,Piccolo,Molto piccolo,1
1443,12105,Morazzone,17,4255,5.6025,759.4823739402052,3.034359660865685,3.9952996474735607,Piccolo,Molto piccolo,1
1444,12106,Mornago,24,4945,12.2356,404.1485501324005,1.961489424302854,4.853387259858443,Piccolo,Piccolo,1
1445,12107,Oggiona con Santo Stefano,8,4308,2.7451,1569.3417361844745,2.914283632654548,1.8570102135561743,Piccolo,Molto piccolo,1
1446,12108,Olgiate Olona,226,12585,7.2066,1746.3158771126468,31.360142091971248,17.95788637266587,Medio,Molto piccolo,3
1447,12109,Origgio,135,7909,7.9149,999.254570493626,17.056437857711405,17.069161714502467,Medio,Molto piccolo,3
1448,12110,Orino,2,826,3.7246,221.76878054019224,0.5369704129302475,2.4213075060532687,Molto piccolo,Molto piccolo,1
1449,12113,Porto Ceresio,16,2850,5.3374,533.967849514745,2.9977142428897965,5.614035087719298,Piccolo,Molto piccolo,1
1450,12114,Porto Valtravaglia,16,2294,16.3739,140.10101441928924,0.9771648782513636,6.974716652136007,Piccolo,Piccolo,1
1451,12115,Rancio Valcuvia,27,904,4.4481,203.23284098828717,6.070007418897956,29.867256637168143,Molto piccolo,Molto piccolo,0
1452,12116,Ranco,5,1240,6.7632,183.3451620534658,0.7392950082801041,4.032258064516129,Piccolo,Molto piccolo,1
1453,12117,Saltrio,7,2987,3.439,868.5664437336435,2.035475428903751,2.343488449949782,Piccolo,Molto piccolo,1
1454,12118,Samarate,151,16065,16.014,1003.1847133757964,9.429249406769078,9.399315281668224,Medio,Piccolo,1
1455,12119,Saronno,587,38755,11.0575,3504.86095410355,53.08614062853268,15.14643271835892,Grande,Piccolo,3
1456,12120,Sesto Calende,104,11055,25.0379,441.5306395504416,4.15370298627281,9.4075079149706,Medio,Piccolo,1
1457,12121,Solbiate Arno,31,4014,3.0347,1322.7007611955053,10.215177777045508,7.722969606377678,Piccolo,Molto piccolo,1
1458,12122,Solbiate Olona,31,5341,4.9318,1082.9717344580072,6.28573745893994,5.804156524995319,Medio,Molto piccolo,1
1459,12123,Somma Lombardo,271,17785,30.5053,583.0134435655444,8.883702176343128,15.237559741355074,Medio,Piccolo,0
1460,12124,Sumirago,21,6014,11.7498,511.8384993787128,1.7872644640759845,3.4918523445294314,Medio,Piccolo,1
1461,12125,Taino,7,3584,7.6311,469.6570612362569,0.9172989477270642,1.953125,Piccolo,Molto piccolo,1
1462,12126,Ternate,12,2537,4.6798,542.1171844950638,2.564212145818197,4.729996058336618,Piccolo,Molto piccolo,1
1463,12127,Tradate,140,18797,21.4775,875.1949714817833,6.518449540216506,7.447997020801192,Medio,Piccolo,1
1464,12128,Travedona-Monate,38,3989,9.5968,415.659386462154,3.9596532177392474,9.52619704186513,Piccolo,Molto piccolo,1
1465,12129,Tronzano Lago Maggiore,3,219,11.0619,19.79768394217992,0.2712011498928756,13.6986301369863,Molto piccolo,Piccolo,0
1466,12130,Uboldo,95,10607,10.7362,987.965946983104,8.84856839477655,8.95634958046573,Medio,Piccolo,1
1467,12131,Valganna,42,1587,12.4185,127.79321174054836,3.3820509723396546,26.465028355387524,Piccolo,Piccolo,0
1468,12132,Varano Borghi,10,2446,3.3321,734.0716064944029,3.0011104108520152,4.088307440719542,Piccolo,Molto piccolo,1
1469,12133,Varese,1539,79350,54.8393,1446.955012190163,28.063815548338507,19.39508506616257,Grande,Medio,3
1470,12134,Vedano Olona,57,7328,7.0848,1034.327009936766,8.04539295392954,7.778384279475983,Medio,Molto piccolo,1
1471,12136,Venegono Inferiore,44,5980,5.8788,1017.2143974960876,7.484520650472885,7.357859531772575,Medio,Molto piccolo,1
1472,12137,Venegono Superiore,24,7289,6.7338,1082.449731206748,3.5641094181591377,3.2926327342571,Medio,Molto piccolo,1
1473,12138,Vergiate,112,8641,21.7832,396.6818465606522,5.141576995115502,12.96146279365814,Medio,Piccolo,0
1474,12139,Viggiù,12,5079,9.2627,548.3282412255605,1.2955185852937048,2.362669816893089,Medio,Molto piccolo,1
1475,12140,Vizzola Ticino,29,574,7.6059,75.46772899985537,3.8128295139299753,50.52264808362369,Molto piccolo,Molto piccolo,0
1476,12141,Sangiano,8,1483,2.2206,667.8375213906152,3.602629919841484,5.394470667565745,Piccolo,Molto piccolo,1
1477,12142,Maccagno con Pino e Veddasca,12,2423,41.9571,57.74946314211421,0.2860064208441479,4.952538175815105,Piccolo,Piccolo,1
1478,12143,Cadrezzate con Osmate,26,2638,8.2455,319.93208416712145,3.153235097932205,9.855951478392722,Piccolo,Molto piccolo,1
1479,13003,Albavilla,68,6359,10.3792,612.6676429782642,6.551564667797132,10.69350526812392,Medio,Piccolo,1
1480,13004,Albese con Cassano,58,4187,7.9506,526.6269212386487,7.295046914698262,13.852400286601386,Piccolo,Molto piccolo,0
1481,13005,Albiolo,14,2709,2.8386,954.3436905516804,4.93200873670119,5.167958656330749,Piccolo,Molto piccolo,1
1482,13006,Alserio,0,1263,1.9921,634.0043170523568,0.0,0.0,Piccolo,Molto piccolo,1
1483,13007,Alzate Brianza,67,4827,7.5847,636.4127783564281,8.833572850607144,13.880256888336442,Piccolo,Molto piccolo,0
1484,13009,Anzano del Parco,19,1786,3.245,550.3852080123266,5.855161787365177,10.638297872340424,Piccolo,Molto piccolo,1
1485,13010,Appiano Gentile,58,7652,12.8076,597.4577594553234,4.528561166807208,7.579717720857292,Medio,Piccolo,1
1486,13011,Argegno,29,686,4.1121,166.8247367525109,7.052357676126554,42.27405247813411,Molto piccolo,Molto piccolo,0
1487,13012,Arosio,72,5106,2.5822,1977.383626365115,27.88320037177601,14.10105757931845,Medio,Molto piccolo,3
1488,13013,Asso,29,3562,6.5106,547.1077934445366,4.454274567628175,8.141493542953397,Piccolo,Molto piccolo,1
1489,13015,Barni,4,563,5.7157,98.50062109627866,0.699826792868765,7.104795737122558,Molto piccolo,Molto piccolo,1
1490,13021,Bene Lario,1,321,5.5854,57.47126436781609,0.1790382067533211,3.115264797507788,Molto piccolo,Molto piccolo,1
1491,13022,Beregazzo con Figliaro,12,2787,3.8047,732.5150471784898,3.1539937445790733,4.3057050592034445,Piccolo,Molto piccolo,1
1492,13023,Binago,23,4765,7.1194,669.2979745484171,3.230609321010198,4.826862539349423,Piccolo,Molto piccolo,1
1493,13024,Bizzarone,6,1728,2.6705,647.0698371091555,2.246770267740124,3.472222222222222,Piccolo,Molto piccolo,1
1494,13025,Blessagno,0,287,3.5601,80.61571304176849,0.0,0.0,Molto piccolo,Molto piccolo,1
1495,13026,Blevio,10,1143,5.4718,208.8892137870536,1.8275521766146423,8.748906386701663,Piccolo,Molto piccolo,1
1496,13028,Bregnano,54,6439,6.1737,1042.9726096182192,8.746780698770591,8.38639540301289,Medio,Molto piccolo,1
1497,13029,Brenna,5,2165,4.8311,448.13810519343417,1.0349609819709795,2.3094688221709005,Piccolo,Molto piccolo,1
1498,13030,Brienno,24,335,8.972,37.33838609005796,2.674988854213108,71.64179104477613,Molto piccolo,Molto piccolo,0
1499,13032,Brunate,0,1664,2.0251,821.6878178855364,0.0,0.0,Piccolo,Molto piccolo,1
1500,13034,Bulgarograsso,20,4026,3.7733,1066.9705562769989,5.300400180213607,4.967709885742672,Piccolo,Molto piccolo,1
1501,13035,Cabiate,59,7416,3.1784,2333.249433677322,18.56279889252454,7.955771305285868,Medio,Molto piccolo,3
1502,13036,Cadorago,58,7957,7.1615,1111.0800809886198,8.098861970257627,7.289179338946839,Medio,Molto piccolo,1
1503,13037,Caglio,0,498,6.5169,76.41670119228468,0.0,0.0,Molto piccolo,Molto piccolo,1
1504,13040,Campione d'Italia,1,1779,2.6757,664.8727435811189,0.3737339761557723,0.5621135469364812,Piccolo,Molto piccolo,1
1505,13041,Cantù,550,39469,23.2534,1697.3431842225225,23.65245512484196,13.934986951784946,Grande,Piccolo,3
1506,13042,Canzo,50,5182,11.1053,466.62404437520826,4.502354731524587,9.6487842531841,Medio,Piccolo,1
1507,13043,Capiago Intimiano,28,5470,5.7175,956.7118495846088,4.89724529951902,5.118829981718465,Medio,Molto piccolo,1
1508,13044,Carate Urio,17,1122,6.9442,161.57368739379626,2.4480861726332765,15.151515151515152,Piccolo,Molto piccolo,0
1509,13045,Carbonate,18,2918,4.9237,592.64374352621,3.655787314418019,6.16860863605209,Piccolo,Molto piccolo,1
1510,13046,Carimate,35,4416,5.1719,853.8448152516484,6.767338888996307,7.92572463768116,Piccolo,Molto piccolo,1
1511,13047,Carlazzo,34,3103,12.7329,243.69939291127707,2.670247940374934,10.957138253303254,Piccolo,Piccolo,1
1512,13048,Carugo,38,6564,4.1945,1564.906425080463,9.059482655858863,5.78915295551493,Medio,Molto piccolo,1
1513,13052,Caslino d'Erba,2,1646,6.8896,238.91082210868555,0.2902926149558755,1.215066828675577,Piccolo,Molto piccolo,1
1514,13053,Casnate con Bernate,19,4990,5.2221,955.5542789299324,3.6383830259857146,3.807615230460922,Piccolo,Molto piccolo,1
1515,13055,Cassina Rizzardi,23,3338,3.5073,951.7292504205516,6.557750976534656,6.890353505092871,Piccolo,Molto piccolo,1
1516,13058,Castelmarte,14,1249,1.9723,633.2708005881458,7.098311615879937,11.20896717373899,Piccolo,Molto piccolo,0
1517,13059,Castelnuovo Bozzente,1,911,3.622,251.5184980673661,0.2760905577029265,1.0976948408342482,Molto piccolo,Molto piccolo,1
1518,13062,Cavargna,0,191,14.9748,12.754761332371718,0.0,0.0,Molto piccolo,Piccolo,1
1519,13063,Cerano d'Intelvi,0,545,5.5479,98.23536833756916,0.0,0.0,Molto piccolo,Molto piccolo,1
1520,13064,Cermenate,105,9199,8.1831,1124.146105998949,12.831323092715476,11.414284161321882,Medio,Molto piccolo,3
1521,13065,Cernobbio,35,6498,12.2813,529.0970825564069,2.8498611710486674,5.38627269929209,Medio,Piccolo,1
1522,13068,Cirimido,31,2080,2.6263,791.9887293911586,11.803678178425924,14.903846153846157,Piccolo,Molto piccolo,0
1523,13071,Claino con Osteno,13,566,12.9034,43.86440783049429,1.0074863989336145,22.968197879858657,Molto piccolo,Piccolo,0
1524,13074,Colonno,11,469,5.6171,83.49504192554878,1.9583058873796089,23.454157782515992,Molto piccolo,Molto piccolo,0
1525,13075,Como,1701,84250,37.1412,2268.370434988638,45.7981971503344,20.18991097922849,Grande,Piccolo,3
1526,13077,Corrido,4,828,6.1917,133.72740927370512,0.6460261317570296,4.830917874396135,Molto piccolo,Molto piccolo,1
1527,13083,Cremia,7,687,10.1382,67.76350831508552,0.6904578722061115,10.189228529839884,Molto piccolo,Piccolo,1
1528,13084,Cucciago,37,3456,4.9305,700.943109218132,7.504309907717269,10.70601851851852,Piccolo,Molto piccolo,1
1529,13085,Cusino,5,214,9.6466,22.18398192109137,0.5183173346049386,23.36448598130841,Molto piccolo,Molto piccolo,0
1530,13087,Dizzasco,9,602,3.6082,166.84219278310513,2.4943184967573857,14.950166112956811,Molto piccolo,Molto piccolo,0
1531,13089,Domaso,34,1462,6.2764,232.9360780065005,5.417118093174431,23.25581395348837,Piccolo,Molto piccolo,0
1532,13090,Dongo,42,3253,7.0436,461.8376966324039,5.962859901186893,12.91115893021826,Piccolo,Molto piccolo,0
1533,13092,Dosso del Liro,0,236,23.4878,10.047769480325956,0.0,0.0,Molto piccolo,Piccolo,1
1534,13095,Erba,191,16208,17.8017,910.4748422903432,10.729312369043406,11.784304047384008,Medio,Piccolo,0
1535,13097,Eupilio,24,2583,6.9373,372.33505830798725,3.459559194499301,9.291521486643438,Piccolo,Molto piccolo,1
1536,13098,Faggeto Lario,12,1169,17.523,66.71232094960908,0.684814244136278,10.26518391787853,Piccolo,Piccolo,1
1537,13099,Faloppio,11,4795,4.1414,1157.8210267059449,2.656106630608007,2.2940563086548487,Piccolo,Molto piccolo,1
1538,13100,Fenegrò,39,3180,5.3603,593.2503777773633,7.2757121802884175,12.264150943396228,Piccolo,Molto piccolo,0
1539,13101,Figino Serenza,29,5030,4.9561,1014.9109178588002,5.851375073142188,5.7654075546719685,Medio,Molto piccolo,1
1540,13102,Fino Mornasco,146,9803,7.2711,1348.2141629189532,20.079492786510983,14.893399979598083,Medio,Molto piccolo,3
1541,13106,Garzeno,3,699,28.7547,24.309069473859925,0.1043307702740769,4.291845493562231,Molto piccolo,Piccolo,1
1542,13107,Gera Lario,49,1049,7.1792,146.11655894807222,6.825273010920437,46.71115347950429,Piccolo,Molto piccolo,0
1543,13110,Grandate,75,2809,2.825,994.3362831858408,26.54867256637168,26.6998932004272,Piccolo,Molto piccolo,3
1544,13111,Grandola ed Uniti,16,1300,16.8991,76.92717363646584,0.9467959832180411,12.307692307692308,Piccolo,Piccolo,0
1545,13113,Griante,29,595,6.5458,90.8979803843686,4.430321733019646,48.739495798319325,Molto piccolo,Molto piccolo,0
1546,13114,Guanzate,66,5816,6.9053,842.2516038405282,9.557875834503932,11.348005502063272,Medio,Molto piccolo,0
1547,13118,Inverigo,78,9169,9.9865,918.1394883092177,7.810544234716868,8.506925509870214,Medio,Molto piccolo,1
1548,13119,Laglio,20,891,6.1961,143.80013234131147,3.2278368651248366,22.446689113355777,Molto piccolo,Molto piccolo,0
1549,13120,Laino,3,536,6.6825,80.20950243172466,0.4489337822671156,5.597014925373134,Molto piccolo,Molto piccolo,1
1550,13121,Lambrugo,15,2529,1.836,1377.450980392157,8.169934640522875,5.931198102016607,Piccolo,Molto piccolo,1
1551,13123,Lasnigo,7,462,5.5255,83.61234277440956,1.2668536784001447,15.151515151515152,Molto piccolo,Molto piccolo,0
1552,13126,Lezzeno,10,1996,20.7039,96.40695714334014,0.4830007872912832,5.01002004008016,Piccolo,Piccolo,1
1553,13128,Limido Comasco,26,3860,4.5636,845.8234726969936,5.697256551845035,6.735751295336788,Piccolo,Molto piccolo,1
1554,13129,Lipomo,52,5950,2.2977,2589.5460678069376,22.631326979153062,8.739495798319327,Medio,Molto piccolo,3
1555,13130,Livo,0,164,33.1337,4.949643414408896,0.0,0.0,Molto piccolo,Piccolo,1
1556,13131,Locate Varesino,29,4278,6.0364,708.7005499966867,4.804187926578755,6.778868630201029,Piccolo,Molto piccolo,1
1557,13133,Lomazzo,134,9998,9.477,1054.975203123351,14.139495620977105,13.40268053610722,Medio,Molto piccolo,3
1558,13134,Longone al Segrino,15,1929,1.6045,1202.2436896229356,9.348706762231224,7.776049766718508,Piccolo,Molto piccolo,1
1559,13135,Luisago,22,2738,2.1613,1266.830148521723,10.179058899736267,8.035062089116142,Piccolo,Molto piccolo,1
1560,13136,Lurago d'Erba,56,5386,4.6988,1146.2501064101473,11.917936494424108,10.3973264017824,Medio,Molto piccolo,1
1561,13137,Lurago Marinone,31,2570,3.8854,661.4505585010552,7.9785865033201215,12.06225680933852,Piccolo,Molto piccolo,0
1562,13138,Lurate Caccivio,65,9742,5.9357,1641.2554542850885,10.95068820863588,6.6721412440977215,Medio,Molto piccolo,1
1563,13139,Magreglio,1,649,3.0815,210.61171507382767,0.324517280545189,1.5408320493066257,Molto piccolo,Molto piccolo,1
1564,13143,Mariano Comense,296,25214,13.8027,1826.7440428321995,21.445079585878126,11.739509796145,Grande,Piccolo,3
1565,13144,Maslianico,1,3196,1.2884,2480.5960881713754,0.776156473144986,0.3128911138923654,Piccolo,Molto piccolo,1
1566,13145,Menaggio,32,3073,11.7701,261.0852923934376,2.718753451542468,10.413276928083306,Piccolo,Piccolo,1
1567,13147,Merone,27,4064,3.2814,1238.4957640031694,8.228195282501371,6.643700787401575,Piccolo,Molto piccolo,1
1568,13152,Moltrasio,25,1569,8.8973,176.34563294482598,2.809841187776067,15.933715742511154,Piccolo,Molto piccolo,0
1569,13153,Monguzzo,10,2364,3.727,634.2903139254092,2.6831231553528307,4.230118443316413,Piccolo,Molto piccolo,1
1570,13154,Montano Lucino,50,5287,5.2231,1012.2341138404396,9.572859030077923,9.457159069415548,Medio,Molto piccolo,1
1571,13155,Montemezzo,2,224,9.0152,24.846925193007365,0.2218475463661371,8.928571428571429,Molto piccolo,Molto piccolo,1
1572,13157,Montorfano,15,2515,3.5169,715.1184281611646,4.265119849867781,5.964214711729622,Piccolo,Molto piccolo,1
1573,13159,Mozzate,55,8656,10.6815,810.3730749426579,5.149089547348219,6.353974121996303,Medio,Piccolo,1
1574,13160,Musso,3,946,3.7055,255.29618135204427,0.8096073404398867,3.171247357293869,Molto piccolo,Molto piccolo,1
1575,13161,Nesso,15,1172,15.0301,77.97685976806542,0.9979973519803594,12.79863481228669,Piccolo,Piccolo,0
1576,13163,Novedrate,23,2860,2.921,979.1167408421774,7.874015748031496,8.041958041958042,Piccolo,Molto piccolo,1
1577,13165,Olgiate Comasco,117,11735,10.9644,1070.282003575207,10.670898544379996,9.970174691095014,Medio,Piccolo,1
1578,13169,Oltrona di San Mamette,26,2380,2.688,885.4166666666666,9.672619047619047,10.924369747899158,Piccolo,Molto piccolo,0
1579,13170,Orsenigo,9,2674,4.4607,599.4574842513507,2.0176205528280318,3.3657442034405385,Piccolo,Molto piccolo,1
1580,13178,Peglio,1,189,10.5747,17.872847456665436,0.0945653304585472,5.291005291005291,Molto piccolo,Piccolo,1
1581,13183,Pianello del Lario,3,1036,9.7955,105.76285028839771,0.3062630799857077,2.895752895752896,Piccolo,Molto piccolo,1
1582,13184,Pigra,3,245,4.5334,54.04332289231041,0.6617549741915559,12.244897959183673,Molto piccolo,Molto piccolo,0
1583,13185,Plesio,3,832,16.904,49.21911973497397,0.1774727875059157,3.605769230769231,Molto piccolo,Piccolo,1
1584,13186,Pognana Lario,4,683,5.0749,134.58393268832882,0.7881928707954836,5.856515373352855,Molto piccolo,Molto piccolo,1
1585,13187,Ponna,1,231,5.8112,39.75082599118942,0.1720814977973568,4.329004329004329,Molto piccolo,Molto piccolo,1
1586,13188,Ponte Lambro,10,4270,3.3802,1263.2388616058222,2.9584048281166795,2.34192037470726,Piccolo,Molto piccolo,1
1587,13189,Porlezza,80,4847,18.6399,260.0335838711581,4.291868518607933,16.505054672993605,Piccolo,Piccolo,0
1588,13192,Proserpio,2,908,2.2991,394.9371493192989,0.8699056152407463,2.202643171806168,Molto piccolo,Molto piccolo,1
1589,13193,Pusiano,19,1366,3.2026,426.5284456379192,5.932679697745582,13.90922401171303,Piccolo,Molto piccolo,0
1590,13195,Rezzago,0,303,4.0752,74.35217903415784,0.0,0.0,Molto piccolo,Molto piccolo,1
1591,13197,Rodero,4,1258,2.5208,499.0479212948271,1.586797841954935,3.179650238473768,Piccolo,Molto piccolo,1
1592,13199,Ronago,1,1646,2.0864,788.9187116564418,0.4792944785276074,0.6075334143377885,Piccolo,Molto piccolo,1
1593,13201,Rovellasca,18,7971,3.5679,2234.087278230892,5.044984444631296,2.2581859239744078,Medio,Molto piccolo,1
1594,13202,Rovello Porro,32,6217,5.5316,1123.9062838961602,5.784944681466484,5.147177095061927,Medio,Molto piccolo,1
1595,13203,Sala Comacina,6,481,4.7342,101.60111528874994,1.2673735794854462,12.474012474012476,Molto piccolo,Molto piccolo,0
1596,13204,San Bartolomeo Val Cavargna,2,980,10.5076,93.2658266397655,0.1903384217138071,2.0408163265306123,Molto piccolo,Piccolo,1
1597,13206,San Fermo della Battaglia,26,7774,5.7797,1345.052511376023,4.498503382528505,3.3444816053511706,Medio,Molto piccolo,1
1598,13207,San Nazzaro Val Cavargna,3,281,12.993,21.627029939198028,0.2308935580697298,10.676156583629894,Molto piccolo,Piccolo,1
1599,13211,Schignano,2,871,10.1171,86.09186426940526,0.1976851073924345,2.2962112514351323,Molto piccolo,Piccolo,1
1600,13212,Senna Comasco,12,3157,2.7868,1132.8405339457445,4.306014066312617,3.801076971808679,Piccolo,Molto piccolo,1
1601,13216,Sorico,43,1235,24.437,50.53811842697549,1.7596267954331546,34.81781376518219,Piccolo,Piccolo,0
1602,13217,Sormano,8,632,10.7425,58.83174307656505,0.7447056085641145,12.658227848101266,Molto piccolo,Piccolo,0
1603,13218,Stazzona,1,613,7.2943,84.03822162510454,0.1370933468598769,1.6313213703099512,Molto piccolo,Molto piccolo,1
1604,13222,Tavernerio,56,5740,11.8815,483.10398518705546,4.713209611581029,9.75609756097561,Medio,Piccolo,1
1605,13223,Torno,15,1123,7.5288,149.1605567952396,1.9923493783869937,13.357079252003562,Piccolo,Molto piccolo,0
1606,13226,Trezzone,0,234,3.9091,59.860325906218826,0.0,0.0,Molto piccolo,Molto piccolo,1
1607,13227,Turate,74,9481,10.2824,922.060997432506,7.196763401540496,7.805083851914355,Medio,Piccolo,1
1608,13228,Uggiate-Trevano,10,4952,5.7844,856.0957056911694,1.7287877740128623,2.0193861066235863,Piccolo,Molto piccolo,1
1609,13229,Valbrona,15,2606,13.6474,190.95212274865543,1.099110453273151,5.755947812739831,Piccolo,Piccolo,1
1610,13232,Valmorea,10,2629,3.132,839.3997445721583,3.1928480204342278,3.803727653100038,Piccolo,Molto piccolo,1
1611,13233,Val Rezzo,0,164,6.6115,24.80526355592528,0.0,0.0,Molto piccolo,Molto piccolo,1
1612,13234,Valsolda,16,1453,31.7405,45.77747672531939,0.5040878373056505,11.011699931176874,Piccolo,Piccolo,1
1613,13236,Veleso,1,201,5.8606,34.29682967614237,0.1706309934136436,4.975124378109452,Molto piccolo,Molto piccolo,1
1614,13238,Veniano,32,3070,3.1517,974.0774819938446,10.153250626645937,10.423452768729645,Piccolo,Molto piccolo,1
1615,13239,Vercana,1,750,15.0078,49.97401351297326,0.0666320180172976,1.3333333333333333,Molto piccolo,Piccolo,1
1616,13242,Vertemate con Minoprio,40,4145,5.7469,721.2584175816527,6.960274234804851,9.65018094089264,Piccolo,Molto piccolo,1
1617,13245,Villa Guardia,50,7933,7.8577,1009.5829568448784,6.363185155961668,6.302785831337451,Medio,Molto piccolo,1
1618,13246,Zelbio,2,186,4.5952,40.47701949860724,0.4352367688022284,10.752688172043012,Molto piccolo,Molto piccolo,1
1619,13248,San Siro,22,1718,18.7866,91.44815985862265,1.1710474487134448,12.80558789289872,Piccolo,Piccolo,0
1620,13249,Gravedona ed Uniti,40,4080,39.852,102.37880156579344,1.003713740841112,9.803921568627452,Piccolo,Piccolo,1
1621,13250,Bellagio,32,3611,29.0589,124.26485517345805,1.1012116769733196,8.861811132650235,Piccolo,Piccolo,1
1622,13251,Colverde,9,5403,8.5814,629.6175449227399,1.0487799193604772,1.665741254858412,Medio,Molto piccolo,1
1623,13252,Tremezzina,63,5046,29.4097,171.5760446383336,2.1421503789566025,12.48513674197384,Medio,Piccolo,0
1624,13253,Alta Valle Intelvi,29,2973,24.9508,119.1544960482229,1.1622873815669237,9.754456777665656,Piccolo,Piccolo,1
1625,13254,Centro Valle Intelvi,28,3554,19.6566,180.80441174974308,1.4244579428792363,7.878446820483961,Piccolo,Piccolo,1
1626,13255,Solbiate con Cagno,24,4642,7.6232,608.9306328051213,3.14828418511911,5.170185264971995,Piccolo,Molto piccolo,1
1627,14001,Albaredo per San Marco,9,288,18.9604,15.189552963017658,0.4746735300943018,31.25,Molto piccolo,Piccolo,0
1628,14002,Albosaggia,27,3021,34.3464,87.95681643491021,0.7861085877995947,8.937437934458789,Piccolo,Piccolo,1
1629,14003,Andalo Valtellino,4,585,6.775,86.34686346863468,0.5904059040590406,6.837606837606837,Molto piccolo,Molto piccolo,1
1630,14004,Aprica,8,1496,20.3652,73.4586451397482,0.3928269793569422,5.347593582887701,Piccolo,Piccolo,1
1631,14005,Ardenno,36,3213,17.1442,187.41031952497053,2.099835512884824,11.204481792717086,Piccolo,Piccolo,1
1632,14006,Bema,0,119,19.2215,6.19098405431418,0.0,0.0,Molto piccolo,Piccolo,1
1633,14007,Berbenno di Valtellina,42,4045,35.5949,113.6398753754049,1.1799443178657616,10.3831891223733,Piccolo,Piccolo,1
1634,14008,Bianzone,24,1273,17.1065,74.41615760091193,1.4029754771578056,18.853102906520032,Piccolo,Piccolo,0
1635,14009,Bormio,60,4074,41.4364,98.31935206726452,1.4480022395767973,14.727540500736376,Piccolo,Piccolo,0
1636,14010,Buglio in Monte,11,1961,27.707,70.77633810950302,0.3970115855199047,5.609382967873533,Piccolo,Piccolo,1
1637,14011,Caiolo,10,1056,32.9723,32.02688317163195,0.3032848785192419,9.46969696969697,Piccolo,Piccolo,1
1638,14012,Campodolcino,7,922,48.4884,19.014857161712904,0.1443644253058463,7.592190889370932,Molto piccolo,Piccolo,1
1639,14013,Caspoggio,5,1345,7.3122,183.93917015398924,0.6837887366319302,3.717472118959108,Piccolo,Molto piccolo,1
1640,14014,Castello dell'Acqua,5,606,14.07,43.07036247334754,0.355366027007818,8.25082508250825,Molto piccolo,Piccolo,1
1641,14015,Castione Andevenno,54,1548,17.0329,90.88293831349915,3.170335057447645,34.88372093023256,Piccolo,Piccolo,0
1642,14016,Cedrasco,3,435,14.4204,30.16559873512524,0.2080386119663809,6.896551724137931,Molto piccolo,Piccolo,1
1643,14017,Cercino,2,792,5.6946,139.07912759456326,0.351209918168089,2.525252525252525,Molto piccolo,Molto piccolo,1
1644,14018,Chiavenna,33,7144,10.7742,663.0654712182807,3.062872417441666,4.61926091825308,Medio,Piccolo,1
1645,14019,Chiesa in Valmalenco,8,2370,107.5975,22.02653407374707,0.0743511698691884,3.3755274261603376,Piccolo,Grande,1
1646,14020,Chiuro,28,2439,51.7567,47.12433366114918,0.5409927603575962,11.480114801148012,Piccolo,Medio,1
1647,14021,Cino,0,333,5.0707,65.67140631471,0.0,0.0,Molto piccolo,Molto piccolo,1
1648,14022,Civo,8,1124,25.1361,44.71656303086,0.3182673525328114,7.117437722419928,Piccolo,Piccolo,1
1649,14023,Colorina,21,1353,17.8352,75.86121826500404,1.1774468466852068,15.521064301552109,Piccolo,Piccolo,0
1650,14024,Cosio Valtellino,74,5409,23.9902,225.4670657185017,3.084592875424131,13.680902200036977,Medio,Piccolo,0
1651,14025,Dazio,8,471,3.7335,126.15508236239454,2.142761483862328,16.985138004246284,Molto piccolo,Molto piccolo,0
1652,14026,Delebio,24,3286,22.438,146.44799001693556,1.069614047597825,7.303712720632989,Piccolo,Piccolo,1
1653,14027,Dubino,27,3702,13.2392,279.6241464741072,2.039398150945676,7.293354943273906,Piccolo,Piccolo,1
1654,14028,Faedo Valtellino,0,534,4.799,111.27318191289852,0.0,0.0,Molto piccolo,Molto piccolo,1
1655,14029,Forcola,32,770,15.8975,48.43528856738481,2.0128951092939142,41.55844155844156,Molto piccolo,Piccolo,0
1656,14030,Fusine,3,552,37.595,14.682803564303764,0.0797978454581726,5.434782608695652,Molto piccolo,Piccolo,1
1657,14031,Gerola Alta,0,159,37.4263,4.248349422732143,0.0,0.0,Molto piccolo,Piccolo,1
1658,14032,Gordona,10,1938,62.7928,30.863411091717524,0.1592539272018448,5.159958720330238,Piccolo,Medio,1
1659,14033,Grosio,22,4412,126.9158,34.763205211644255,0.1733432716809097,4.986400725294651,Piccolo,Grande,1
1660,14034,Grosotto,14,1635,53.1233,30.77745546681023,0.2635378449757451,8.562691131498472,Piccolo,Medio,1
1661,14035,Madesimo,8,545,85.6544,6.362778794784624,0.0933985878133522,14.678899082568808,Molto piccolo,Medio,0
1662,14036,Lanzada,6,1281,117.165,10.93329919344514,0.0512098322877992,4.68384074941452,Piccolo,Grande,1
1663,14037,Livigno,44,6887,227.2927,30.30013722394076,0.1935829879270209,6.38884855524902,Medio,Grande,1
1664,14038,Lovero,9,633,13.4606,47.026135536305965,0.6686180408005586,14.218009478672984,Molto piccolo,Piccolo,0
1665,14039,Mantello,11,752,3.7844,198.71049571926855,2.906669485255258,14.627659574468083,Molto piccolo,Molto piccolo,0
1666,14040,Mazzo di Valtellina,10,1017,15.3245,66.36431857483115,0.6525498384939149,9.83284169124877,Piccolo,Piccolo,1
1667,14041,Mello,1,937,11.4294,81.98155633716556,0.0874936567098885,1.0672358591248667,Molto piccolo,Piccolo,1
1668,14043,Mese,5,1799,4.1455,433.9645398625015,1.2061271257990591,2.7793218454697053,Piccolo,Molto piccolo,1
1669,14044,Montagna in Valtellina,43,2945,44.9738,65.48256985178037,0.956112225340087,14.601018675721562,Piccolo,Piccolo,0
1670,14045,Morbegno,131,12237,14.816,825.9314254859611,8.841792656587472,10.705238211980062,Medio,Piccolo,1
1671,14046,Novate Mezzola,14,1872,99.7437,18.76810264708448,0.1403597420187941,7.478632478632479,Piccolo,Medio,1
1672,14047,Pedesina,0,36,6.2997,5.714557836087433,0.0,0.0,Molto piccolo,Molto piccolo,1
1673,14048,Piantedo,19,1427,6.8047,209.70799594397988,2.7921877525827736,13.314646110721794,Piccolo,Molto piccolo,0
1674,14049,Piateda,29,2083,70.7998,29.42098706493521,0.4096056768521944,13.922227556409023,Piccolo,Medio,0
1675,14050,Piuro,11,1894,84.2534,22.479804969295007,0.1305585293887249,5.807814149947202,Piccolo,Medio,1
1676,14051,Poggiridenti,19,1829,2.8988,630.9507382365116,6.554436318476611,10.38819026790596,Piccolo,Molto piccolo,1
1677,14052,Ponte in Valtellina,13,2258,67.7265,33.339977704443605,0.1919484987412608,5.757307351638618,Piccolo,Medio,1
1678,14053,Postalesio,10,644,10.5844,60.8442613657836,0.9447866671705528,15.527950310559008,Molto piccolo,Piccolo,0
1679,14054,Prata Camportaccio,41,2886,27.9382,103.29942515981703,1.4675247510576916,14.206514206514209,Piccolo,Piccolo,0
1680,14055,Rasura,2,290,6.0003,48.33091678749396,0.3333166674999583,6.896551724137931,Molto piccolo,Molto piccolo,1
1681,14056,Rogolo,6,541,12.8248,42.18389370594473,0.4678435531158381,11.090573012939002,Molto piccolo,Piccolo,1
1682,14057,Samolaco,32,2834,45.7953,61.88407980731648,0.6987616633147944,11.291460832745235,Piccolo,Piccolo,1
1683,14058,San Giacomo Filippo,2,360,61.8501,5.820524138198645,0.0323362452122147,5.555555555555555,Molto piccolo,Medio,1
1684,14059,Sernio,4,489,9.5233,51.34774710447009,0.4200224712022092,8.1799591002045,Molto piccolo,Molto piccolo,1
1685,14060,Sondalo,31,3970,95.4525,41.59136743406406,0.3247688640947068,7.8085642317380355,Piccolo,Medio,1
1686,14061,Sondrio,245,21202,20.8748,1015.6744016709142,11.736639392952268,11.555513630789548,Grande,Piccolo,0
1687,14062,Spriana,0,80,7.6849,10.410024853934338,0.0,0.0,Molto piccolo,Molto piccolo,1
1688,14063,Talamona,55,4638,21.0512,220.3199817587596,2.6126776620810213,11.858559724018974,Piccolo,Piccolo,0
1689,14064,Tartano,2,196,47.2736,4.146077303188249,0.0423069112570229,10.20408163265306,Molto piccolo,Piccolo,1
1690,14065,Teglio,59,4445,115.3175,38.54575411364277,0.5116309319921087,13.27334083239595,Piccolo,Grande,0
1691,14066,Tirano,89,8829,32.3745,272.7146365194829,2.749077205825573,10.080416808245554,Medio,Piccolo,1
1692,14067,Torre di Santa Maria,10,756,44.2368,17.08984375,0.2260561342592592,13.227513227513226,Molto piccolo,Piccolo,0
1693,14068,Tovo di Sant'Agata,5,648,11.1463,58.13588365645999,0.4485793492010801,7.716049382716049,Molto piccolo,Piccolo,1
1694,14069,Traona,25,2828,6.3664,444.2070872078412,3.9268660467454137,8.84016973125884,Piccolo,Molto piccolo,1
1695,14070,Tresivio,11,2007,15.0134,133.68057868304314,0.7326788069324737,5.480817140009965,Piccolo,Piccolo,1
1696,14071,Valdidentro,69,4153,226.7227,18.31753062220942,0.3043365309252227,16.614495545388877,Piccolo,Grande,0
1697,14072,Valdisotto,21,3607,89.5706,40.26990999278781,0.2344519295393801,5.822012752980315,Piccolo,Medio,1
1698,14073,Valfurva,19,2525,214.9861,11.74494537088677,0.0883778067512271,7.524752475247524,Piccolo,Grande,1
1699,14074,Val Masino,10,865,116.7085,7.411628116204047,0.085683562037041,11.560693641618496,Molto piccolo,Grande,1
1700,14075,Verceia,14,1061,11.3774,93.2550494840649,1.2305096067642871,13.195098963242224,Piccolo,Piccolo,0
1701,14076,Vervio,1,209,12.4053,16.847637703239744,0.0806107067140657,4.784688995215311,Molto piccolo,Piccolo,1
1702,14077,Villa di Chiavenna,4,968,32.5223,29.764192569406223,0.1229925312785381,4.132231404958678,Molto piccolo,Piccolo,1
1703,14078,Villa di Tirano,74,2925,24.7393,118.23293302559088,2.991192151758538,25.2991452991453,Piccolo,Piccolo,0
1704,15002,Abbiategrasso,440,32476,47.7776,679.732761796323,9.209336592880346,13.548466559921172,Grande,Piccolo,0
1705,15005,Albairate,88,4670,14.9817,311.7136239545579,5.873832742612654,18.843683083511777,Piccolo,Piccolo,0
1706,15007,Arconate,70,6686,8.421,793.9674622966394,8.31255195344971,10.469638049655998,Medio,Molto piccolo,1
1707,15009,Arese,201,19463,6.5763,2959.5669297325244,30.56429907394736,10.327287674048192,Medio,Molto piccolo,3
1708,15010,Arluno,118,12196,12.3585,986.8511550754542,9.548084314439455,9.675303378156771,Medio,Piccolo,1
1709,15011,Assago,286,9260,8.0523,1149.981992722576,35.51780236702557,30.88552915766739,Medio,Molto piccolo,3
1710,15012,Bareggio,194,17253,11.3842,1515.5215122713937,17.041162312678978,11.244421260070713,Medio,Piccolo,3
1711,15014,Basiano,42,3665,4.5856,799.2411025819957,9.15910676901605,11.45975443383356,Piccolo,Molto piccolo,0
1712,15015,Basiglio,36,7933,8.4922,934.151338875674,4.239184192553166,4.538005798562965,Medio,Molto piccolo,1
1713,15016,Bellinzago Lombardo,26,3797,4.5903,827.1790514781169,5.664117813650524,6.847511193047143,Piccolo,Molto piccolo,1
1714,15019,Bernate Ticino,35,3018,12.1619,248.15201572122777,2.8778398112137085,11.597084161696488,Piccolo,Piccolo,0
1715,15022,Besate,8,2045,12.7426,160.48530127289564,0.6278153595027702,3.9119804400977993,Piccolo,Piccolo,1
1716,15024,Binasco,125,7199,3.8715,1859.4859873434068,32.287227172930386,17.363522711487708,Medio,Molto piccolo,3
1717,15026,Boffalora sopra Ticino,49,4073,7.6536,532.1678687153758,6.40221595066374,12.030444389884607,Piccolo,Molto piccolo,0
1718,15027,Bollate,350,36239,13.1096,2764.3101238786844,26.69799231097821,9.658103148541626,Grande,Piccolo,3
1719,15032,Bresso,249,26172,3.3824,7737.701040681173,73.61636707663197,9.513984410820724,Grande,Molto piccolo,2
1720,15035,Bubbiano,5,2438,2.949,826.7209223465582,1.69548999660902,2.050861361771944,Piccolo,Molto piccolo,1
1721,15036,Buccinasco,351,27015,12.0056,2250.199906710202,29.236356367028723,12.992781787895613,Grande,Piccolo,3
1722,15038,Buscate,32,4553,7.8322,581.3181481576057,4.085697505170961,7.028332967274324,Piccolo,Molto piccolo,1
1723,15040,Bussero,8,8380,4.5863,1827.180951965637,1.744325491136646,0.954653937947494,Medio,Molto piccolo,1
1724,15041,Busto Garolfo,89,13991,12.9872,1077.2914870025872,6.852901318221018,6.361232220713315,Medio,Piccolo,1
1725,15042,Calvignasco,6,1240,1.7272,717.9249652616952,3.473830477072718,4.838709677419355,Piccolo,Molto piccolo,1
1726,15044,Cambiago,50,7113,7.1802,990.6409292220272,6.963594328848778,7.0293828201883874,Medio,Molto piccolo,1
1727,15046,Canegrate,77,12466,5.2538,2372.75876508432,14.656058471963153,6.176800898443767,Medio,Molto piccolo,1
1728,15050,Carpiano,69,4153,17.2436,240.84297942425016,4.0014846087823885,16.614495545388877,Piccolo,Piccolo,0
1729,15051,Carugate,95,15581,5.386,2892.870404753063,17.638321574452284,6.097169629677171,Medio,Molto piccolo,3
1730,15055,Casarile,46,4025,7.3249,549.4955562533277,6.279949214323745,11.428571428571429,Piccolo,Molto piccolo,0
1731,15058,Casorezzo,29,5513,6.5951,835.9236402783885,4.397203984776576,5.260293850897877,Medio,Molto piccolo,1
1732,15059,Cassano d'Adda,187,19151,18.601,1029.5683027794205,10.053222945002958,9.764503159103963,Medio,Piccolo,1
1733,15060,Cassina de' Pecchi,39,13920,7.2095,1930.785768777308,5.409529093557112,2.8017241379310343,Medio,Molto piccolo,1
1734,15061,Cassinetta di Lugagnano,5,1853,3.3175,558.553127354936,1.5071590052750563,2.698327037236913,Piccolo,Molto piccolo,1
1735,15062,Castano Primo,113,10980,19.1729,572.683318642459,5.8937354286519,10.291438979963573,Medio,Piccolo,1
1736,15070,Cernusco sul Naviglio,407,35012,13.2206,2648.2913029665824,30.785289623768968,11.624585856277848,Grande,Piccolo,3
1737,15071,Cerro al Lambro,58,5093,9.9631,511.1862773634712,5.821481265871064,11.388179854702532,Medio,Molto piccolo,0
1738,15072,Cerro Maggiore,244,15021,10.1212,1484.11255582342,24.107813302770424,16.24392517142667,Medio,Piccolo,3
1739,15074,Cesano Boscone,225,23686,3.9388,6013.506651772113,57.12399715649436,9.499282276450224,Grande,Molto piccolo,2
1740,15076,Cesate,33,14276,5.7681,2474.991765052617,5.721121339782598,2.311571868870832,Medio,Molto piccolo,1
1741,15077,Cinisello Balsamo,1392,74636,12.7241,5865.719382903309,109.39870010452606,18.650517176697573,Grande,Piccolo,2
1742,15078,Cisliano,20,4929,14.6764,335.84530266277835,1.3627320051238725,4.057618178129438,Piccolo,Piccolo,1
1743,15081,Cologno Monzese,665,47208,8.4021,5618.595351162209,79.14687994667999,14.086595492289442,Grande,Molto piccolo,2
1744,15082,Colturano,10,2009,4.1644,482.4224378061666,2.4013063106329846,4.977600796416127,Piccolo,Molto piccolo,1
1745,15085,Corbetta,106,18600,18.6867,995.3603364960106,5.672483638095544,5.698924731182796,Medio,Piccolo,1
1746,15086,Cormano,432,20317,4.4734,4541.735592614119,96.57084097107348,21.262981739430035,Grande,Molto piccolo,2
1747,15087,Cornaredo,129,20590,11.0674,1860.4188879050184,11.655854130148002,6.265177270519669,Grande,Piccolo,1
1748,15093,Corsico,553,34601,5.3556,6460.714018970797,103.25640451116588,15.98219704632814,Grande,Molto piccolo,2
1749,15096,Cuggiono,73,8194,14.9253,549.0006901033815,4.891023966017434,8.908957773980962,Medio,Piccolo,1
1750,15097,Cusago,42,4315,11.4585,376.5763407077715,3.665401230527556,9.73348783314021,Piccolo,Piccolo,1
1751,15098,Cusano Milanino,234,18787,3.0817,6096.310477982931,75.9321153908557,12.455421301964124,Medio,Molto piccolo,2
1752,15099,Dairago,44,6332,5.6355,1123.5915180551858,7.80764794605625,6.948831332912191,Medio,Molto piccolo,1
1753,15101,Dresano,6,3006,3.479,864.041391204369,1.7246335153779822,1.996007984031936,Piccolo,Molto piccolo,1
1754,15103,Gaggiano,172,9225,26.2559,351.3496014229183,6.550908557695603,18.644986449864497,Medio,Piccolo,0
1755,15105,Garbagnate Milanese,331,26771,8.9131,3003.5565628120407,37.13634986704962,12.364125359530837,Grande,Molto piccolo,3
1756,15106,Gessate,86,8842,7.7593,1139.5357828670112,11.083474024718726,9.72630626555078,Medio,Molto piccolo,1
1757,15108,Gorgonzola,222,20899,10.5801,1975.312142607348,20.982788442453284,10.622517823819322,Grande,Piccolo,3
1758,15110,Grezzago,32,3067,2.4595,1247.0014230534662,13.010774547672291,10.4336485164656,Piccolo,Molto piccolo,3
1759,15112,Gudo Visconti,12,1614,6.1012,264.53812364780697,1.9668261981249588,7.434944237918216,Piccolo,Molto piccolo,1
1760,15113,Inveruno,98,8525,12.1348,702.5249695091802,8.075946863565942,11.495601173020528,Medio,Piccolo,0
1761,15114,Inzago,118,11255,12.2054,922.1328264538648,9.667851934389695,10.484229231452687,Medio,Piccolo,1
1762,15115,Lacchiarella,118,9060,24.0401,376.87031251949867,4.908465438995679,13.024282560706402,Medio,Piccolo,0
1763,15116,Lainate,381,26137,12.8701,2030.8311512731057,29.60349958430781,14.577036385201056,Grande,Piccolo,3
1764,15118,Legnano,1296,59855,17.697,3382.2116742950784,73.232751313782,21.652326455601035,Grande,Piccolo,2
1765,15122,Liscate,43,4042,9.4068,429.6891610324446,4.571161287579198,10.638297872340424,Piccolo,Molto piccolo,1
1766,15125,Locate di Triulzi,109,10290,12.6103,815.9996193587781,8.643727746366066,10.592808551992224,Medio,Piccolo,1
1767,15130,Magenta,369,24107,21.992,1096.1713350309203,16.77882866496908,15.306757373377028,Grande,Piccolo,3
1768,15131,Magnago,40,9268,11.23,825.2894033837933,3.561887800534283,4.315925766076823,Medio,Piccolo,1
1769,15134,Marcallo con Casone,83,6134,8.2083,747.2923747913698,10.111716189710416,13.531137919791329,Medio,Molto piccolo,0
1770,15136,Masate,9,3580,4.3852,816.3823770865639,2.052357931223205,2.5139664804469275,Piccolo,Molto piccolo,1
1771,15139,Mediglia,62,12220,21.9547,556.6006367657039,2.823996684081313,5.073649754500818,Medio,Piccolo,1
1772,15140,Melegnano,228,18011,4.9985,3603.280984295289,45.61368410523157,12.658930653489534,Medio,Molto piccolo,3
1773,15142,Melzo,132,18566,9.8204,1890.5543562380356,13.44140768196815,7.109770548314123,Medio,Molto piccolo,1
1774,15144,Mesero,41,4199,5.6397,744.5431494583045,7.2698902423887795,9.764229578471063,Piccolo,Molto piccolo,1
1775,15146,Milano,35659,1374582,181.6783,7566.021918963354,196.2755045594328,25.94170445997401,Grande,Grande,2
1776,15150,Morimondo,25,1032,26.0014,39.69017052927919,0.961486689178275,24.22480620155039,Piccolo,Piccolo,0
1777,15151,Motta Visconti,15,8053,10.5128,766.0185678411079,1.426832052355224,1.8626598783062212,Medio,Piccolo,1
1778,15154,Nerviano,217,16973,13.243,1281.6582345390018,16.386015253341387,12.78501148883521,Medio,Piccolo,3
1779,15155,Nosate,4,640,4.8763,131.24705206816645,0.8202940754260403,6.25,Molto piccolo,Molto piccolo,1
1780,15157,Novate Milanese,310,20056,5.4619,3671.982277229536,56.75680623958696,15.456721180694055,Grande,Molto piccolo,2
1781,15158,Noviglio,63,4514,15.8582,284.64769015398974,3.972708125764589,13.956579530350025,Piccolo,Piccolo,0
1782,15159,Opera,154,14100,7.6385,1845.9121555279175,20.161026379524777,10.921985815602838,Medio,Molto piccolo,3
1783,15164,Ossona,39,4276,5.9834,714.6438479794098,6.518033225256543,9.120673526660427,Piccolo,Molto piccolo,1
1784,15165,Ozzero,43,1418,10.9731,129.22510502957232,3.9186738478643215,30.32440056417489,Piccolo,Piccolo,0
1785,15166,Paderno Dugnano,604,47380,14.1139,3356.9743302701595,42.79469175777072,12.74799493457155,Grande,Piccolo,3
1786,15167,Pantigliate,19,5862,5.6921,1029.848386360043,3.337959628256707,3.2412146025247357,Medio,Molto piccolo,1
1787,15168,Parabiago,383,27919,14.3077,1951.326907888759,26.76880281247161,13.718256384540997,Grande,Piccolo,3
1788,15169,Paullo,108,11147,8.8211,1263.6745984060944,12.24337100815091,9.688705481295417,Medio,Molto piccolo,1
1789,15170,Pero,227,11451,4.9782,2300.2289984331687,45.59881081515407,19.823596192472277,Medio,Molto piccolo,3
1790,15171,Peschiera Borromeo,191,23847,23.2212,1026.9495116531446,8.225242450863865,8.009393215079465,Grande,Piccolo,1
1791,15172,Pessano con Bornago,35,9025,6.6624,1354.6169548511048,5.253362151777138,3.878116343490305,Medio,Molto piccolo,1
1792,15173,Pieve Emanuele,132,15699,12.9138,1215.676253310412,10.221623379640384,8.408178864895854,Medio,Piccolo,1
1793,15175,Pioltello,271,36147,13.0937,2760.640613424777,20.6969764085018,7.49716435665477,Grande,Piccolo,3
1794,15176,Pogliano Milanese,75,8329,4.7848,1740.7206152817257,15.674636348436715,9.004682434866131,Medio,Molto piccolo,3
1795,15177,Pozzo d'Adda,38,6345,4.1648,1523.482520169036,9.124087591240876,5.98896769109535,Medio,Molto piccolo,1
1796,15178,Pozzuolo Martesana,86,8547,12.1394,704.0710414023757,7.084369902960607,10.062010062010062,Medio,Piccolo,1
1797,15179,Pregnana Milanese,46,7330,5.0744,1444.5057543749017,9.065111146145355,6.275579809004093,Medio,Molto piccolo,1
1798,15181,Rescaldina,77,14057,8.0299,1750.5821990311213,9.589160512584217,5.477697944084797,Medio,Molto piccolo,1
1799,15182,Rho,845,50742,22.2431,2281.246768660844,37.98930904415302,16.652871388593276,Grande,Piccolo,3
1800,15183,Robecchetto con Induno,31,4775,13.928,342.834577828834,2.2257323377369325,6.492146596858639,Piccolo,Piccolo,1
1801,15184,Robecco sul Naviglio,45,6758,19.7849,341.5736243296656,2.274461837057554,6.658774785439479,Medio,Piccolo,1
1802,15185,Rodano,20,4613,13.0728,352.8700813903678,1.529894131326112,4.335573379579449,Piccolo,Piccolo,1
1803,15188,Rosate,53,5799,18.6816,310.4123843782117,2.8370161014045907,9.139506811519228,Medio,Piccolo,1
1804,15189,Rozzano,780,41844,12.2433,3417.706010634388,63.70831393496852,18.64066532836249,Grande,Piccolo,2
1805,15191,San Colombano al Lambro,42,7275,16.5504,439.566415313225,2.5377030162412995,5.77319587628866,Medio,Piccolo,1
1806,15192,San Donato Milanese,428,32545,12.8731,2528.1400750402,33.247624892217104,13.15102166231372,Grande,Piccolo,3
1807,15194,San Giorgio su Legnano,15,6681,2.168,3081.642066420664,6.918819188191882,2.2451728783116303,Medio,Molto piccolo,1
1808,15195,San Giuliano Milanese,601,39308,30.8676,1273.4388161049126,19.470253599243215,15.289508496998064,Grande,Piccolo,3
1809,15200,Santo Stefano Ticino,31,4938,4.9662,994.321614111393,6.242197253433209,6.277845281490482,Piccolo,Molto piccolo,1
1810,15201,San Vittore Olona,63,8274,3.4807,2377.108052977849,18.099807509983624,7.614213197969543,Medio,Molto piccolo,3
1811,15202,San Zenone al Lambro,51,4422,7.2355,611.1533411650888,7.048579918457605,11.533242876526458,Piccolo,Molto piccolo,0
1812,15204,Sedriano,96,12403,7.7527,1599.8297367368789,12.382782772453467,7.740062888010965,Medio,Molto piccolo,1
1813,15205,Segrate,449,36482,17.4936,2085.448392554992,25.66652947363607,12.307439285126913,Grande,Piccolo,3
1814,15206,Senago,107,21307,8.5991,2477.817446011792,12.443162656557082,5.021823813770123,Grande,Molto piccolo,1
1815,15209,Sesto San Giovanni,1018,80203,11.6992,6855.426012035011,87.0144967177243,12.692792040197997,Grande,Piccolo,2
1816,15210,Settala,51,7330,17.4236,420.6937716660162,2.9270644413324454,6.957708049113234,Medio,Piccolo,1
1817,15211,Settimo Milanese,164,20133,10.7192,1878.2185237704305,15.299649227554294,8.145830228977301,Grande,Piccolo,3
1818,15213,Solaro,182,13991,6.676,2095.7159976033554,27.26183343319353,13.008362518762064,Medio,Molto piccolo,3
1819,15219,Trezzano Rosa,37,5297,3.4356,1541.7976481546164,10.76958900919781,6.985085897677931,Medio,Molto piccolo,1
1820,15220,Trezzano sul Naviglio,328,21453,10.7662,1992.62506734038,30.465716780293885,15.28923693655899,Grande,Piccolo,3
1821,15221,Trezzo sull'Adda,170,11981,13.0534,917.8451591156328,13.023426846645318,14.18913279358985,Medio,Piccolo,0
1822,15222,Tribiano,11,3654,6.9957,522.3208542390325,1.5723944708892603,3.0103995621237,Piccolo,Molto piccolo,1
1823,15224,Truccazzano,67,5853,21.9838,266.241505108307,3.0476987599959973,11.44712113446096,Medio,Piccolo,0
1824,15226,Turbigo,34,7092,8.5193,832.4627610249669,3.990938222623925,4.794134235758602,Medio,Molto piccolo,1
1825,15229,Vanzago,48,9318,6.0535,1539.2747997026515,7.929297100850748,5.1513200257566,Medio,Molto piccolo,1
1826,15230,Vaprio d'Adda,54,9349,7.1545,1306.730030051017,7.547697253476833,5.776018825542839,Medio,Molto piccolo,1
1827,15236,Vernate,27,3304,14.6541,225.46591056427891,1.8424877679284295,8.171912832929783,Piccolo,Piccolo,1
1828,15237,Vignate,65,9301,8.5527,1087.4928385188302,7.599939200486396,6.988495860660144,Medio,Molto piccolo,1
1829,15242,Vimodrone,154,16816,4.7367,3550.1509489729137,32.512086473705324,9.157944814462416,Medio,Molto piccolo,3
1830,15243,Vittuone,64,9244,6.1334,1507.1575308964034,10.434669188378388,6.923409779316313,Medio,Molto piccolo,1
1831,15244,Vizzolo Predabissi,31,3898,5.6505,689.8504557118839,5.48624015573843,7.952796305797845,Piccolo,Molto piccolo,1
1832,15247,Zibido San Giacomo,170,6867,24.5779,279.39734476908114,6.916782963556691,24.75607980195136,Medio,Piccolo,0
1833,15248,Villa Cortese,43,6133,3.548,1728.5794813979708,12.119503945885006,7.011250611446274,Medio,Molto piccolo,1
1834,15249,Vanzaghello,36,5243,5.563,942.4770807118462,6.471328419917311,6.866297921037574,Medio,Molto piccolo,1
1835,15250,Baranzate,103,11866,2.7721,4280.509361134158,37.15594675516756,8.680262936120007,Medio,Molto piccolo,3
1836,15251,Vermezzo con Zelo,42,5796,10.7368,539.8256463750838,3.91178004619626,7.246376811594203,Medio,Piccolo,1
1837,16001,Adrara San Martino,10,2176,12.6055,172.62306136210384,0.793304509936139,4.595588235294118,Piccolo,Piccolo,1
1838,16002,Adrara San Rocco,5,791,9.2249,85.74618695053606,0.5420112955153985,6.321112515802781,Molto piccolo,Molto piccolo,1
1839,16003,Albano Sant'Alessandro,89,8287,5.3528,1548.1617097593785,16.62681213570468,10.739712803185713,Medio,Molto piccolo,3
1840,16004,Albino,210,17486,31.8094,549.71172043484,6.6018221029004005,12.00960768614892,Medio,Piccolo,0
1841,16005,Almè,70,5487,2.0003,2743.088536719492,34.99475078738189,12.757426644796793,Medio,Molto piccolo,3
1842,16006,Almenno San Bartolomeo,43,6440,10.6064,607.1805702217529,4.054155981294312,6.6770186335403725,Medio,Piccolo,1
1843,16007,Almenno San Salvatore,65,5586,4.7305,1180.8476905189725,13.74061938484304,11.63623344074472,Medio,Molto piccolo,3
1844,16008,Alzano Lombardo,88,13440,13.6844,982.1402472888836,6.430680190581977,6.547619047619048,Medio,Piccolo,1
1845,16009,Ambivere,10,2380,3.2756,726.5844425448773,3.052875809012089,4.201680672268908,Piccolo,Molto piccolo,1
1846,16010,Antegnate,23,3163,9.727,325.1773414207875,2.3645522771666494,7.271577616187164,Piccolo,Molto piccolo,1
1847,16011,Arcene,29,4803,4.3472,1104.849098270151,6.67096061832904,6.037892983551947,Piccolo,Molto piccolo,1
1848,16012,Ardesio,19,3367,54.4369,61.85142798359201,0.3490279571393668,5.643005643005643,Piccolo,Medio,1
1849,16013,Arzago d'Adda,15,2717,9.3077,291.9088496621077,1.611568916058747,5.520794994479204,Piccolo,Molto piccolo,1
1850,16014,Averara,1,170,10.6932,15.89795383982344,0.0935173755283731,5.88235294117647,Molto piccolo,Piccolo,1
1851,16015,Aviatico,3,551,8.4898,64.90141110509082,0.3533652147282621,5.44464609800363,Molto piccolo,Molto piccolo,1
1852,16016,Azzano San Paolo,69,7567,4.2922,1762.9653790596897,16.075672149480454,9.11854103343465,Medio,Molto piccolo,3
1853,16017,Azzone,1,377,17.2892,21.805520209147907,0.0578395761515859,2.6525198938992043,Molto piccolo,Piccolo,1
1854,16018,Bagnatica,69,4355,6.5491,664.9768670504344,10.53579881205051,15.843857634902411,Piccolo,Molto piccolo,0
1855,16019,Barbata,1,688,7.9806,86.20905696313561,0.1253038618650226,1.4534883720930232,Molto piccolo,Molto piccolo,1
1856,16020,Bariano,32,4228,7.0711,597.926772355079,4.525462799281582,7.568590350047303,Piccolo,Molto piccolo,1
1857,16021,Barzana,16,2013,2.0744,970.4010798303124,7.713073659853452,7.948335817188276,Piccolo,Molto piccolo,1
1858,16022,Bedulita,1,703,4.268,164.7141518275539,0.2343017806935332,1.4224751066856332,Molto piccolo,Molto piccolo,1
1859,16023,Berbenno,14,2410,6.1447,392.2079190196429,2.27838625156639,5.809128630705394,Piccolo,Molto piccolo,1
1860,16024,Bergamo,4182,119993,40.1515,2988.5060333985034,104.15551100207962,34.85203303526039,Grande,Piccolo,2
1861,16025,Berzo San Fermo,1,1390,5.8641,237.03552122235297,0.1705291519585273,0.7194244604316546,Piccolo,Molto piccolo,1
1862,16026,Bianzano,4,587,6.6704,88.00071959702566,0.5996641880546894,6.814310051107325,Molto piccolo,Molto piccolo,1
1863,16027,Blello,0,75,2.2008,34.07851690294438,0.0,0.0,Molto piccolo,Molto piccolo,1
1864,16028,Bolgare,44,6433,8.591,748.8068909323712,5.1216389244558265,6.839732628633608,Medio,Molto piccolo,1
1865,16029,Boltiere,43,6223,4.2082,1478.7795256879426,10.218145525402786,6.909850554394986,Medio,Molto piccolo,1
1866,16030,Bonate Sopra,133,10217,6.151,1661.030726711104,21.62250040643798,13.017519819907996,Medio,Molto piccolo,3
1867,16031,Bonate Sotto,46,6613,6.4678,1022.4496737685148,7.112155601595596,6.95599576591562,Medio,Molto piccolo,1
1868,16032,Borgo di Terzo,7,1159,1.8306,633.1257511198514,3.8238828799300775,6.039689387402934,Piccolo,Molto piccolo,1
1869,16033,Bossico,5,990,7.0906,139.62147067949115,0.7051589428257129,5.050505050505051,Molto piccolo,Molto piccolo,1
1870,16034,Bottanuco,30,5014,5.7727,868.5710326190517,5.196874945865885,5.983246908655763,Medio,Molto piccolo,1
1871,16035,Bracca,5,724,5.4653,132.47214242585036,0.9148628620569776,6.906077348066298,Molto piccolo,Molto piccolo,1
1872,16036,Branzi,2,677,26.1864,25.85311459383497,0.0763755231723337,2.9542097488921715,Molto piccolo,Piccolo,1
1873,16037,Brembate,49,8482,5.5323,1533.1778826166333,8.857075718959564,5.7769394010846495,Medio,Molto piccolo,1
1874,16038,Brembate di Sopra,46,7862,4.139,1899.4926310703067,11.11379560280261,5.850928516916815,Medio,Molto piccolo,1
1875,16040,Brignano Gera d'Adda,45,6053,12.1106,499.81008372830416,3.715753141875712,7.43433008425574,Medio,Piccolo,1
1876,16041,Brumano,2,114,8.1408,14.003537735849056,0.2456761006289308,17.543859649122805,Molto piccolo,Molto piccolo,0
1877,16042,Brusaporto,22,5580,4.9947,1117.1842152681843,4.404668949086031,3.942652329749104,Medio,Molto piccolo,1
1878,16043,Calcinate,61,6071,15.0832,402.5007955871433,4.044234645168134,10.047768077746666,Medio,Piccolo,1
1879,16044,Calcio,30,5389,15.6678,343.953841636988,1.914755102822349,5.566895527927259,Medio,Piccolo,1
1880,16046,Calusco d'Adda,58,8210,8.3336,985.1684746088124,6.959777287126811,7.064555420219245,Medio,Molto piccolo,1
1881,16047,Calvenzano,31,4264,6.724,634.1463414634146,4.610350981558596,7.27016885553471,Piccolo,Molto piccolo,1
1882,16048,Camerata Cornello,6,573,12.944,44.26761433868974,0.4635352286773794,10.471204188481677,Molto piccolo,Piccolo,1
1883,16049,Canonica d'Adda,28,4230,3.2052,1319.730438038188,8.735804317983277,6.619385342789598,Piccolo,Molto piccolo,1
1884,16050,Capizzone,8,1192,4.6789,254.7607343606404,1.7098035863130223,6.711409395973154,Piccolo,Molto piccolo,1
1885,16051,Capriate San Gervasio,59,8160,5.7846,1410.642049579919,10.199495211423434,7.230392156862745,Medio,Molto piccolo,1
1886,16052,Caprino Bergamasco,7,3038,8.7838,345.8639768665043,0.7969216056831896,2.304147465437788,Piccolo,Molto piccolo,1
1887,16053,Caravaggio,157,16170,33.3883,484.30138701281584,4.702245996352016,9.709338280766852,Medio,Piccolo,1
1888,16055,Carobbio degli Angeli,19,4730,6.8209,693.4568751924232,2.785556158278233,4.016913319238901,Piccolo,Molto piccolo,1
1889,16056,Carona,2,289,44.1535,6.54534748094715,0.0452965223594958,6.920415224913495,Molto piccolo,Piccolo,1
1890,16057,Carvico,20,4645,4.5891,1012.1810376762328,4.358153014752348,4.3057050592034445,Piccolo,Molto piccolo,1
1891,16058,Casazza,17,3865,7.1131,543.3636529783076,2.3899565590248977,4.3984476067270375,Piccolo,Molto piccolo,1
1892,16059,Casirate d'Adda,29,4057,10.1746,398.7380339276237,2.8502348986692354,7.148139018979541,Piccolo,Piccolo,1
1893,16060,Casnigo,72,3108,13.6219,228.16200383206453,5.285606266379873,23.16602316602317,Piccolo,Piccolo,0
1894,16061,Cassiglio,1,112,13.6773,8.188750703720764,0.0731138455689353,8.928571428571429,Molto piccolo,Piccolo,1
1895,16062,Castelli Calepio,101,10394,10.1528,1023.7569931447484,9.947994641872194,9.717144506446026,Medio,Piccolo,1
1896,16063,Castel Rozzone,8,2822,1.7066,1653.5802179772647,4.687683112621587,2.834868887313962,Piccolo,Molto piccolo,1
1897,16064,Castione della Presolana,12,3361,42.5001,79.08216686548973,0.2823522768181721,3.570365962511157,Piccolo,Piccolo,1
1898,16065,Castro,23,1258,2.5891,485.8831254103743,8.883395774593488,18.28298887122417,Piccolo,Molto piccolo,0
1899,16066,Cavernago,48,2653,7.6516,346.72486800146373,6.273197762559464,18.09272521673577,Piccolo,Molto piccolo,0
1900,16067,Cazzano Sant'Andrea,7,1646,2.0244,813.0804188895476,3.457814661134164,4.25273390036452,Piccolo,Molto piccolo,1
1901,16068,Cenate Sopra,7,2528,6.9724,362.5724284321037,1.003958464804085,2.768987341772152,Piccolo,Molto piccolo,1
1902,16069,Cenate Sotto,14,3913,4.6167,847.5751077609548,3.0324690796456344,3.5778175313059037,Piccolo,Molto piccolo,1
1903,16070,Cene,13,4105,8.5992,477.3699879058517,1.5117685366080569,3.166869671132765,Piccolo,Molto piccolo,1
1904,16071,Cerete,10,1589,14.0705,112.93131018798196,0.710706797910522,6.293266205160479,Piccolo,Piccolo,1
1905,16072,Chignolo d'Isola,17,3390,5.5456,611.2954414310444,3.065493364108482,5.014749262536873,Piccolo,Molto piccolo,1
1906,16073,Chiuduno,64,6027,6.8847,875.419408253083,9.29597513326652,10.618881699021072,Medio,Molto piccolo,1
1907,16074,Cisano Bergamasco,60,6229,7.816,796.9549641760492,7.676560900716479,9.632364745545033,Medio,Molto piccolo,1
1908,16075,Ciserano,63,5458,5.3074,1028.3754757508384,11.870218939593776,11.542689629901062,Medio,Molto piccolo,0
1909,16076,Cividate al Piano,16,5029,9.728,516.9613486842105,1.6447368421052633,3.1815470272419963,Medio,Molto piccolo,1
1910,16077,Clusone,63,8537,26.1901,325.9628638302259,2.405489097025212,7.379641560267072,Medio,Piccolo,1
1911,16078,Colere,9,1105,18.6268,59.323125818712825,0.4831747804239054,8.144796380090499,Piccolo,Piccolo,1
1912,16079,Cologno al Serio,84,11059,18.5187,597.1801476345532,4.535955547635633,7.595623474093498,Medio,Piccolo,1
1913,16080,Colzate,5,1618,6.7485,239.75698303326664,0.740905386382159,3.0902348578491963,Piccolo,Molto piccolo,1
1914,16081,Comun Nuovo,16,4393,6.4452,681.5925029479303,2.4824675727673307,3.642157978602322,Piccolo,Molto piccolo,1
1915,16082,Corna Imagna,1,930,4.5017,206.5886220761046,0.2221383033076393,1.075268817204301,Molto piccolo,Molto piccolo,1
1916,16083,Cortenuova,15,1937,7.349,263.5732752755477,2.041094026398149,7.743933918430563,Piccolo,Molto piccolo,1
1917,16084,Costa di Mezzate,33,3348,5.2228,641.0354599065635,6.318449873631002,9.85663082437276,Piccolo,Molto piccolo,1
1918,16085,Costa Valle Imagna,6,549,4.212,130.34188034188034,1.4245014245014247,10.92896174863388,Molto piccolo,Molto piccolo,1
1919,16086,Costa Volpino,120,8953,18.6664,479.6318518835984,6.428663266618095,13.403328493242489,Medio,Piccolo,0
1920,16087,Covo,40,4165,12.9435,321.78313439177964,3.0903542318538264,9.603841536614643,Piccolo,Piccolo,1
1921,16088,Credaro,18,3524,3.4135,1032.371466237,5.273180020506811,5.10783200908059,Piccolo,Molto piccolo,1
1922,16089,Curno,198,7495,4.7049,1593.0200429339625,42.08378499011668,26.417611741160773,Medio,Molto piccolo,3
1923,16090,Cusio,0,216,9.4071,22.961380234078515,0.0,0.0,Molto piccolo,Molto piccolo,1
1924,16091,Dalmine,258,23336,11.8075,1976.370950666949,21.8505187380902,11.055879328076792,Grande,Piccolo,3
1925,16092,Dossena,5,883,19.5582,45.14730394412574,0.2556472477017312,5.662514156285391,Molto piccolo,Piccolo,1
1926,16093,Endine Gaiano,36,3367,21.069,159.8082490863354,1.7086715079026058,10.692010692010692,Piccolo,Piccolo,1
1927,16094,Entratico,21,1961,4.1452,473.0772942198205,5.066100550033774,10.708822029576748,Piccolo,Molto piccolo,1
1928,16096,Fara Gera d'Adda,24,7968,10.7926,738.283638789541,2.2237458999684967,3.0120481927710845,Medio,Piccolo,1
1929,16097,Fara Olivana con Sola,13,1313,5.0407,260.4796952804174,2.579006883964529,9.9009900990099,Piccolo,Molto piccolo,1
1930,16098,Filago,30,3133,5.4233,577.6925488171408,5.531687349031032,9.575486753909992,Piccolo,Molto piccolo,1
1931,16099,Fino del Monte,3,1119,4.2877,260.9790796930756,0.6996758168715161,2.680965147453083,Piccolo,Molto piccolo,1
1932,16100,Fiorano al Serio,12,2947,1.0601,2779.9264220356567,11.319686821997925,4.071937563624025,Piccolo,Molto piccolo,1
1933,16101,Fontanella,11,4712,17.797,264.76372422318366,0.6180816991627802,2.33446519524618,Piccolo,Piccolo,1
1934,16102,Fonteno,2,553,10.929,50.59932290236984,0.1829993595022417,3.6166365280289328,Molto piccolo,Piccolo,1
1935,16103,Foppolo,0,172,16.1428,10.654904973114949,0.0,0.0,Molto piccolo,Piccolo,1
1936,16104,Foresto Sparso,10,3045,7.8683,386.9959203385738,1.2709225626882554,3.284072249589491,Piccolo,Molto piccolo,1
1937,16105,Fornovo San Giovanni,31,3393,7.0448,481.6318419259595,4.400408812173517,9.136457412319482,Piccolo,Molto piccolo,1
1938,16106,Fuipiano Valle Imagna,0,206,4.2797,48.13421501507115,0.0,0.0,Molto piccolo,Molto piccolo,1
1939,16107,Gandellino,3,972,25.1342,38.67240652179103,0.1193592793882439,3.08641975308642,Molto piccolo,Piccolo,1
1940,16108,Gandino,13,5237,29.0319,180.3877803381797,0.4477833004384832,2.4823372159633377,Medio,Piccolo,1
1941,16109,Gandosso,9,1445,3.1267,462.1485911664055,2.8784341318322832,6.228373702422146,Piccolo,Molto piccolo,1
1942,16110,Gaverina Terme,2,862,5.1962,165.8904584119164,0.3848966552480659,2.320185614849188,Molto piccolo,Molto piccolo,1
1943,16111,Gazzaniga,42,4934,14.4134,342.3203407939834,2.9139550695880225,8.512363194162951,Piccolo,Piccolo,1
1944,16113,Ghisalba,64,6133,10.5881,579.2351791161775,6.044521679999244,10.435349747268871,Medio,Piccolo,1
1945,16114,Gorlago,47,5143,5.6976,902.6607694467846,8.249087335018253,9.138635037915614,Medio,Molto piccolo,1
1946,16115,Gorle,23,6546,2.52,2597.619047619048,9.126984126984128,3.513596089214788,Medio,Molto piccolo,1
1947,16116,Gorno,6,1491,10.0,149.1,0.6,4.024144869215292,Piccolo,Piccolo,1
1948,16117,Grassobbio,65,6417,8.7413,734.1013350416986,7.435964902245661,10.129343930185446,Medio,Molto piccolo,1
1949,16118,Gromo,5,1153,20.0692,57.45121878301079,0.2491379825802722,4.336513443191674,Piccolo,Piccolo,1
1950,16119,Grone,3,865,7.7773,111.22111786866908,0.3857379810474072,3.468208092485549,Molto piccolo,Molto piccolo,1
1951,16120,Grumello del Monte,82,7396,9.9408,744.0045066795429,8.248833091904073,11.087074094104922,Medio,Molto piccolo,0
1952,16121,Isola di Fondra,2,166,12.8327,12.935703320423604,0.1558518472340193,12.048192771084338,Molto piccolo,Piccolo,0
1953,16122,Isso,6,637,5.0586,125.92416874233976,1.186098920649982,9.419152276295131,Molto piccolo,Molto piccolo,1
1954,16123,Lallio,30,4146,2.156,1923.0055658627089,13.914656771799628,7.23589001447178,Piccolo,Molto piccolo,1
1955,16124,Leffe,22,4300,6.6909,642.6639166629302,3.288047945717317,5.116279069767441,Piccolo,Molto piccolo,1
1956,16125,Lenna,7,560,12.7383,43.9619101449958,0.5495238768124475,12.5,Molto piccolo,Piccolo,0
1957,16126,Levate,46,3717,5.5314,671.9817767653759,8.316158657844307,12.375571697605595,Piccolo,Molto piccolo,0
1958,16127,Locatello,1,837,3.7896,220.86763774540847,0.2638800928857926,1.194743130227001,Molto piccolo,Molto piccolo,1
1959,16128,Lovere,53,5046,7.9247,636.7433467512966,6.687950332504701,10.503369005152596,Medio,Molto piccolo,1
1960,16129,Lurano,6,2812,4.0469,694.8528503298821,1.4826163236057228,2.1337126600284497,Piccolo,Molto piccolo,1
1961,16130,Luzzana,13,882,3.4846,253.11370028123744,3.730700797796017,14.739229024943311,Molto piccolo,Molto piccolo,0
1962,16131,Madone,24,3980,3.0689,1296.8816188210758,7.82039167128287,6.030150753768844,Piccolo,Molto piccolo,1
1963,16132,Mapello,35,6841,8.6573,790.2001778845599,4.042830905709633,5.116211080251425,Medio,Molto piccolo,1
1964,16133,Martinengo,70,10798,22.0512,489.6785662458279,3.1744304164852704,6.482681978144101,Medio,Piccolo,1
1965,16134,Mezzoldo,1,164,18.8383,8.705668770536619,0.0530833461618086,6.097560975609756,Molto piccolo,Piccolo,1
1966,16135,Misano di Gera d'Adda,8,2941,6.1053,481.7126103549375,1.310336920380653,2.720163209792588,Piccolo,Molto piccolo,1
1967,16136,Moio de' Calvi,4,203,6.3564,31.936316153797748,0.6292870178088226,19.704433497536947,Molto piccolo,Molto piccolo,0
1968,16137,Monasterolo del Castello,11,1154,8.7535,131.83298109327697,1.256640201062432,9.532062391681109,Piccolo,Molto piccolo,1
1969,16139,Montello,30,3265,1.8156,1798.303591099361,16.523463317911432,9.188361408882084,Piccolo,Molto piccolo,3
1970,16140,Morengo,15,2471,9.5662,258.3052831845456,1.5680207396876502,6.070416835289357,Piccolo,Molto piccolo,1
1971,16141,Mornico al Serio,21,2909,6.9226,420.2178372287869,3.033542310692514,7.218975592987281,Piccolo,Molto piccolo,1
1972,16142,Mozzanica,19,4424,9.4646,467.4259873634385,2.007480506307715,4.294755877034358,Piccolo,Molto piccolo,1
1973,16143,Mozzo,53,7334,3.6417,2013.8946096603236,14.55364252958783,7.226615762203436,Medio,Molto piccolo,1
1974,16144,Nembro,146,11231,15.2348,737.1937931577704,9.583322393467588,12.99973288220105,Medio,Piccolo,0
1975,16145,Olmo al Brembo,4,494,7.9033,62.50553566231827,0.5061176976705933,8.097165991902834,Molto piccolo,Molto piccolo,1
1976,16146,Oltre il Colle,4,974,32.8919,29.612153752139584,0.1216104876884582,4.106776180698152,Molto piccolo,Piccolo,1
1977,16147,Oltressenda Alta,0,147,17.3262,8.484260830418672,0.0,0.0,Molto piccolo,Piccolo,1
1978,16148,Oneta,7,572,18.6636,30.64789215371097,0.3750616172656936,12.237762237762238,Molto piccolo,Piccolo,0
1979,16149,Onore,12,914,11.782,77.57596333389917,1.0185028008827024,13.129102844638949,Molto piccolo,Piccolo,0
1980,16150,Orio al Serio,36,1752,3.0417,575.9936877404083,11.835486734391951,20.54794520547945,Piccolo,Molto piccolo,0
1981,16151,Ornica,0,144,15.0963,9.538761153395203,0.0,0.0,Molto piccolo,Piccolo,1
1982,16152,Osio Sopra,95,5255,5.1822,1014.0480876847672,18.33198255567134,18.07802093244529,Medio,Molto piccolo,3
1983,16153,Osio Sotto,180,12531,7.5856,1651.9457920269986,23.729171060957604,14.364376346660285,Medio,Molto piccolo,3
1984,16154,Pagazzano,8,2095,5.2349,400.1986666411966,1.528204932281419,3.818615751789976,Piccolo,Molto piccolo,1
1985,16155,Paladina,17,4016,2.0866,1924.6621297805043,8.14722515096329,4.233067729083665,Piccolo,Molto piccolo,1
1986,16156,Palazzago,18,4496,13.96,322.06303724928364,1.289398280802292,4.0035587188612105,Piccolo,Piccolo,1
1987,16157,Palosco,30,5732,10.7937,531.0505202108637,2.779399093915896,5.2337752965806,Medio,Piccolo,1
1988,16158,Parre,16,2684,22.2794,120.47003061123728,0.7181521944037991,5.961251862891207,Piccolo,Piccolo,1
1989,16159,Parzanica,10,361,9.8187,36.76657806023201,1.018464766211413,27.700831024930743,Molto piccolo,Molto piccolo,0
1990,16160,Pedrengo,76,5905,3.5999,1640.3233423150643,21.111697547154087,12.870448772226926,Medio,Molto piccolo,3
1991,16161,Peia,4,1727,4.4799,385.499676332061,0.8928770731489543,2.3161551823972206,Piccolo,Molto piccolo,1
1992,16162,Pianico,5,1457,2.7022,539.1902893938272,1.8503441640145064,3.431708991077557,Piccolo,Molto piccolo,1
1993,16163,Piario,4,1042,1.5451,674.3900071192803,2.5888292019933985,3.838771593090211,Piccolo,Molto piccolo,1
1994,16164,Piazza Brembana,8,1207,6.7653,178.41041786764814,1.1825048408791925,6.628003314001656,Piccolo,Molto piccolo,1
1995,16165,Piazzatorre,3,384,24.2379,15.842956691792606,0.1237730991546297,7.8125,Molto piccolo,Piccolo,1
1996,16166,Piazzolo,0,87,4.1521,20.953252570988177,0.0,0.0,Molto piccolo,Molto piccolo,1
1997,16167,Pognano,17,1590,3.2861,483.8562429627827,5.173305742369374,10.691823899371068,Piccolo,Molto piccolo,1
1998,16168,Ponte Nossa,21,1728,5.5898,309.1344949729865,3.7568428208522655,12.15277777777778,Piccolo,Molto piccolo,0
1999,16169,Ponteranica,69,6750,8.4769,796.2816595689461,8.139768075593672,10.222222222222223,Medio,Molto piccolo,1
2000,16170,Ponte San Pietro,118,11534,4.5861,2514.990950916901,25.72992302828111,10.230622507369516,Medio,Molto piccolo,3
2001,16171,Pontida,25,3313,10.3776,319.245297563984,2.409034844279988,7.5460307878056145,Piccolo,Piccolo,1
2002,16172,Pontirolo Nuovo,59,4969,11.0976,447.7544694348328,5.316464821222607,11.873616421815257,Piccolo,Piccolo,0
2003,16173,Pradalunga,26,4509,8.1982,549.9987802200483,3.171427874411456,5.766245287203371,Piccolo,Molto piccolo,1
2004,16174,Predore,23,1823,10.9556,166.39891927416116,2.099382963963635,12.616566099835437,Piccolo,Piccolo,0
2005,16175,Premolo,2,1075,17.6248,60.99359992737506,0.1134764649811629,1.86046511627907,Piccolo,Piccolo,1
2006,16176,Presezzo,55,4775,2.2818,2092.64615654308,24.10377771934437,11.518324607329845,Piccolo,Molto piccolo,3
2007,16177,Pumenengo,9,1682,10.1151,166.28604759221363,0.8897588753447816,5.35077288941736,Piccolo,Piccolo,1
2008,16178,Ranica,31,5871,4.0613,1445.5962376578927,7.633023908600694,5.280190768182592,Medio,Molto piccolo,1
2009,16179,Ranzanico,20,1212,7.2137,168.0136407114241,2.7725023219706944,16.5016501650165,Piccolo,Molto piccolo,0
2010,16180,Riva di Solto,16,899,8.5213,105.50033445601024,1.8776477767476796,17.797552836484982,Molto piccolo,Molto piccolo,0
2011,16182,Rogno,29,3849,15.8105,243.445811327915,1.8342240915847063,7.53442452585087,Piccolo,Piccolo,1
2012,16183,Romano di Lombardia,140,20482,19.3831,1056.6937177231712,7.222786860718874,6.83526999316473,Grande,Piccolo,1
2013,16184,Roncobello,1,413,25.3866,16.268425074645677,0.0393908597449047,2.4213075060532687,Molto piccolo,Piccolo,1
2014,16185,Roncola,3,814,5.0675,160.6314750863345,0.5920078934385792,3.6855036855036856,Molto piccolo,Molto piccolo,1
2015,16186,Rota d'Imagna,2,902,6.0302,149.58044509303176,0.3316639580776757,2.217294900221729,Molto piccolo,Molto piccolo,1
2016,16187,Rovetta,21,4077,24.5339,166.1782268616078,0.8559584900892235,5.15084621044886,Piccolo,Piccolo,1
2017,16188,San Giovanni Bianco,28,4632,31.026,149.29414039837556,0.9024688970540836,6.044905008635579,Piccolo,Piccolo,1
2018,16189,San Paolo d'Argon,64,5951,5.2465,1134.2799961879348,12.198608596206997,10.75449504284994,Medio,Molto piccolo,0
2019,16190,San Pellegrino Terme,26,4719,22.9533,205.59135287736405,1.132734726597047,5.5096418732782375,Piccolo,Piccolo,1
2020,16191,Santa Brigida,0,523,13.8036,37.88866672462257,0.0,0.0,Molto piccolo,Piccolo,1
2021,16193,Sarnico,47,6722,6.6621,1008.9911589438766,7.054832560303808,6.99196667658435,Medio,Molto piccolo,1
2022,16194,Scanzorosciate,38,9801,10.6892,916.9067844179172,3.5549900834487147,3.877155392306908,Medio,Piccolo,1
2023,16195,Schilpario,9,1152,63.9693,18.008638518789482,0.1406924884280428,7.8125,Piccolo,Medio,1
2024,16196,Sedrina,21,2461,5.8461,420.96440361950704,3.5921383486426848,8.533116619260463,Piccolo,Molto piccolo,1
2025,16197,Selvino,14,1974,6.5279,302.3943381485623,2.1446406960890947,7.092198581560283,Piccolo,Molto piccolo,1
2026,16198,Seriate,347,25111,12.5348,2003.302804990905,27.682930720873088,13.818645215244317,Grande,Piccolo,3
2027,16199,Serina,7,2026,27.3384,74.10821408714482,0.2560500980306089,3.455083909180652,Piccolo,Piccolo,1
2028,16200,Solto Collina,9,1769,11.757,150.4635536276261,0.7655014034192397,5.087620124364048,Piccolo,Piccolo,1
2029,16201,Songavazzo,2,692,12.9447,53.45817207042265,0.1545033874867706,2.890173410404624,Molto piccolo,Piccolo,1
2030,16202,Sorisole,56,9012,12.2515,735.5833979512713,4.5708688731992,6.213936972924989,Medio,Piccolo,1
2031,16203,Sotto il Monte Giovanni XXIII,12,4417,5.0233,879.3024505802958,2.3888678756992414,2.716776092370387,Piccolo,Molto piccolo,1
2032,16204,Sovere,23,5205,18.0243,288.7768179624174,1.2760551033882035,4.418828049951969,Medio,Piccolo,1
2033,16205,Spinone al Lago,15,976,1.9736,494.5277665180381,7.600324280502635,15.368852459016392,Molto piccolo,Molto piccolo,0
2034,16206,Spirano,21,5668,9.6107,589.7593307459395,2.1850645634553154,3.705010585744531,Medio,Molto piccolo,1
2035,16207,Stezzano,177,13346,9.3738,1423.7555740468115,18.88241694936952,13.262400719316648,Medio,Molto piccolo,3
2036,16208,Strozza,14,1065,3.825,278.4313725490196,3.660130718954248,13.145539906103286,Piccolo,Molto piccolo,0
2037,16209,Suisio,18,3743,4.5411,824.2496311466384,3.9637973178304815,4.808976756612343,Piccolo,Molto piccolo,1
2038,16210,Taleggio,10,535,47.1257,11.352616512858164,0.2121984394926759,18.69158878504673,Molto piccolo,Piccolo,0
2039,16211,Tavernola Bergamasca,24,2001,11.1708,179.12772585669782,2.148458481039854,11.994002998500749,Piccolo,Piccolo,0
2040,16212,Telgate,43,4948,8.3026,595.9578927083082,5.17910052272782,8.690379951495554,Piccolo,Molto piccolo,1
2041,16213,Terno d'Isola,47,8014,4.1331,1938.9804263143888,11.37160968764366,5.864736710756176,Medio,Molto piccolo,1
2042,16214,Torre Boldone,48,8631,3.4836,2477.6093696176367,13.778849466069584,5.561348627042058,Medio,Molto piccolo,1
2043,16215,Torre de' Busi,8,2170,8.9668,242.00383637418037,0.892180041932462,3.686635944700461,Piccolo,Molto piccolo,1
2044,16216,Torre de' Roveri,16,2467,2.6902,917.0321909151736,5.947513196044904,6.4856100526955816,Piccolo,Molto piccolo,1
2045,16217,Torre Pallavicina,9,1091,10.6241,102.6910514773016,0.8471305804726988,8.249312557286892,Piccolo,Piccolo,1
2046,16218,Trescore Balneario,79,9644,13.5138,713.6408708135388,5.845876067427371,8.19162173372045,Medio,Piccolo,1
2047,16219,Treviglio,582,30557,32.2198,948.3919825697242,18.063426836913948,19.046372353306936,Grande,Piccolo,3
2048,16220,Treviolo,131,10819,8.4874,1274.7131041308294,15.434644296250914,12.10832794158425,Medio,Molto piccolo,3
2049,16221,Ubiale Clanezzo,7,1348,7.3454,183.5162142293136,0.9529773735943584,5.192878338278931,Piccolo,Molto piccolo,1
2050,16222,Urgnano,82,9854,14.7781,666.7974908817778,5.548751192643167,8.321493809620458,Medio,Piccolo,1
2051,16223,Valbondione,3,988,96.8899,10.197141291300746,0.0309629796294557,3.0364372469635628,Molto piccolo,Medio,1
2052,16224,Valbrembo,52,4338,3.7966,1142.6012748248431,13.696465258389084,11.9870908252651,Piccolo,Molto piccolo,3
2053,16225,Valgoglio,0,586,31.8905,18.375378247440462,0.0,0.0,Molto piccolo,Piccolo,1
2054,16226,Valleve,0,134,14.764,9.07613112977513,0.0,0.0,Molto piccolo,Piccolo,1
2055,16227,Valnegra,0,207,2.2302,92.81678773204196,0.0,0.0,Molto piccolo,Molto piccolo,1
2056,16229,Valtorta,2,251,30.8975,8.123634598268469,0.0647301561615017,7.968127490039841,Molto piccolo,Piccolo,1
2057,16230,Vedeseta,2,188,19.2916,9.74517406539634,0.1036720645254929,10.638297872340424,Molto piccolo,Piccolo,1
2058,16232,Verdellino,81,7475,3.8218,1955.8846616777437,21.194201685069864,10.836120401337793,Medio,Molto piccolo,3
2059,16233,Verdello,52,8182,7.3439,1114.1219243181415,7.080706436634486,6.355414324126131,Medio,Molto piccolo,1
2060,16234,Vertova,28,4467,15.6945,284.6220013380484,1.7840644811876774,6.268188941123797,Piccolo,Piccolo,1
2061,16235,Viadanica,2,1118,5.4483,205.2016225244572,0.3670869812602096,1.7889087656529516,Piccolo,Molto piccolo,1
2062,16236,Vigano San Martino,21,1303,3.7561,346.9023721413168,5.590905460450999,16.116653875671528,Piccolo,Molto piccolo,0
2063,16237,Vigolo,3,576,12.3097,46.79236699513392,0.2437102447663225,5.208333333333333,Molto piccolo,Piccolo,1
2064,16238,Villa d'Adda,13,4537,5.9822,758.4166360201933,2.1731135702584337,2.865329512893983,Piccolo,Molto piccolo,1
2065,16239,Villa d'Almè,60,6587,6.486,1015.572001233426,9.250693802035151,9.108850766661606,Medio,Molto piccolo,1
2066,16240,Villa di Serio,66,6672,4.6029,1449.5209541810598,14.338786417258683,9.892086330935252,Medio,Molto piccolo,3
2067,16241,Villa d'Ogna,15,1758,5.1595,340.7306909584262,2.907258455276674,8.532423208191126,Piccolo,Molto piccolo,1
2068,16242,Villongo,45,8103,6.0419,1341.134411360665,7.447988215627534,5.553498704183635,Medio,Molto piccolo,1
2069,16243,Vilminore di Scalve,9,1433,41.001,34.95036706421795,0.2195068412965537,6.280530355896721,Piccolo,Piccolo,1
2070,16244,Zandobbio,6,2663,6.4317,414.0429435452524,0.9328793320583982,2.253098009763425,Piccolo,Molto piccolo,1
2071,16245,Zanica,108,8602,14.9523,575.2961082910322,7.222969041552136,12.555219716345036,Medio,Piccolo,0
2072,16246,Zogno,60,8668,35.2123,246.16398247203392,1.7039500401848218,6.92201199815413,Medio,Piccolo,1
2073,16247,Costa Serina,3,874,12.297,71.07424575099617,0.2439619419370578,3.432494279176201,Molto piccolo,Piccolo,1
2074,16248,Algua,2,657,8.3232,78.93598615916954,0.2402921953094963,3.0441400304414,Molto piccolo,Molto piccolo,1
2075,16249,Cornalba,5,290,9.2506,31.349317882083323,0.5405054807255746,17.241379310344826,Molto piccolo,Molto piccolo,0
2076,16250,Medolago,9,2351,3.7995,618.7656270561915,2.368732727990525,3.828158230540196,Piccolo,Molto piccolo,1
2077,16251,Solza,8,2011,1.2277,1638.0223181559013,6.516249898183595,3.978120338140229,Piccolo,Molto piccolo,1
2078,16252,Sant'Omobono Terme,19,3835,16.4334,233.36619324059535,1.1561819221828715,4.9543676662320735,Piccolo,Piccolo,1
2079,16253,Val Brembilla,13,4190,31.4376,133.27989413950175,0.4135175713158765,3.102625298329356,Piccolo,Piccolo,1
2080,17001,Acquafredda,13,1513,9.5463,158.49072415490818,1.3617841467374794,8.592200925313946,Piccolo,Molto piccolo,1
2081,17002,Adro,64,7131,14.2895,499.03775499492633,4.478813114524651,8.974898331229841,Medio,Piccolo,1
2082,17003,Agnosine,9,1636,13.5546,120.69703274165228,0.6639812314638572,5.501222493887531,Piccolo,Piccolo,1
2083,17004,Alfianello,13,2396,13.7523,174.22540229634316,0.945296423143765,5.425709515859766,Piccolo,Piccolo,1
2084,17005,Anfo,11,444,23.8313,18.630960123870707,0.4615778409067067,24.774774774774777,Molto piccolo,Piccolo,0
2085,17006,Angolo Terme,6,2338,30.5601,76.50498525855609,0.196334436078416,2.5662959794696323,Piccolo,Piccolo,1
2086,17007,Artogne,30,3593,21.0191,170.9397643096041,1.4272732895319018,8.349568605622043,Piccolo,Piccolo,1
2087,17008,Azzano Mella,36,3356,10.5695,317.5173849283315,3.406026775154927,10.72705601907032,Piccolo,Piccolo,1
2088,17009,Bagnolo Mella,99,12554,31.3457,400.5015041935577,3.1583279365271792,7.885932770431734,Medio,Piccolo,1
2089,17010,Bagolino,23,3746,109.1983,34.30456334942943,0.2106259895987391,6.139882541377469,Piccolo,Grande,1
2090,17011,Barbariga,9,2300,11.3363,202.88806753526285,0.7939098294858111,3.91304347826087,Piccolo,Piccolo,1
2091,17012,Barghe,7,1143,5.4918,208.12848246476565,1.2746276266433594,6.124234470691163,Piccolo,Molto piccolo,1
2092,17013,Bassano Bresciano,23,2326,9.4204,246.9109591949386,2.441509914653305,9.888220120378332,Piccolo,Molto piccolo,1
2093,17014,Bedizzole,113,12314,26.4434,465.6738543455078,4.273278020224328,9.176547019652428,Medio,Piccolo,1
2094,17015,Berlingo,5,2744,4.5925,597.4959172563963,1.0887316276537833,1.8221574344023324,Piccolo,Molto piccolo,1
2095,17016,Berzo Demo,26,1551,15.4633,100.30200539341536,1.6814004772590585,16.763378465506126,Piccolo,Piccolo,0
2096,17017,Berzo Inferiore,17,2440,21.9148,111.34028145362952,0.77573146914414,6.967213114754099,Piccolo,Piccolo,1
2097,17018,Bienno,21,3760,46.8065,80.33072329697798,0.4486556354352494,5.585106382978724,Piccolo,Piccolo,1
2098,17019,Bione,1,1313,17.287,75.9530282871522,0.0578469370046856,0.7616146230007617,Piccolo,Piccolo,1
2099,17020,Borgo San Giacomo,33,5334,29.5299,180.6304796155761,1.1175114036959148,6.186726659167604,Medio,Piccolo,1
2100,17021,Borgosatollo,36,9130,8.4199,1084.3359184788417,4.275585220727087,3.943044906900329,Medio,Molto piccolo,1
2101,17022,Borno,11,2519,30.496,82.60099685204618,0.3607030430220357,4.366812227074235,Piccolo,Piccolo,1
2102,17023,Botticino,37,10641,18.4824,575.7369172834698,2.0019045145652083,3.477116812329668,Medio,Piccolo,1
2103,17024,Bovegno,9,2040,47.9887,42.51000756428076,0.1875441510188857,4.411764705882353,Piccolo,Piccolo,1
2104,17025,Bovezzo,21,7402,6.4114,1154.5060361231556,3.275415665845213,2.837071061875169,Medio,Molto piccolo,1
2105,17026,Brandico,11,1707,8.3802,203.69442256748047,1.3126178372831196,6.444053895723492,Piccolo,Molto piccolo,1
2106,17027,Braone,10,686,13.3567,51.35999161469525,0.7486879244124671,14.57725947521866,Molto piccolo,Piccolo,0
2107,17028,Breno,36,4694,59.9347,78.31857004373093,0.6006537114559679,7.669365146996165,Piccolo,Medio,1
2108,17029,Brescia,3858,197304,90.3337,2184.16825614361,42.708313730091874,19.55358228925921,Grande,Medio,3
2109,17030,Brione,2,747,6.8968,108.3111008003712,0.2899895603758264,2.677376171352075,Molto piccolo,Molto piccolo,1
2110,17031,Caino,14,2114,17.3082,122.13863948879722,0.8088651621774651,6.622516556291391,Piccolo,Piccolo,1
2111,17032,Calcinato,240,13004,33.2958,390.5597703013593,7.208116338997711,18.45585973546601,Medio,Piccolo,0
2112,17033,Calvagese della Riviera,33,3585,11.7369,305.4469238044117,2.8116453237226184,9.205020920502092,Piccolo,Piccolo,1
2113,17034,Calvisano,39,8369,44.8271,186.69510184687388,0.8700094362561932,4.660054964750866,Medio,Piccolo,1
2114,17035,Capo di Ponte,11,2379,18.1074,131.3827495940886,0.6074864420071353,4.623791509037411,Piccolo,Piccolo,1
2115,17036,Capovalle,5,346,22.9465,15.078552284662148,0.2178981544026322,14.45086705202312,Molto piccolo,Piccolo,0
2116,17037,Capriano del Colle,44,4643,13.9676,332.4121538417481,3.1501474841776687,9.4766314882619,Piccolo,Piccolo,1
2117,17038,Capriolo,84,9432,10.6009,889.7357771509967,7.923855521700988,8.905852417302798,Medio,Piccolo,1
2118,17039,Carpenedolo,118,12968,29.8418,434.55823710366,3.9541850692652583,9.099321406539172,Medio,Piccolo,1
2119,17040,Castegnato,102,8364,9.2048,908.6563532070224,11.081175039110027,12.195121951219512,Medio,Molto piccolo,0
2120,17041,Castelcovati,18,6683,6.1396,1088.507394618542,2.931787087106652,2.6934011671405056,Medio,Molto piccolo,1
2121,17042,Castel Mella,56,10999,7.5285,1460.9816032410174,7.438400743840074,5.0913719429039,Medio,Molto piccolo,1
2122,17043,Castenedolo,201,11530,26.195,440.1603359419736,7.673220080167971,17.43278404163053,Medio,Piccolo,0
2123,17044,Casto,10,1637,21.3362,76.72406520373825,0.468687020181663,6.108735491753207,Piccolo,Piccolo,1
2124,17045,Castrezzato,35,7459,13.6321,547.1644134065918,2.5674694287747304,4.692318005094517,Medio,Piccolo,1
2125,17046,Cazzago San Martino,109,10839,22.3415,485.1509522637244,4.878812971376139,10.056278254451517,Medio,Piccolo,1
2126,17047,Cedegolo,10,1096,11.083,98.89019218623116,0.9022827754218172,9.124087591240874,Piccolo,Piccolo,1
2127,17048,Cellatica,25,4901,6.5461,748.690059730221,3.819067841921144,5.100999795960008,Piccolo,Molto piccolo,1
2128,17049,Cerveno,6,652,21.5525,30.25171093840622,0.2783899779607934,9.202453987730062,Molto piccolo,Piccolo,1
2129,17050,Ceto,22,1793,32.3011,55.50894551578739,0.6810913560219312,12.269938650306749,Piccolo,Piccolo,0
2130,17051,Cevo,2,831,35.4688,23.42904186214363,0.0563875857091302,2.406738868832732,Molto piccolo,Piccolo,1
2131,17052,Chiari,179,19094,37.9592,503.0137621446184,4.71558936963898,9.374672672043577,Medio,Piccolo,1
2132,17053,Cigole,9,1477,9.9309,148.7277084654966,0.9062622723016042,6.093432633716994,Piccolo,Molto piccolo,1
2133,17054,Cimbergo,3,534,24.713,21.608060534941124,0.1213935985109051,5.617977528089887,Molto piccolo,Piccolo,1
2134,17055,Cividate Camuno,20,2725,3.3068,824.0595137292851,6.04814322003145,7.339449541284404,Piccolo,Molto piccolo,1
2135,17056,Coccaglio,28,8716,12.0465,723.5296559166563,2.324326567882788,3.212482790270766,Medio,Piccolo,1
2136,17057,Collebeato,5,4538,5.2698,861.1332498387036,0.9488026111047856,1.1018069634200087,Piccolo,Molto piccolo,1
2137,17058,Collio,22,2056,53.4749,38.44794473668955,0.411407968972359,10.700389105058363,Piccolo,Medio,1
2138,17059,Cologne,52,7517,13.7875,545.2039891205802,3.771532184950136,6.917653319143275,Medio,Piccolo,1
2139,17060,Comezzano-Cizzago,16,4009,15.437,259.7007190516292,1.0364708168685626,3.991020204539786,Piccolo,Piccolo,1
2140,17061,Concesio,103,15644,19.0748,820.1396607041752,5.3997944932581206,6.58399386346203,Medio,Piccolo,1
2141,17062,Corte Franca,37,7070,13.9733,505.96494743546623,2.647907079931011,5.233380480905233,Medio,Piccolo,1
2142,17063,Corteno Golgi,25,1909,82.6046,23.110093142512643,0.3026465838464202,13.095861707700369,Piccolo,Medio,0
2143,17064,Corzano,4,1417,12.296,115.24072869225763,0.3253090435914119,2.8228652081863093,Piccolo,Piccolo,1
2144,17065,Darfo Boario Terme,197,15544,36.0712,430.9255028942758,5.461420745636408,12.673700463201236,Medio,Piccolo,0
2145,17066,Dello,38,5546,23.3209,237.8124343400126,1.62943968714758,6.851785070320952,Medio,Piccolo,1
2146,17067,Desenzano del Garda,548,29208,59.2622,492.8605417956134,9.24704111558464,18.76198301835113,Grande,Medio,0
2147,17068,Edolo,43,4443,88.9031,49.97576012534997,0.4836726728314311,9.678145397254108,Piccolo,Medio,1
2148,17069,Erbusco,129,8708,16.2398,536.2135001662582,7.943447579403688,14.813964170877355,Medio,Piccolo,0
2149,17070,Esine,68,5157,30.3061,170.16376241086778,2.2437727058249,13.185960829939887,Medio,Piccolo,0
2150,17071,Fiesse,5,1985,16.0159,123.93933528556,0.3121897614245843,2.5188916876574305,Piccolo,Piccolo,1
2151,17072,Flero,54,8871,9.8367,901.826832169325,5.489645917838299,6.08725059181603,Medio,Molto piccolo,1
2152,17073,Gambara,23,4560,31.5861,144.36730080636735,0.7281684031900109,5.043859649122807,Piccolo,Piccolo,1
2153,17074,Gardone Riviera,45,2642,21.393,123.49834057869396,2.103491796381994,17.032551097653293,Piccolo,Piccolo,0
2154,17075,Gardone Val Trompia,55,11407,26.6562,427.9304627066124,2.063309849115778,4.821600771456123,Medio,Piccolo,1
2155,17076,Gargnano,33,2761,76.7514,35.97328517785994,0.4299595837991228,11.95219123505976,Piccolo,Medio,0
2156,17077,Gavardo,75,12258,29.7959,411.3988837390379,2.517124839323531,6.118453255017132,Medio,Piccolo,1
2157,17078,Ghedi,198,18521,60.8401,304.4209329044496,3.2544325206566063,10.690567463959828,Medio,Medio,1
2158,17079,Gianico,19,2134,13.3811,159.47866767306127,1.419913161100358,8.903467666354265,Piccolo,Piccolo,1
2159,17080,Gottolengo,34,4959,29.2837,169.3433548356253,1.1610554677175358,6.856221012300867,Piccolo,Piccolo,1
2160,17081,Gussago,58,16488,25.0891,657.1778182557366,2.3117608842086805,3.517709849587579,Medio,Piccolo,1
2161,17082,Idro,14,1878,22.8902,82.04384409048414,0.6116154511537688,7.454739084132056,Piccolo,Piccolo,1
2162,17083,Incudine,4,346,19.6657,17.59408513299806,0.2033998281271452,11.560693641618496,Molto piccolo,Piccolo,1
2163,17084,Irma,1,132,4.9347,26.749346464830687,0.2026465641275052,7.575757575757576,Molto piccolo,Molto piccolo,1
2164,17085,Iseo,131,8994,28.4194,316.4739579301463,4.609527294735287,14.565265732710698,Medio,Piccolo,0
2165,17086,Isorella,30,4075,15.3283,265.84813710587605,1.9571641995524616,7.361963190184049,Piccolo,Piccolo,1
2166,17087,Lavenone,11,486,31.8235,15.27173315317297,0.3456565116973306,22.63374485596708,Molto piccolo,Piccolo,0
2167,17088,Leno,122,14187,58.4516,242.71362973810807,2.087196928741044,8.599422006061888,Medio,Medio,1
2168,17089,Limone sul Garda,9,1164,23.0259,50.551769963389056,0.3908642007478535,7.731958762886598,Piccolo,Piccolo,1
2169,17090,Lodrino,11,1631,16.4987,98.85627352458071,0.6667191960578712,6.7443286327406495,Piccolo,Piccolo,1
2170,17091,Lograto,25,3795,12.4335,305.2237905658101,2.010696907548156,6.587615283267457,Piccolo,Piccolo,1
2171,17092,Lonato del Garda,352,16821,68.1954,246.65886555398163,5.161638468283784,20.926223173414183,Medio,Medio,0
2172,17093,Longhena,7,562,3.4707,161.92698879188637,2.016884202034172,12.455516014234876,Molto piccolo,Molto piccolo,0
2173,17094,Losine,4,607,6.2553,97.03771202020688,0.6394577398366186,6.589785831960461,Molto piccolo,Molto piccolo,1
2174,17095,Lozio,4,377,23.7425,15.87869853637991,0.1684742550279035,10.610079575596815,Molto piccolo,Piccolo,1
2175,17096,Lumezzane,81,21669,31.7179,683.1788989813323,2.553763017097601,3.7380589782638793,Grande,Piccolo,1
2176,17097,Maclodio,10,1476,5.0958,289.65030024726246,1.962400408179285,6.775067750677507,Piccolo,Molto piccolo,1
2177,17098,Magasa,0,106,19.1109,5.546572898188991,0.0,0.0,Molto piccolo,Piccolo,1
2178,17099,Mairano,14,3486,11.5281,302.3915476097536,1.214423885982946,4.016064257028112,Piccolo,Piccolo,1
2179,17100,Malegno,16,1978,6.8941,286.91199721500993,2.3208250533064505,8.088978766430738,Piccolo,Molto piccolo,1
2180,17101,Malonno,20,3068,31.4567,97.53089167013704,0.6357946001964605,6.51890482398957,Piccolo,Piccolo,1
2181,17102,Manerba del Garda,91,5412,36.6294,147.7501678979181,2.484343177884432,16.81448632668145,Medio,Piccolo,0
2182,17103,Manerbio,159,13216,27.8839,473.96526310881904,5.702215256832796,12.03087167070218,Medio,Piccolo,0
2183,17104,Marcheno,38,4172,22.7392,183.47171404446945,1.6711229946524064,9.108341323106425,Piccolo,Piccolo,1
2184,17105,Marmentino,1,656,18.0348,36.37412114356688,0.0554483554017787,1.524390243902439,Molto piccolo,Piccolo,1
2185,17106,Marone,57,3117,23.9307,130.2511000513984,2.3818776717772567,18.28681424446583,Piccolo,Piccolo,0
2186,17107,Mazzano,133,12470,15.7265,792.929132356214,8.45706291927638,10.66559743384122,Medio,Piccolo,1
2187,17108,Milzano,17,1764,8.4888,207.80322307039864,2.0026387710866085,9.63718820861678,Piccolo,Molto piccolo,1
2188,17109,Moniga del Garda,32,2579,14.6529,176.00611483051136,2.1838680397736967,12.40791004265219,Piccolo,Piccolo,0
2189,17110,Monno,13,528,31.0259,17.0180397667755,0.4190047669850028,24.62121212121212,Molto piccolo,Piccolo,0
2190,17111,Monte Isola,3,1644,12.6051,130.42340005235977,0.237998905205036,1.8248175182481752,Piccolo,Piccolo,1
2191,17112,Monticelli Brusati,14,4563,10.8908,418.9774855841628,1.285488669335586,3.0681569143107605,Piccolo,Piccolo,1
2192,17113,Montichiari,376,26011,81.6613,318.5229723259365,4.604384206472344,14.455422705778323,Grande,Medio,0
2193,17114,Montirone,44,5077,10.5181,482.6917409037754,4.183265038362442,8.666535355524916,Medio,Piccolo,1
2194,17115,Mura,2,776,12.5067,62.04674294578106,0.1599142859427346,2.577319587628866,Molto piccolo,Piccolo,1
2195,17116,Muscoline,9,2653,10.078,263.2466759277635,0.8930343322087716,3.392385978137957,Piccolo,Piccolo,1
2196,17117,Nave,61,10640,27.2115,391.0111533726549,2.241699281553754,5.733082706766917,Medio,Piccolo,1
2197,17118,Niardo,7,1987,22.1574,89.67658660312131,0.3159215431413433,3.5228988424760947,Piccolo,Piccolo,1
2198,17119,Nuvolento,27,3888,7.4576,521.3473503540013,3.6204677107916754,6.944444444444444,Piccolo,Molto piccolo,1
2199,17120,Nuvolera,26,4705,13.3116,353.4511253342949,1.9531836894137444,5.526036131774708,Piccolo,Piccolo,1
2200,17121,Odolo,14,1897,6.5439,289.8882929140115,2.139396995675362,7.380073800738007,Piccolo,Molto piccolo,1
2201,17122,Offlaga,27,4078,23.0333,177.04801309408552,1.1722158787494628,6.620892594409025,Piccolo,Piccolo,1
2202,17123,Ome,19,3185,9.8482,323.4093539936232,1.929286570134644,5.965463108320251,Piccolo,Molto piccolo,1
2203,17124,Ono San Pietro,3,973,13.7797,70.61111635231536,0.2177115612096054,3.083247687564234,Molto piccolo,Piccolo,1
2204,17125,Orzinuovi,92,12349,47.8684,257.9781233548646,1.92193597446332,7.449995951089157,Medio,Piccolo,1
2205,17126,Orzivecchi,14,2416,9.9376,243.11705039446144,1.4087908549347932,5.794701986754967,Piccolo,Molto piccolo,1
2206,17127,Ospitaletto,84,14620,9.2903,1573.6843804828693,9.041688642993227,5.745554035567715,Medio,Molto piccolo,1
2207,17128,Ossimo,9,1454,14.8578,97.86105614559357,0.6057424383152284,6.189821182943604,Piccolo,Piccolo,1
2208,17129,Padenghe sul Garda,98,4696,26.8091,175.16440313177242,3.6554751931247225,20.868824531516186,Piccolo,Piccolo,0
2209,17130,Paderno Franciacorta,12,3620,5.608,645.506419400856,2.1398002853067046,3.314917127071823,Piccolo,Molto piccolo,1
2210,17131,Paisco Loveno,1,173,35.8656,4.823563526052819,0.0278818700927908,5.780346820809248,Molto piccolo,Piccolo,1
2211,17132,Paitone,11,2148,8.0034,268.3859359772097,1.3744158732538672,5.121042830540037,Piccolo,Molto piccolo,1
2212,17133,Palazzolo sull'Oglio,222,19940,23.0393,865.4776837837954,9.635709418254894,11.133400200601804,Medio,Piccolo,0
2213,17134,Paratico,46,4846,6.1816,783.9394331564642,7.441439109615633,9.49236483697895,Piccolo,Molto piccolo,1
2214,17135,Paspardo,0,587,11.1537,52.62827581878659,0.0,0.0,Molto piccolo,Piccolo,1
2215,17136,Passirano,59,6933,13.3907,517.7473918465801,4.406042999992532,8.510024520409635,Medio,Piccolo,1
2216,17137,Pavone del Mella,20,2731,11.6134,235.15938484853703,1.7221485525341416,7.3233247894544125,Piccolo,Piccolo,1
2217,17138,San Paolo,20,4442,18.8177,236.05435308247024,1.0628291449008116,4.502476361999099,Piccolo,Piccolo,1
2218,17139,Pertica Alta,0,556,20.9152,26.583537331701347,0.0,0.0,Molto piccolo,Piccolo,1
2219,17140,Pertica Bassa,0,585,30.1258,19.418571457023543,0.0,0.0,Molto piccolo,Piccolo,1
2220,17141,Pezzaze,13,1450,21.4894,67.4751272720504,0.6049494169218312,8.96551724137931,Piccolo,Piccolo,1
2221,17142,Pian Camuno,36,4701,10.945,429.5111923252626,3.2891731384193696,7.657945118059987,Piccolo,Piccolo,1
2222,17143,Pisogne,95,7882,49.2273,160.11440806219312,1.9298234922492197,12.052778482618624,Medio,Piccolo,0
2223,17144,Polaveno,12,2448,9.2011,266.0551455804197,1.3041918901000966,4.901960784313726,Piccolo,Molto piccolo,1
2224,17145,Polpenazze del Garda,14,2691,9.1195,295.08196721311475,1.535171884423488,5.202526941657376,Piccolo,Molto piccolo,1
2225,17146,Pompiano,21,3759,15.2734,246.1141592572708,1.374939437191457,5.58659217877095,Piccolo,Piccolo,1
2226,17147,Poncarale,47,5182,12.6432,409.86459124272335,3.717413313085295,9.069857197993054,Medio,Piccolo,1
2227,17148,Ponte di Legno,33,1746,100.426,17.385935913010574,0.3286001633043235,18.900343642611684,Piccolo,Grande,0
2228,17149,Pontevico,61,7002,29.207,239.7370493374876,2.088540418392851,8.711796629534419,Medio,Piccolo,1
2229,17150,Pontoglio,30,6872,11.0859,619.886522519597,2.706140232186832,4.365541327124563,Medio,Piccolo,1
2230,17151,Pozzolengo,33,3553,21.3264,166.60102033160777,1.5473778978167905,9.287925696594426,Piccolo,Piccolo,1
2231,17152,Pralboino,20,2816,17.1622,164.0815280092296,1.1653517614291875,7.102272727272727,Piccolo,Piccolo,1
2232,17153,Preseglie,7,1497,11.4524,130.71495930983895,0.6112255946351856,4.676018704074816,Piccolo,Piccolo,1
2233,17155,Prevalle,44,6838,9.9891,684.5461553092871,4.404801233344345,6.434630008774495,Medio,Molto piccolo,1
2234,17156,Provaglio d'Iseo,54,7202,16.1597,445.6765905307648,3.341646193926868,7.497917245209664,Medio,Piccolo,1
2235,17157,Provaglio Val Sabbia,1,892,14.8506,60.06491320216018,0.067337346639193,1.1210762331838564,Molto piccolo,Piccolo,1
2236,17158,Puegnago del Garda,31,3483,10.9716,317.45597725035543,2.825476685260126,8.900373241458512,Piccolo,Piccolo,1
2237,17159,Quinzano d'Oglio,18,6185,21.4527,288.30869773967845,0.8390552238179809,2.9102667744543247,Medio,Piccolo,1
2238,17160,Remedello,19,3356,21.4624,156.36648277918593,0.8852691218130312,5.66150178784267,Piccolo,Piccolo,1
2239,17161,Rezzato,318,13341,18.2064,732.7643026628,17.466385446875826,23.836294130874744,Medio,Piccolo,3
2240,17162,Roccafranca,27,4792,19.1322,250.46779774411723,1.4112334180073385,5.634390651085142,Piccolo,Piccolo,1
2241,17163,Rodengo Saiano,62,9753,12.8593,758.4394173866385,4.821413296213636,6.357018353327182,Medio,Piccolo,1
2242,17164,Roè Volciano,45,4341,5.8207,745.7865892418437,7.731028914048138,10.366275051831376,Piccolo,Molto piccolo,1
2243,17165,Roncadelle,182,9351,9.3899,995.8572508759412,19.38252803544233,19.463159020425625,Medio,Molto piccolo,3
2244,17166,Rovato,263,19189,26.0941,735.3769626084057,10.078906726041518,13.705768930116212,Medio,Piccolo,0
2245,17167,Rudiano,10,5854,9.8454,594.5923984805087,1.0157027647429258,1.7082336863682952,Medio,Molto piccolo,1
2246,17168,Sabbio Chiese,15,3946,18.4472,213.9078017260072,0.8131315321566417,3.801317790167258,Piccolo,Piccolo,1
2247,17169,Sale Marasino,28,3299,16.5869,198.89189661721,1.6880791467965683,8.487420430433463,Piccolo,Piccolo,1
2248,17170,Salò,199,10494,27.3048,384.3280302364419,7.288095865928335,18.963217076424623,Medio,Piccolo,0
2249,17171,San Felice del Benaco,20,3471,20.2166,171.69059090054708,0.9892860322705104,5.762028233938346,Piccolo,Piccolo,1
2250,17172,San Gervasio Bresciano,13,2642,10.5028,251.55196709448907,1.2377651673839356,4.920514761544285,Piccolo,Piccolo,1
2251,17173,San Zeno Naviglio,51,4735,6.2531,757.2244166893221,8.155954646495339,10.770855332629356,Piccolo,Molto piccolo,1
2252,17174,Sarezzo,77,13199,17.679,746.5920018100572,4.355449968889643,5.833775286006516,Medio,Piccolo,1
2253,17175,Saviore dell'Adamello,1,853,84.2677,10.122502453490483,0.0118669430873276,1.1723329425556857,Molto piccolo,Medio,1
2254,17176,Sellero,9,1407,14.4711,97.22826875634888,0.6219292244542571,6.3965884861407245,Piccolo,Piccolo,1
2255,17177,Seniga,9,1442,13.5719,106.24894082626604,0.6631348595259323,6.2413314840499305,Piccolo,Piccolo,1
2256,17178,Serle,6,3039,18.4273,164.9183548322326,0.3256038594910811,1.974333662388944,Piccolo,Piccolo,1
2257,17179,Sirmione,109,8349,26.248,318.0813776287717,4.152697348369399,13.05545574320278,Medio,Piccolo,0
2258,17180,Soiano del Lago,15,1920,5.7734,332.5596702116604,2.5981224235285967,7.8125,Piccolo,Molto piccolo,1
2259,17181,Sonico,21,1226,60.892,20.13400775142876,0.3448728897063653,17.128874388254488,Piccolo,Medio,0
2260,17182,Sulzano,26,1915,10.4396,183.43614697881145,2.490516878041304,13.577023498694516,Piccolo,Piccolo,0
2261,17183,Tavernole sul Mella,22,1213,19.8075,61.23942950902436,1.110690395052379,18.136850783182197,Piccolo,Piccolo,0
2262,17184,Temù,16,1103,43.257,25.498763205955107,0.3698823311833923,14.505893019038984,Piccolo,Piccolo,0
2263,17185,Tignale,23,1203,45.8569,26.233783792624447,0.5015602886370426,19.118869492934333,Piccolo,Piccolo,0
2264,17186,Torbole Casaglia,31,6409,13.4393,476.884956805786,2.306667757993348,4.836948041816196,Medio,Piccolo,1
2265,17187,Toscolano-Maderno,69,7593,58.1706,130.52985528772265,1.1861662076719168,9.087317265902806,Medio,Medio,1
2266,17188,Travagliato,116,13743,17.7358,774.8734198626506,6.540443622503636,8.440660699992725,Medio,Piccolo,1
2267,17189,Tremosine sul Garda,18,2066,72.6815,28.425390229975992,0.2476558684121819,8.712487899322364,Piccolo,Medio,1
2268,17190,Trenzano,31,5427,20.1018,269.97582306062145,1.542150454188182,5.712179841533075,Medio,Piccolo,1
2269,17191,Treviso Bresciano,3,520,17.7332,29.323528748336454,0.1691742043173257,5.769230769230769,Molto piccolo,Piccolo,1
2270,17192,Urago d'Oglio,23,3707,10.6801,347.09412833213173,2.1535378882220204,6.204478014567036,Piccolo,Piccolo,1
2271,17193,Vallio Terme,20,1407,14.8574,94.70028403354556,1.34613054774052,14.214641080312722,Piccolo,Piccolo,0
2272,17194,Valvestino,7,171,31.1204,5.494787984730273,0.2249328414801866,40.93567251461988,Molto piccolo,Piccolo,0
2273,17195,Verolanuova,55,8048,25.7595,312.4284244647606,2.135134610532037,6.833996023856859,Medio,Piccolo,1
2274,17196,Verolavecchia,18,3754,21.0635,178.2229923801837,0.8545588340019464,4.794885455514118,Piccolo,Piccolo,1
2275,17197,Vestone,16,4216,12.9638,325.2132862278036,1.2342060198398617,3.795066413662239,Piccolo,Piccolo,1
2276,17198,Vezza d'Oglio,12,1465,54.1472,27.055877312215596,0.2216181076768512,8.19112627986348,Piccolo,Medio,1
2277,17199,Villa Carcina,45,10594,14.2195,745.0332290164914,3.164668237279792,4.247687370209552,Medio,Piccolo,1
2278,17200,Villachiara,1,1360,16.865,80.64037948413876,0.0592943966795137,0.7352941176470588,Piccolo,Piccolo,1
2279,17201,Villanuova sul Clisi,56,5784,9.1011,635.5275735900055,6.153102372240718,9.681881051175658,Medio,Molto piccolo,1
2280,17202,Vione,7,634,35.2649,17.978216300060403,0.1984976563098151,11.041009463722398,Molto piccolo,Piccolo,1
2281,17203,Visano,16,2000,11.2237,178.194356584727,1.425554852677816,8.0,Piccolo,Piccolo,1
2282,17204,Vobarno,59,8199,53.2214,154.05457203305437,1.108576625192122,7.195999512135626,Medio,Medio,1
2283,17205,Zone,5,1022,19.6815,51.92693646317608,0.2540456774127988,4.892367906066536,Piccolo,Piccolo,1
2284,17206,Piancogno,20,4709,14.3021,329.2523475573517,1.3983960397424156,4.247186239116585,Piccolo,Piccolo,1
2285,18001,Alagna,4,808,8.3442,96.83372881762182,0.4793748951367416,4.950495049504951,Molto piccolo,Molto piccolo,1
2286,18002,Albaredo Arnaboldi,2,236,8.757,26.949868676487384,0.2283887175973507,8.474576271186441,Molto piccolo,Molto piccolo,1
2287,18003,Albonese,6,510,4.3279,117.840060999561,1.3863536588183647,11.76470588235294,Molto piccolo,Molto piccolo,0
2288,18004,Albuzzano,37,3571,15.4488,231.15063953187305,2.395008026513386,10.361243349201905,Piccolo,Piccolo,1
2289,18005,Arena Po,41,1538,22.4871,68.39476855619444,1.823267562291269,26.657997399219767,Piccolo,Piccolo,0
2290,18006,Badia Pavese,3,385,5.0572,76.12908328719449,0.5932136360041129,7.792207792207792,Molto piccolo,Molto piccolo,1
2291,18007,Bagnaria,11,633,16.6641,37.98584982087241,0.6601016556549708,17.377567140600316,Molto piccolo,Piccolo,0
2292,18008,Barbianello,6,867,11.7124,74.02411119838803,0.512277586148014,6.920415224913495,Molto piccolo,Piccolo,1
2293,18009,Bascapè,7,1777,13.338,133.22837007047534,0.5248163142899985,3.939223410241981,Piccolo,Piccolo,1
2294,18011,Bastida Pancarana,10,957,12.5,76.56,0.8,10.44932079414838,Molto piccolo,Piccolo,1
2295,18012,Battuda,16,692,7.1426,96.883487805561,2.2400806429031443,23.12138728323699,Molto piccolo,Molto piccolo,0
2296,18013,Belgioioso,39,6165,24.6867,249.72961149120783,1.5797980288981517,6.326034063260341,Medio,Piccolo,1
2297,18014,Bereguardo,38,2844,17.8636,159.20643095456683,2.127230793345126,13.361462728551336,Piccolo,Piccolo,0
2298,18015,Borgarello,21,2613,4.8364,540.2778926474236,4.342072615995368,8.036739380022961,Piccolo,Molto piccolo,1
2299,18016,Borgo Priolo,6,1325,28.8094,45.991933188473205,0.2082653578345956,4.528301886792453,Piccolo,Piccolo,1
2300,18017,Borgoratto Mormorolo,2,409,16.1043,25.39694367342884,0.1241904336108989,4.88997555012225,Molto piccolo,Piccolo,1
2301,18018,Borgo San Siro,7,926,17.6391,52.49700948461089,0.3968456440521342,7.55939524838013,Molto piccolo,Piccolo,1
2302,18019,Bornasco,13,2647,12.9286,204.73987902789165,1.005522639728973,4.911220249338874,Piccolo,Piccolo,1
2303,18020,Bosnasco,12,614,4.8363,126.95655769906747,2.481235655356368,19.54397394136808,Molto piccolo,Molto piccolo,0
2304,18021,Brallo di Pregola,3,524,46.1441,11.355731285256402,0.0650137287323839,5.7251908396946565,Molto piccolo,Piccolo,1
2305,18022,Breme,4,708,18.8137,37.63215103887061,0.212611022818478,5.649717514124294,Molto piccolo,Piccolo,1
2306,18023,Bressana Bottarone,18,3434,12.6873,270.6643651525541,1.4187415762218911,5.241700640652301,Piccolo,Piccolo,1
2307,18024,Broni,139,9545,20.8467,457.8662330248912,6.667721989571492,14.562598218962808,Medio,Piccolo,0
2308,18025,Calvignano,1,110,6.9837,15.750962956598938,0.1431905723327176,9.09090909090909,Molto piccolo,Molto piccolo,1
2309,18026,Campospinoso,17,1074,3.6864,291.3411458333333,4.611545138888889,15.828677839851023,Piccolo,Molto piccolo,0
2310,18027,Candia Lomellina,7,1459,27.8967,52.3000928425226,0.2509257367358863,4.797806716929403,Piccolo,Piccolo,1
2311,18029,Canneto Pavese,6,1330,5.8147,228.73063098698125,1.0318675082119455,4.511278195488722,Piccolo,Molto piccolo,1
2312,18030,Carbonara al Ticino,18,1422,14.7807,96.20653960908484,1.217804298849175,12.658227848101266,Piccolo,Piccolo,0
2313,18031,Casanova Lonati,3,464,4.6302,100.21165392423651,0.6479201762342879,6.465517241379311,Molto piccolo,Molto piccolo,1
2314,18032,Casatisma,16,882,5.4774,161.02530397633913,2.9210939496841566,18.140589569161,Molto piccolo,Molto piccolo,0
2315,18033,Casei Gerola,28,2372,24.805,95.6258818786535,1.128804676476517,11.804384485666104,Piccolo,Piccolo,0
2316,18034,Casorate Primo,53,8802,9.7359,904.0766647151264,5.443769964769563,6.021358782094978,Medio,Molto piccolo,1
2317,18035,Cassolnovo,21,6796,31.7358,214.1430182947964,0.6617132701869812,3.0900529723366685,Medio,Piccolo,1
2318,18036,Castana,2,721,5.2772,136.62548321079362,0.3789888577275828,2.7739251040221915,Molto piccolo,Molto piccolo,1
2319,18037,Casteggio,70,6552,17.6617,370.9722167175301,3.963378383734295,10.683760683760685,Medio,Piccolo,1
2320,18038,Castelletto di Branduzzo,14,971,11.7724,82.48105738846795,1.1892222486493833,14.418125643666324,Molto piccolo,Piccolo,0
2321,18039,Castello d'Agogna,7,1067,10.7444,99.30754625665462,0.6515021778787089,6.560449859418931,Piccolo,Piccolo,1
2322,18040,Castelnovetto,3,542,18.2141,29.75716615149802,0.1647075617241587,5.535055350553505,Molto piccolo,Piccolo,1
2323,18041,Cava Manara,72,6598,17.259,382.29329625123125,4.171736485312011,10.912397696271595,Medio,Piccolo,1
2324,18042,Cecima,4,229,10.1244,22.61862431353957,0.3950851408478527,17.46724890829694,Molto piccolo,Piccolo,0
2325,18043,Ceranova,7,2249,4.5977,489.1576222894056,1.5225003806250952,3.1124944419742104,Piccolo,Molto piccolo,1
2326,18044,Ceretto Lomellina,2,178,7.3786,24.12381752636001,0.2710541295096631,11.235955056179774,Molto piccolo,Molto piccolo,1
2327,18045,Cergnago,8,698,13.5598,51.47568548208676,0.5899792032330861,11.461318051575931,Molto piccolo,Piccolo,1
2328,18046,Certosa di Pavia,34,5407,10.8579,497.9784304515606,3.1313605761703456,6.288144997225818,Medio,Piccolo,1
2329,18047,Cervesina,7,1129,12.4109,90.96842291856352,0.5640203369618642,6.200177147918512,Piccolo,Piccolo,1
2330,18048,Chignolo Po,45,3915,23.3884,167.39067229908844,1.924030716081476,11.494252873563218,Piccolo,Piccolo,0
2331,18049,Cigognola,17,1303,7.8757,165.4456111837678,2.1585382886600555,13.046815042210284,Piccolo,Molto piccolo,0
2332,18050,Cilavegna,12,5333,18.0511,295.43905911551093,0.6647794317243824,2.250140633789612,Medio,Piccolo,1
2333,18051,Codevilla,22,946,12.9551,73.02143557363509,1.6981729203170952,23.25581395348837,Molto piccolo,Piccolo,0
2334,18052,Confienza,4,1561,26.8065,58.23214518866693,0.1492175405218883,2.5624599615631003,Piccolo,Piccolo,1
2335,18053,Copiano,16,1734,4.3401,399.5299647473561,3.6865510011290064,9.22722029988466,Piccolo,Molto piccolo,1
2336,18054,Corana,9,762,12.871,59.20285914070391,0.6992463678035894,11.811023622047244,Molto piccolo,Piccolo,0
2337,18057,Corvino San Quirico,17,977,4.3728,223.42663739480423,3.8876692279546288,17.400204708290687,Molto piccolo,Molto piccolo,0
2338,18058,Costa de' Nobili,2,381,11.8242,32.222053077586644,0.1691446355778826,5.2493438320209975,Molto piccolo,Piccolo,1
2339,18059,Cozzo,5,369,17.6095,20.954598370197903,0.2839376472926545,13.550135501355014,Molto piccolo,Piccolo,0
2340,18060,Cura Carpignano,46,4881,11.0854,440.3088747361394,4.149602179443232,9.424298299528784,Piccolo,Piccolo,1
2341,18061,Dorno,16,4522,30.5665,147.93973794840755,0.5234488737670325,3.538257408226449,Piccolo,Piccolo,1
2342,18062,Ferrera Erbognone,11,1079,19.1708,56.28351451165314,0.5737893045673629,10.194624652455978,Piccolo,Piccolo,1
2343,18063,Filighera,9,811,8.2478,98.32925143674676,1.09120007759645,11.097410604192357,Molto piccolo,Molto piccolo,1
2344,18064,Fortunago,1,356,17.8248,19.972173600825812,0.0561016112382747,2.808988764044944,Molto piccolo,Piccolo,1
2345,18065,Frascarolo,1,1107,24.1753,45.790538276670816,0.0413645332219248,0.9033423667570007,Piccolo,Piccolo,1
2346,18066,Galliavola,0,176,9.2313,19.06557039636888,0.0,0.0,Molto piccolo,Molto piccolo,1
2347,18067,Gambarana,3,203,11.7761,17.238304701896215,0.2547532714565943,14.778325123152708,Molto piccolo,Piccolo,0
2348,18068,Gambolò,42,9649,51.703,186.62360017793935,0.8123319729996324,4.352782671779459,Medio,Medio,1
2349,18069,Garlasco,98,9443,39.176,241.0404329181131,2.501531549928528,10.378057820607856,Medio,Piccolo,1
2350,18071,Gerenzago,1,1388,5.4113,256.5002864376398,0.1847984772605473,0.7204610951008645,Piccolo,Molto piccolo,1
2351,18072,Giussago,33,5229,24.7226,211.5068803443004,1.334811063561276,6.310958118187034,Medio,Piccolo,1
2352,18073,Godiasco Salice Terme,10,3182,20.6103,154.38882500497326,0.4851942960558556,3.1426775612822127,Piccolo,Piccolo,1
2353,18074,Golferenzo,1,182,4.4207,41.169950460334334,0.226208519012826,5.494505494505495,Molto piccolo,Molto piccolo,1
2354,18075,Gravellona Lomellina,20,2703,20.3439,132.8653797944347,0.9830956699551217,7.399186089530151,Piccolo,Piccolo,1
2355,18076,Gropello Cairoli,49,4343,26.216,165.6621910283796,1.8690875801037532,11.28252360119733,Piccolo,Piccolo,1
2356,18077,Inverno e Monteleone,28,1460,9.6414,151.43029020681644,2.904142551911548,19.178082191780824,Piccolo,Molto piccolo,0
2357,18078,Landriano,66,6420,15.5872,411.876411414494,4.234243481831246,10.280373831775702,Medio,Piccolo,1
2358,18079,Langosco,0,367,15.8206,23.197603125039503,0.0,0.0,Molto piccolo,Piccolo,1
2359,18080,Lardirago,20,1139,5.3416,213.231990414857,3.74419649543208,17.55926251097454,Piccolo,Molto piccolo,0
2360,18081,Linarolo,26,2817,13.166,213.96020051648185,1.9747835333434605,9.229676961306357,Piccolo,Piccolo,1
2361,18082,Lirio,0,130,1.7457,74.46869450650169,0.0,0.0,Molto piccolo,Molto piccolo,1
2362,18083,Lomello,14,2042,22.3585,91.32991927007626,0.6261600733501801,6.856023506366308,Piccolo,Piccolo,1
2363,18084,Lungavilla,19,2445,6.8204,358.4833734091842,2.7857603659609405,7.770961145194274,Piccolo,Molto piccolo,1
2364,18085,Magherno,10,1733,5.2532,329.89415975024747,1.903601614254169,5.770340450086556,Piccolo,Molto piccolo,1
2365,18086,Marcignago,7,2467,10.1177,243.8301194935608,0.6918568449351138,2.837454398054317,Piccolo,Piccolo,1
2366,18087,Marzano,14,1663,9.2895,179.01932289143656,1.5070778836320575,8.418520745640409,Piccolo,Molto piccolo,1
2367,18088,Mede,31,6281,32.8944,190.944355270198,0.9424096502748188,4.935519821684445,Medio,Piccolo,1
2368,18089,Menconico,5,344,28.1384,12.225286441304409,0.1776931168794245,14.534883720930232,Molto piccolo,Piccolo,0
2369,18090,Mezzana Bigli,11,1026,19.0204,53.9420832369456,0.5783264284662784,10.721247563352826,Piccolo,Piccolo,1
2370,18091,Mezzana Rabattone,1,469,7.0642,66.39109877976276,0.1415588460122873,2.1321961620469083,Molto piccolo,Molto piccolo,1
2371,18092,Mezzanino,26,1341,12.5106,107.1891036401132,2.07823765446901,19.38851603281133,Piccolo,Piccolo,0
2372,18093,Miradolo Terme,20,3643,9.5559,381.2304440188784,2.0929478123462992,5.489980785067252,Piccolo,Molto piccolo,1
2373,18094,Montalto Pavese,5,872,19.0651,45.73802392853958,0.2622593115168554,5.73394495412844,Molto piccolo,Piccolo,1
2374,18095,Montebello della Battaglia,64,1512,15.7416,96.051227321238,4.0656604157137775,42.32804232804233,Piccolo,Piccolo,0
2375,18096,Montecalvo Versiggia,4,524,11.4035,45.95080457754199,0.3507695005919236,7.633587786259541,Molto piccolo,Piccolo,1
2376,18097,Montescano,2,419,2.4046,174.2493554021459,0.8317391665973551,4.773269689737471,Molto piccolo,Molto piccolo,1
2377,18098,Montesegale,0,258,14.9744,17.229404850945613,0.0,0.0,Molto piccolo,Piccolo,1
2378,18099,Monticelli Pavese,0,659,20.1925,32.63587965828897,0.0,0.0,Molto piccolo,Piccolo,1
2379,18100,Montù Beccaria,9,1623,15.4933,104.7549585950056,0.5808962583826558,5.545286506469501,Piccolo,Piccolo,1
2380,18101,Mornico Losana,1,600,8.2991,72.29699605981372,0.1204949934330228,1.6666666666666667,Molto piccolo,Molto piccolo,1
2381,18102,Mortara,127,15395,51.9694,296.232013454071,2.443745742687043,8.249431633647289,Medio,Medio,1
2382,18103,Nicorvo,0,296,8.0764,36.649992570947454,0.0,0.0,Molto piccolo,Molto piccolo,1
2383,18104,Olevano di Lomellina,0,727,15.381,47.26610753527079,0.0,0.0,Molto piccolo,Piccolo,1
2384,18105,Oliva Gessi,0,163,3.9101,41.68691337817448,0.0,0.0,Molto piccolo,Molto piccolo,1
2385,18106,Ottobiano,9,1068,24.9793,42.755401472419166,0.3602983270147682,8.426966292134832,Piccolo,Piccolo,1
2386,18107,Palestro,4,1829,18.8064,97.25412625489196,0.2126935511315296,2.186987424822308,Piccolo,Piccolo,1
2387,18108,Pancarana,1,308,6.1018,50.4769084532433,0.1638860664066341,3.246753246753247,Molto piccolo,Molto piccolo,1
2388,18109,Parona,6,1838,9.3012,197.60891067819207,0.6450780544445878,3.264417845484222,Piccolo,Molto piccolo,1
2389,18110,Pavia,1599,71122,63.2453,1124.542060832979,25.28251111149761,22.48249486797334,Grande,Medio,3
2390,18111,Pietra de' Giorgi,0,778,11.2007,69.45994446775649,0.0,0.0,Molto piccolo,Piccolo,1
2391,18112,Pieve Albignola,30,849,18.153,46.76912906957528,1.6526194017517768,35.3356890459364,Molto piccolo,Piccolo,0
2392,18113,Pieve del Cairo,15,1745,25.1059,69.50557438689711,0.5974691208042732,8.595988538681949,Piccolo,Piccolo,1
2393,18114,Pieve Porto Morone,23,2580,16.3963,157.35257344644828,1.4027554997163991,8.914728682170542,Piccolo,Piccolo,1
2394,18115,Pinarolo Po,3,1666,11.3078,147.3319301720936,0.2653035957480677,1.800720288115246,Piccolo,Piccolo,1
2395,18116,Pizzale,5,693,7.0903,97.73916477441011,0.705188779036148,7.215007215007215,Molto piccolo,Molto piccolo,1
2396,18117,Ponte Nizza,10,760,22.9572,33.10508250135034,0.4355931908072413,13.157894736842104,Molto piccolo,Piccolo,0
2397,18118,Portalbera,16,1441,4.4798,321.6661458100808,3.571588017322202,11.103400416377514,Piccolo,Molto piccolo,1
2398,18119,Rea,0,402,2.1597,186.1369634671482,0.0,0.0,Molto piccolo,Molto piccolo,1
2399,18120,Redavalle,19,1032,5.4149,190.5852370311548,3.5088367282867643,18.410852713178297,Piccolo,Molto piccolo,0
2400,18121,Retorbido,25,1546,11.6677,132.50254977416287,2.1426673637477824,16.170763260025872,Piccolo,Piccolo,0
2401,18122,Rivanazzano Terme,75,5169,28.9155,178.7622555376874,2.593764589925818,14.509576320371444,Medio,Piccolo,0
2402,18123,Robbio,21,5733,40.5407,141.41344377378783,0.5179979625413473,3.663003663003663,Medio,Piccolo,1
2403,18124,Robecco Pavese,13,531,6.9345,76.57365347177158,1.8746845482731271,24.482109227871938,Molto piccolo,Molto piccolo,0
2404,18125,Rocca de' Giorgi,2,68,10.4966,6.478288207610083,0.1905378884591201,29.41176470588235,Molto piccolo,Piccolo,0
2405,18126,Rocca Susella,3,208,12.7641,16.29570435831747,0.2350341974757327,14.423076923076923,Molto piccolo,Piccolo,0
2406,18127,Rognano,17,638,9.3647,68.1281834976027,1.815327773447094,26.64576802507837,Molto piccolo,Molto piccolo,0
2407,18128,Romagnese,3,618,29.7174,20.79589735306588,0.1009509580245916,4.854368932038835,Molto piccolo,Piccolo,1
2408,18129,Roncaro,5,1533,5.051,303.50425658285485,0.9899029895070284,3.2615786040443573,Piccolo,Molto piccolo,1
2409,18130,Rosasco,0,543,19.5525,27.77138473341005,0.0,0.0,Molto piccolo,Piccolo,1
2410,18131,Rovescala,2,870,8.4128,103.41384556865728,0.2377329783187523,2.2988505747126435,Molto piccolo,Molto piccolo,1
2411,18133,San Cipriano Po,1,477,8.5045,56.087953436416015,0.1175848080428008,2.0964360587002098,Molto piccolo,Molto piccolo,1
2412,18134,San Damiano al Colle,5,633,6.4309,98.4310127664868,0.7774961513940506,7.898894154818325,Molto piccolo,Molto piccolo,1
2413,18135,San Genesio ed Uniti,23,3968,9.2687,428.1075015913774,2.4814698932967945,5.796370967741936,Piccolo,Molto piccolo,1
2414,18136,San Giorgio di Lomellina,4,1034,25.4521,40.62533150506245,0.1571579555321564,3.8684719535783367,Piccolo,Piccolo,1
2415,18137,San Martino Siccomario,110,6416,14.2906,448.9664534729123,7.6973675003148925,17.144638403990026,Medio,Piccolo,0
2416,18138,Sannazzaro de' Burgondi,39,5149,23.3323,220.68120159607068,1.6715025951149265,7.574286269178481,Medio,Piccolo,1
2417,18139,Santa Cristina e Bissone,20,1881,22.4207,83.89568568331943,0.8920328089667138,10.63264221158958,Piccolo,Piccolo,1
2418,18140,Santa Giuletta,26,1548,11.5912,133.54958934364,2.2430809579681137,16.795865633074936,Piccolo,Piccolo,0
2419,18141,Sant'Alessio con Vialone,10,962,6.5572,146.70896114195082,1.525041176111755,10.395010395010395,Molto piccolo,Molto piccolo,1
2420,18142,Santa Margherita di Staffora,5,448,36.9011,12.140559495516394,0.135497315798174,11.160714285714286,Molto piccolo,Piccolo,1
2421,18143,Santa Maria della Versa,10,2296,18.4738,124.28412129610584,0.5413071485022031,4.355400696864112,Piccolo,Piccolo,1
2422,18144,Sant'Angelo Lomellina,1,798,10.4973,76.01954788374154,0.0952625913330094,1.2531328320802004,Molto piccolo,Piccolo,1
2423,18145,San Zenone al Po,3,553,6.8927,80.22980834796235,0.4352430832620018,5.424954792043399,Molto piccolo,Molto piccolo,1
2424,18146,Sartirana Lomellina,10,1491,29.5419,50.47068739654525,0.3385022628876274,6.70690811535882,Piccolo,Piccolo,1
2425,18147,Scaldasole,7,870,11.5741,75.16783162405716,0.6047986452510347,8.045977011494253,Molto piccolo,Piccolo,1
2426,18148,Semiana,1,206,9.7208,21.19167146736894,0.1028721915891696,4.854368932038835,Molto piccolo,Molto piccolo,1
2427,18149,Silvano Pietra,26,656,13.6711,47.98443431764818,1.901822091858007,39.63414634146341,Molto piccolo,Piccolo,0
2428,18150,Siziano,71,6351,11.7879,538.7728094062555,6.02312540825762,11.17934183593135,Medio,Piccolo,0
2429,18151,Sommo,3,1152,14.8724,77.45891718888679,0.2017159301793926,2.6041666666666665,Piccolo,Piccolo,1
2430,18152,Spessa,5,536,12.2314,43.8216393871511,0.4087839495070065,9.328358208955224,Molto piccolo,Piccolo,1
2431,18153,Stradella,149,11448,18.8352,607.7981651376147,7.910720353380904,13.015373864430469,Medio,Piccolo,0
2432,18154,Suardi,1,600,9.848,60.926076360682366,0.1015434606011372,1.6666666666666667,Molto piccolo,Molto piccolo,1
2433,18155,Torrazza Coste,11,1559,16.2281,96.06793155082848,0.677836592084101,7.055805003207183,Piccolo,Piccolo,1
2434,18156,Torre Beretti e Castellaro,7,531,17.66,30.067950169875424,0.3963759909399773,13.182674199623351,Molto piccolo,Piccolo,0
2435,18157,Torre d'Arese,4,935,4.4934,208.08296612809897,0.8901945074998887,4.278074866310161,Molto piccolo,Molto piccolo,1
2436,18158,Torre de' Negri,6,315,4.0091,78.57125040532787,1.4965952458157692,19.04761904761905,Molto piccolo,Molto piccolo,0
2437,18159,Torre d'Isola,46,2396,16.4385,145.75539130699272,2.798308848130912,19.19866444073456,Piccolo,Piccolo,0
2438,18160,Torrevecchia Pia,26,3498,16.5019,211.97559068955695,1.575576145777153,7.43281875357347,Piccolo,Piccolo,1
2439,18161,Torricella Verzate,7,823,3.6271,226.90303548289268,1.9299164621874223,8.50546780072904,Molto piccolo,Molto piccolo,1
2440,18162,Travacò Siccomario,4,4450,17.0449,261.07516031188214,0.234674301403939,0.8988764044943821,Piccolo,Piccolo,1
2441,18163,Trivolzio,18,2316,3.8312,604.5103361870954,4.6982668615577365,7.772020725388601,Piccolo,Molto piccolo,1
2442,18164,Tromello,14,3640,35.4982,102.54041049968733,0.3943861942295666,3.8461538461538463,Piccolo,Piccolo,1
2443,18165,Trovo,4,1023,8.1549,125.44605084059891,0.4905026425829869,3.9100684261974585,Piccolo,Molto piccolo,1
2444,18166,Val di Nizza,3,588,29.6826,19.8095854136767,0.1010693133350852,5.1020408163265305,Molto piccolo,Piccolo,1
2445,18167,Valeggio,1,199,9.8538,20.19525462258215,0.1014836915707645,5.025125628140704,Molto piccolo,Molto piccolo,1
2446,18168,Valle Lomellina,6,2095,27.2357,76.92109987993699,0.220299092734903,2.863961813842482,Piccolo,Piccolo,1
2447,18169,Valle Salimbene,21,1470,7.1611,205.2757257963162,2.9325103685188028,14.285714285714285,Piccolo,Molto piccolo,0
2448,18171,Varzi,14,3024,57.615,52.48633168445717,0.2429922763169313,4.62962962962963,Piccolo,Medio,1
2449,18172,Velezzo Lomellina,0,96,8.1723,11.74699900884696,0.0,0.0,Molto piccolo,Molto piccolo,1
2450,18173,Vellezzo Bellini,19,3315,8.1961,404.4606581178854,2.318175717719403,5.731523378582201,Piccolo,Molto piccolo,1
2451,18174,Verretto,2,372,2.7086,137.34032341430998,0.7383888355608063,5.376344086021506,Molto piccolo,Molto piccolo,1
2452,18175,Verrua Po,6,1214,11.4404,106.11517079822384,0.5244571868116499,4.942339373970346,Piccolo,Piccolo,1
2453,18176,Vidigulfo,49,6542,16.1425,405.26560322131024,3.0354653864023544,7.49006420055029,Medio,Piccolo,1
2454,18177,Vigevano,890,62340,81.3639,766.1874615154878,10.93851204281014,14.27654796278473,Grande,Medio,0
2455,18178,Villa Biscossi,0,63,4.8781,12.914864393923864,0.0,0.0,Molto piccolo,Molto piccolo,1
2456,18179,Villanova d'Ardenghi,9,772,6.6085,116.81924793826131,1.361882424150715,11.658031088082902,Molto piccolo,Molto piccolo,0
2457,18180,Villanterio,58,3271,14.7674,221.5014152796024,3.927570188387936,17.73158055640477,Piccolo,Piccolo,0
2458,18181,Vistarino,14,1523,9.4896,160.49148541561289,1.475299274995785,9.192383453709784,Piccolo,Molto piccolo,1
2459,18182,Voghera,631,38435,63.4415,605.8337208294256,9.946170881836023,16.417327956289842,Grande,Medio,0
2460,18183,Volpara,0,125,3.773,33.1301351709515,0.0,0.0,Molto piccolo,Molto piccolo,1
2461,18184,Zavattarello,2,965,28.4013,33.97731793967178,0.0704193117920658,2.0725388601036268,Molto piccolo,Piccolo,1
2462,18185,Zeccone,15,1674,5.5293,302.7508002821333,2.7128207910585425,8.960573476702509,Piccolo,Molto piccolo,1
2463,18186,Zeme,6,1003,24.5828,40.8008851717461,0.2440730917552109,5.982053838484546,Piccolo,Piccolo,1
2464,18187,Zenevredo,5,477,5.4037,88.27285008420156,0.92529192960379,10.482180293501049,Molto piccolo,Molto piccolo,1
2465,18188,Zerbo,4,394,6.3614,61.93605181249411,0.6287924041877574,10.15228426395939,Molto piccolo,Molto piccolo,1
2466,18189,Zerbolò,27,1684,37.1915,45.27916324966726,0.7259723323877768,16.033254156769598,Piccolo,Piccolo,0
2467,18190,Zinasco,22,3084,29.7366,103.71057888258912,0.7398290322363686,7.133592736705577,Piccolo,Piccolo,1
2468,18191,Cornale e Bastida,1,831,3.8218,217.4368098801612,0.2616568109267884,1.203369434416366,Molto piccolo,Molto piccolo,1
2469,18192,Corteolona e Genzone,17,2533,14.0864,179.81883234893232,1.2068378009995455,6.711409395973154,Piccolo,Piccolo,1
2470,18193,Colli Verdi,6,1035,41.2469,25.09279485246164,0.1454654774055747,5.797101449275362,Piccolo,Piccolo,1
2471,19001,Acquanegra Cremonese,7,1133,9.2161,122.93703410336258,0.7595403695706426,6.17828773168579,Piccolo,Molto piccolo,1
2472,19002,Agnadello,45,3855,12.0775,319.1885737942455,3.725936659076796,11.673151750972762,Piccolo,Piccolo,0
2473,19003,Annicco,18,1962,19.1983,102.19654865274528,0.9375830151628008,9.174311926605505,Piccolo,Piccolo,1
2474,19004,Azzanello,0,592,11.121,53.23262296556065,0.0,0.0,Molto piccolo,Piccolo,1
2475,19005,Bagnolo Cremasco,46,4900,10.3878,471.707194978725,4.428271626330888,9.387755102040815,Piccolo,Piccolo,1
2476,19006,Bonemerse,4,1457,5.9007,246.9198569661227,0.6778856745809819,2.7453671928620453,Piccolo,Molto piccolo,1
2477,19007,Bordolano,9,570,8.1424,70.00393004519552,1.1053252112399292,15.789473684210527,Molto piccolo,Molto piccolo,0
2478,19009,Calvatone,17,1165,13.6997,85.03835850420081,1.2409030854690248,14.592274678111588,Piccolo,Piccolo,0
2479,19010,Camisano,7,1213,10.9506,110.77018610852372,0.6392343798513324,5.770816158285244,Piccolo,Piccolo,1
2480,19011,Campagnola Cremasca,16,678,4.6407,146.09864891072468,3.4477557265067773,23.59882005899705,Molto piccolo,Molto piccolo,0
2481,19012,Capergnanica,18,2165,6.8381,316.60841461809565,2.6323101446308184,8.314087759815243,Piccolo,Molto piccolo,1
2482,19013,Cappella Cantone,14,545,13.1471,41.45400886887602,1.064873622319751,25.68807339449541,Molto piccolo,Piccolo,0
2483,19014,Cappella de' Picenardi,3,413,14.1977,29.089218676264466,0.2113018305781922,7.263922518159807,Molto piccolo,Piccolo,1
2484,19015,Capralba,25,2271,13.4543,168.793619883606,1.858142006644716,11.00836635843241,Piccolo,Piccolo,1
2485,19016,Casalbuttano ed Uniti,28,3692,22.875,161.39890710382514,1.2240437158469946,7.583965330444204,Piccolo,Piccolo,1
2486,19017,Casale Cremasco-Vidolasco,20,1821,9.1935,198.07472670908797,2.1754500462283133,10.982976386600768,Piccolo,Molto piccolo,1
2487,19018,Casaletto Ceredano,3,1137,6.518,174.4400122737036,0.4602638846271862,2.638522427440633,Piccolo,Molto piccolo,1
2488,19019,Casaletto di Sopra,10,529,8.657,61.10661892110431,1.1551345731777751,18.90359168241966,Molto piccolo,Molto piccolo,0
2489,19020,Casaletto Vaprio,14,1760,5.4019,325.8112886206705,2.5916807049371515,7.954545454545454,Piccolo,Molto piccolo,1
2490,19021,Casalmaggiore,178,15022,64.5301,232.7905891979092,2.7584026679022657,11.849287711356675,Medio,Medio,0
2491,19022,Casalmorano,15,1579,12.2823,128.55898325232246,1.221269631909333,9.499683343888538,Piccolo,Piccolo,1
2492,19023,Casteldidone,2,575,10.7893,53.293540822852265,0.1853688376447035,3.4782608695652177,Molto piccolo,Piccolo,1
2493,19024,Castel Gabbiano,3,455,5.7876,78.61635220125785,0.5183495749533485,6.593406593406593,Molto piccolo,Molto piccolo,1
2494,19025,Castelleone,106,9292,45.0774,206.13433782782505,2.3515109567100145,11.407662505380973,Medio,Piccolo,0
2495,19026,Castelverde,72,5583,30.8909,180.73283717858655,2.3307834993477043,12.896292315959162,Medio,Piccolo,0
2496,19027,Castelvisconti,3,299,9.7571,30.644351292904656,0.3074684076211169,10.033444816053512,Molto piccolo,Molto piccolo,1
2497,19028,Cella Dati,7,486,18.9178,25.690090813942422,0.3700218841514341,14.40329218106996,Molto piccolo,Piccolo,0
2498,19029,Chieve,26,2264,6.1934,365.5504246455905,4.198017244163141,11.484098939929329,Piccolo,Molto piccolo,0
2499,19030,Cicognolo,10,904,6.9629,129.83096123741544,1.4361831995289318,11.061946902654867,Molto piccolo,Molto piccolo,1
2500,19031,Cingia de' Botti,9,1147,14.3599,79.87520804462427,0.6267453115968774,7.846556233653008,Piccolo,Piccolo,1
2501,19032,Corte de' Cortesi con Cignone,8,1032,12.8526,80.2950375799449,0.6224421517825187,7.751937984496124,Piccolo,Piccolo,1
2502,19033,Corte de' Frati,9,1317,20.1264,65.4364416885285,0.4471738611972334,6.83371298405467,Piccolo,Piccolo,1
2503,19034,Credera Rubbiano,20,1557,14.1284,110.20356162056568,1.4155884601228732,12.845215157353886,Piccolo,Piccolo,0
2504,19035,Crema,635,34210,34.5182,991.071376838885,18.396092496132475,18.56182402806197,Grande,Piccolo,3
2505,19036,Cremona,1570,71223,70.4916,1010.3757043392404,22.272157249941834,22.04344102326496,Grande,Medio,3
2506,19037,Cremosano,19,1729,5.7577,300.29351998193727,3.2999287910102995,10.989010989010987,Piccolo,Molto piccolo,1
2507,19038,Crotta d'Adda,5,639,12.9377,49.39054082255733,0.386467455575566,7.82472613458529,Molto piccolo,Piccolo,1
2508,19039,Cumignano sul Naviglio,1,415,6.774,61.26365515205196,0.1476232654266312,2.409638554216868,Molto piccolo,Molto piccolo,1
2509,19040,Derovere,2,300,9.9906,30.028226532940963,0.200188176886273,6.666666666666667,Molto piccolo,Molto piccolo,1
2510,19041,Dovera,51,3750,20.6525,181.57608037767824,2.4694346931364244,13.6,Piccolo,Piccolo,0
2511,19043,Fiesco,16,1186,8.1938,144.74358661426933,1.952695940833313,13.490725126475548,Piccolo,Molto piccolo,0
2512,19044,Formigara,7,1008,12.643,79.72791267895278,0.5536660602705054,6.944444444444444,Piccolo,Piccolo,1
2513,19045,Gabbioneta-Binanuova,13,866,15.7072,55.133951308953854,0.8276459203422634,15.011547344110854,Molto piccolo,Piccolo,0
2514,19046,Gadesco-Pieve Delmona,41,1917,17.1013,112.0967411834188,2.3974785542619568,21.38758476786646,Piccolo,Piccolo,0
2515,19047,Genivolta,13,1132,18.5732,60.948032649193465,0.6999332371373808,11.484098939929329,Piccolo,Piccolo,1
2516,19048,Gerre de' Caprioli,8,1331,7.7187,172.4383639732079,1.036443960770596,6.010518407212622,Piccolo,Molto piccolo,1
2517,19049,Gombito,9,630,9.2764,67.91427709025052,0.9702039584321503,14.285714285714285,Molto piccolo,Molto piccolo,0
2518,19050,Grontardo,9,1500,12.2582,122.36706857450524,0.7342024114470314,6.0,Piccolo,Piccolo,1
2519,19051,Grumello Cremonese ed Uniti,39,1694,22.2897,75.99922834313607,1.7496870751961668,23.022432113341203,Piccolo,Piccolo,0
2520,19052,Gussola,12,2630,25.2261,104.25709879846669,0.4756977891945247,4.562737642585551,Piccolo,Piccolo,1
2521,19053,Isola Dovarese,10,1099,9.4655,116.10585811631717,1.0564682267180814,9.099181073703368,Piccolo,Molto piccolo,1
2522,19054,Izano,11,1948,6.1916,314.6198074811034,1.7766005555914464,5.64681724845996,Piccolo,Molto piccolo,1
2523,19055,Madignano,16,2773,10.7616,257.67543859649123,1.4867677668748145,5.76992426974396,Piccolo,Piccolo,1
2524,19056,Malagnino,17,1716,10.8226,158.55709348954966,1.570787056714653,9.906759906759904,Piccolo,Piccolo,1
2525,19057,Martignana di Po,11,2054,14.9198,137.66940575610934,0.7372752985964959,5.355404089581304,Piccolo,Piccolo,1
2526,19058,Monte Cremasco,9,2257,2.3428,963.377155540379,3.841557111149053,3.9875941515285778,Piccolo,Molto piccolo,1
2527,19059,Montodine,31,2454,11.3943,215.37084331639505,2.7206585749014858,12.63243683781581,Piccolo,Piccolo,0
2528,19060,Moscazzano,5,721,8.1532,88.43153608399156,0.6132561448265712,6.934812760055479,Molto piccolo,Molto piccolo,1
2529,19061,Motta Baluffi,8,824,16.4676,50.03764968787194,0.4858024241540965,9.70873786407767,Molto piccolo,Piccolo,1
2530,19062,Offanengo,35,5965,12.5835,474.0334565105098,2.7814201136408787,5.86756077116513,Medio,Piccolo,1
2531,19063,Olmeneta,0,917,9.1826,99.86278396096964,0.0,0.0,Molto piccolo,Molto piccolo,1
2532,19064,Ostiano,10,2764,19.489,141.82359279593615,0.5131099594643131,3.61794500723589,Piccolo,Piccolo,1
2533,19065,Paderno Ponchielli,11,1331,23.9619,55.54651342339297,0.4590620944082063,8.264462809917356,Piccolo,Piccolo,1
2534,19066,Palazzo Pignano,35,3774,8.8208,427.85234899328856,3.967894068565209,9.273979862215157,Piccolo,Molto piccolo,1
2535,19067,Pandino,67,8871,22.2953,397.8865500800617,3.005117670540428,7.552699808364333,Medio,Piccolo,1
2536,19068,Persico Dosimo,47,3322,20.6076,161.20266309516876,2.2807119703410392,14.148103552077062,Piccolo,Piccolo,0
2537,19069,Pescarolo ed Uniti,16,1514,16.5434,91.51685868684794,0.9671530640618012,10.568031704095112,Piccolo,Piccolo,1
2538,19070,Pessina Cremonese,15,587,22.0166,26.66170071673192,0.6813041069011564,25.55366269165247,Molto piccolo,Piccolo,0
2539,19072,Pianengo,26,2510,5.7631,435.5294893373359,4.511460845725392,10.358565737051793,Piccolo,Molto piccolo,1
2540,19073,Pieranica,10,1111,2.7288,407.13866901201993,3.664614482556435,9.000900090009,Piccolo,Molto piccolo,1
2541,19074,Pieve d'Olmi,9,1252,19.4371,64.41290110150176,0.4630320366721372,7.18849840255591,Piccolo,Piccolo,1
2542,19075,Pieve San Giacomo,18,1581,14.85,106.46464646464646,1.2121212121212122,11.385199240986717,Piccolo,Piccolo,1
2543,19076,Pizzighettone,44,6301,32.061,196.53161161535823,1.3723838932035808,6.983018568481193,Medio,Piccolo,1
2544,19077,Pozzaglio ed Uniti,20,1416,20.7673,68.18411637526303,0.9630524911760316,14.124293785310734,Piccolo,Piccolo,0
2545,19078,Quintano,5,890,2.8622,310.9496191740619,1.7469079728879882,5.617977528089887,Molto piccolo,Molto piccolo,1
2546,19079,Ricengo,13,1746,12.5383,139.25332780360975,1.0368231737954907,7.445589919816723,Piccolo,Piccolo,1
2547,19080,Ripalta Arpina,8,993,6.9564,142.74624805934104,1.1500201253521936,8.056394763343404,Molto piccolo,Molto piccolo,1
2548,19081,Ripalta Cremasca,37,3384,11.7794,287.2811857989371,3.141076795082941,10.933806146572104,Piccolo,Piccolo,1
2549,19082,Ripalta Guerina,11,526,2.9739,176.8721207841555,3.698846632368271,20.91254752851711,Molto piccolo,Molto piccolo,0
2550,19083,Rivarolo del Re ed Uniti,16,1842,27.3332,67.3905726369397,0.5853687091156542,8.686210640608035,Piccolo,Piccolo,1
2551,19084,Rivolta d'Adda,88,8044,30.4011,264.59568897178065,2.894632102127884,10.93983092988563,Medio,Piccolo,1
2552,19085,Robecco d'Oglio,13,2252,17.8503,126.1603446440676,0.7282790765421309,5.772646536412078,Piccolo,Piccolo,1
2553,19086,Romanengo,28,3121,15.047,207.4167608161095,1.8608360470525684,8.971483498878564,Piccolo,Piccolo,1
2554,19087,Salvirola,13,1137,7.3647,154.38510733634772,1.765177128735726,11.433597185576078,Piccolo,Molto piccolo,0
2555,19088,San Bassano,5,2096,13.9264,150.50551470588235,0.359030330882353,2.385496183206107,Piccolo,Piccolo,1
2556,19089,San Daniele Po,14,1280,22.6817,56.433159771974765,0.617237685005974,10.9375,Piccolo,Piccolo,1
2557,19090,San Giovanni in Croce,25,1894,16.2144,116.8097493585948,1.541839352674166,13.199577613516366,Piccolo,Piccolo,0
2558,19091,San Martino del Lago,5,393,10.3799,37.86163643195022,0.4817002090578908,12.72264631043257,Molto piccolo,Piccolo,0
2559,19092,Scandolara Ravara,8,1316,17.0761,77.06677754288157,0.468491048892897,6.079027355623101,Piccolo,Piccolo,1
2560,19093,Scandolara Ripa d'Oglio,1,522,5.7202,91.25555050522708,0.1748190622705499,1.9157088122605364,Molto piccolo,Molto piccolo,1
2561,19094,Sergnano,17,3488,12.3092,283.3652877522503,1.381080817599844,4.873853211009175,Piccolo,Piccolo,1
2562,19095,Sesto ed Uniti,34,3195,26.4937,120.59470742100952,1.283323960035782,10.641627543035993,Piccolo,Piccolo,1
2563,19096,Solarolo Rainerio,8,907,11.4254,79.3845292068549,0.7001943039193377,8.820286659316428,Molto piccolo,Piccolo,1
2564,19097,Soncino,86,7557,45.3201,166.74720488260178,1.8976127590186251,11.380177319041948,Medio,Piccolo,1
2565,19098,Soresina,78,8711,28.568,304.9215905908709,2.7303276393167177,8.95419584433475,Medio,Piccolo,1
2566,19099,Sospiro,21,3007,18.9595,158.60122893536223,1.1076241462063874,6.983704689058863,Piccolo,Piccolo,1
2567,19100,Spinadesco,6,1495,17.2122,86.85699678135276,0.3485899536375362,4.013377926421405,Piccolo,Piccolo,1
2568,19101,Spineda,2,600,10.1073,59.36303463833071,0.197876782127769,3.333333333333333,Molto piccolo,Piccolo,1
2569,19102,Spino d'Adda,88,6855,20.0196,342.4144338548223,4.395692221622809,12.837345003646972,Medio,Piccolo,0
2570,19103,Stagno Lombardo,5,1436,40.1949,35.725925428350365,0.1243938907672366,3.481894150417827,Piccolo,Piccolo,1
2571,19104,Ticengo,5,415,7.9819,51.99263333291572,0.6264172690712737,12.048192771084338,Molto piccolo,Molto piccolo,0
2572,19105,Torlino Vimercati,1,488,5.7693,84.585651638847,0.173331253358293,2.0491803278688527,Molto piccolo,Molto piccolo,1
2573,19106,Tornata,0,442,10.1654,43.48082711944439,0.0,0.0,Molto piccolo,Piccolo,1
2574,19107,Torre de' Picenardi,10,2061,34.2286,60.21280449682429,0.2921533454479587,4.85201358563804,Piccolo,Piccolo,1
2575,19108,Torricella del Pizzo,1,584,23.2227,25.1478079637596,0.0430613150064376,1.7123287671232876,Molto piccolo,Piccolo,1
2576,19109,Trescore Cremasco,29,2766,5.9179,467.3955288193447,4.900386961591105,10.484454085321763,Piccolo,Molto piccolo,1
2577,19110,Trigolo,2,1632,16.061,101.6126019550464,0.1245252474939293,1.2254901960784317,Piccolo,Piccolo,1
2578,19111,Vaiano Cremasco,38,3590,6.1516,583.5880096235126,6.177254697964757,10.584958217270197,Piccolo,Molto piccolo,1
2579,19112,Vailate,30,4504,9.6926,464.6843984070321,3.095144749602789,6.660746003552397,Piccolo,Molto piccolo,1
2580,19113,Vescovato,36,3753,17.4365,215.2381498580564,2.064634531012531,9.592326139088728,Piccolo,Piccolo,1
2581,19114,Volongo,1,463,8.1205,57.01619358413891,0.1231451265316175,2.1598272138228944,Molto piccolo,Molto piccolo,1
2582,19115,Voltido,0,338,12.2425,27.608740044925465,0.0,0.0,Molto piccolo,Piccolo,1
2583,19116,Piadena Drizzona,28,3927,31.6906,123.91687124888767,0.8835427540027643,7.1301247771836005,Piccolo,Piccolo,1
2584,20001,Acquanegra sul Chiese,27,2775,28.0142,99.056906854381,0.9637969315561394,9.72972972972973,Piccolo,Piccolo,1
2585,20002,Asola,89,10009,73.4814,136.21134055693005,1.2111908591834124,8.891997202517734,Medio,Medio,1
2586,20003,Bagnolo San Vito,105,5817,49.2032,118.22401795005204,2.1340075442247657,18.050541516245488,Medio,Piccolo,0
2587,20007,Bozzolo,34,4060,18.8219,215.70617206551944,1.806406367051148,8.374384236453201,Piccolo,Piccolo,1
2588,20008,Canneto sull'Oglio,27,4194,25.8665,162.1402199756442,1.043821158641486,6.437768240343348,Piccolo,Piccolo,1
2589,20010,Casalmoro,10,2184,13.6958,159.46494545773157,0.7301508491654376,4.578754578754579,Piccolo,Piccolo,1
2590,20011,Casaloldo,15,2677,16.8495,158.8771180153714,0.8902341315766047,5.603287261860292,Piccolo,Piccolo,1
2591,20012,Casalromano,9,1472,12.0306,122.35466227785813,0.7480923644706,6.114130434782609,Piccolo,Piccolo,1
2592,20013,Castelbelforte,13,3266,22.342,146.1820785963656,0.5818637543639782,3.980404164115126,Piccolo,Piccolo,1
2593,20014,Castel d'Ario,39,4519,22.578,200.15058906900524,1.7273452032952432,8.630227926532418,Piccolo,Piccolo,1
2594,20015,Castel Goffredo,56,12628,42.4042,297.8006895543366,1.3206239004626898,4.434589800443459,Medio,Piccolo,1
2595,20016,Castellucchio,29,5176,46.3392,111.6980871486776,0.6258200400524826,5.602782071097373,Medio,Piccolo,1
2596,20017,Castiglione delle Stiviere,298,23483,42.0224,558.8210097471825,7.091455985379227,12.69003108631776,Grande,Piccolo,0
2597,20018,Cavriana,32,3761,36.9097,101.89733322134832,0.8669807665735565,8.508375432065941,Piccolo,Piccolo,1
2598,20019,Ceresara,13,2538,37.3082,68.02794023833903,0.3484488664690336,5.12214342001576,Piccolo,Piccolo,1
2599,20020,Commessaggio,16,1089,11.6487,93.48682685621571,1.373543828925116,14.692378328741963,Piccolo,Piccolo,0
2600,20021,Curtatone,163,14728,67.4705,218.2879925300687,2.4158706397610805,11.067354698533409,Medio,Medio,1
2601,20022,Dosolo,25,3304,25.5363,129.3844448882571,0.9789985236702264,7.566585956416465,Piccolo,Piccolo,1
2602,20024,Gazoldo degli Ippoliti,20,3000,13.0314,230.2131774022745,1.5347545160151634,6.666666666666667,Piccolo,Piccolo,1
2603,20025,Gazzuolo,16,2137,22.4871,95.03226294186445,0.7115190486990318,7.487131492746842,Piccolo,Piccolo,1
2604,20026,Goito,90,10028,79.2204,126.58355676063236,1.1360710120120576,8.974870362983646,Medio,Medio,1
2605,20027,Gonzaga,106,8758,49.8828,175.57153968903108,2.124980955359362,12.103219913222198,Medio,Piccolo,0
2606,20028,Guidizzolo,44,5962,22.3782,266.4199980338008,1.9661992474819243,7.380073800738007,Medio,Piccolo,1
2607,20029,Magnacavallo,4,1446,28.2002,51.2762320834604,0.1418429656527258,2.7662517289073305,Piccolo,Piccolo,1
2608,20030,Mantova,1045,48755,63.8062,764.1106977064925,16.377718779679718,21.433699107783816,Grande,Medio,3
2609,20031,Marcaria,87,6374,89.7889,70.9887302328016,0.9689393677837684,13.649199874490115,Medio,Medio,0
2610,20032,Mariana Mantovana,7,785,8.9126,88.07755312703364,0.7854049323429751,8.9171974522293,Molto piccolo,Molto piccolo,1
2611,20033,Marmirolo,94,7673,42.0156,182.62264492236216,2.2372642542293817,12.250749380946177,Medio,Piccolo,0
2612,20034,Medole,43,4120,25.7286,160.1330814735353,1.6712918697480623,10.436893203883496,Piccolo,Piccolo,1
2613,20035,Moglia,42,5327,31.8488,167.25904900655598,1.318731003993871,7.884362680683311,Medio,Piccolo,1
2614,20036,Monzambano,42,4929,30.0185,164.1987441078002,1.3991371987274517,8.520998174071819,Piccolo,Piccolo,1
2615,20037,Motteggiana,25,2443,24.7898,98.5485966002146,1.0084792939031375,10.233319688907082,Piccolo,Piccolo,1
2616,20038,Ostiglia,50,6621,39.8312,166.22647572757035,1.2552973548374138,7.551729346020238,Medio,Piccolo,1
2617,20039,Pegognaga,105,6921,46.5686,148.6194560283109,2.2547381712140795,15.17121803207629,Medio,Piccolo,0
2618,20041,Piubega,18,1704,16.5877,102.7267191955485,1.085141399952977,10.56338028169014,Piccolo,Piccolo,1
2619,20042,Poggio Rusco,34,6462,42.2867,152.81400534919962,0.8040353113390262,5.261528938409161,Medio,Piccolo,1
2620,20043,Pomponesco,12,1661,12.5587,132.2589121485504,0.9555129113682148,7.224563515954244,Piccolo,Piccolo,1
2621,20044,Ponti sul Mincio,13,2336,11.72,199.3174061433447,1.1092150170648465,5.565068493150685,Piccolo,Piccolo,1
2622,20045,Porto Mantovano,123,16481,37.443,440.1623801511631,3.2849931896482656,7.463139372610885,Medio,Piccolo,1
2623,20046,Quingentole,10,1057,14.3788,73.51100230895484,0.695468328372326,9.460737937559127,Piccolo,Piccolo,1
2624,20047,Quistello,38,5315,45.4336,116.98390618396958,0.8363854063952669,7.149576669802445,Medio,Piccolo,1
2625,20048,Redondesco,6,1208,19.0358,63.45937654314503,0.3151955788566806,4.966887417218543,Piccolo,Piccolo,1
2626,20050,Rivarolo Mantovano,23,2468,25.5452,96.6130623365642,0.9003648434931024,9.319286871961102,Piccolo,Piccolo,1
2627,20051,Rodigo,54,5254,41.6105,126.26620684682952,1.297749366145564,10.277883517320136,Medio,Piccolo,1
2628,20052,Roncoferraro,65,6843,63.4333,107.87709294644924,1.0246983839718256,9.498757854742072,Medio,Medio,1
2629,20053,Roverbella,96,8725,62.9802,138.5356032530859,1.5242885859365325,11.002865329512892,Medio,Medio,1
2630,20054,Sabbioneta,31,4145,37.2701,111.21515638541352,0.8317659464289069,7.478890229191798,Piccolo,Piccolo,1
2631,20055,San Benedetto Po,90,6774,69.9405,96.85375426255176,1.2868080725759752,13.286093888396811,Medio,Medio,0
2632,20056,San Giacomo delle Segnate,21,1513,15.9779,94.69329511387603,1.314315398143686,13.879709187045606,Piccolo,Piccolo,0
2633,20057,San Giorgio Bigarello,142,11830,51.5259,229.59327250955343,2.755895578728368,12.003381234150464,Medio,Medio,0
2634,20058,San Giovanni del Dosso,20,1251,15.3962,81.25381587664488,1.2990218365570725,15.987210231814547,Piccolo,Piccolo,0
2635,20059,San Martino dall'Argine,6,1638,16.9393,96.6982106698624,0.3542058998896058,3.663003663003663,Piccolo,Piccolo,1
2636,20060,Schivenoglia,6,1096,12.9551,84.59988730306983,0.4631380691773896,5.474452554744526,Piccolo,Piccolo,1
2637,20061,Sermide e Felonica,56,7195,79.8282,90.13105644371288,0.7015064851769175,7.78318276580959,Medio,Medio,1
2638,20062,Serravalle a Po,14,1468,26.2024,56.02540225322871,0.5343022013250694,9.536784741144414,Piccolo,Piccolo,1
2639,20063,Solferino,18,2659,13.0834,203.23463319932128,1.3757891679532843,6.769462203836028,Piccolo,Piccolo,1
2640,20064,Sustinente,3,2013,26.2721,76.62120652707625,0.1141895775366263,1.4903129657228018,Piccolo,Piccolo,1
2641,20065,Suzzara,291,20906,61.0987,342.1676729619452,4.762785460247108,13.919448962020471,Grande,Medio,0
2642,20066,Viadana,245,19822,103.8408,190.8883598739609,2.359380898452246,12.360004035919683,Medio,Grande,0
2643,20068,Villimpenta,9,2103,14.8432,141.6810391290288,0.6063382559016923,4.279600570613409,Piccolo,Piccolo,1
2644,20070,Volta Mantovana,51,7171,50.4845,142.04359753983897,1.01021105487823,7.1119788035141545,Medio,Medio,1
2645,20071,Borgo Virgilio,183,14676,69.9866,209.69728490882545,2.614786259083882,12.469337694194603,Medio,Medio,0
2646,20072,Borgo Mantovano,31,5416,41.1687,131.55625511614406,0.7529992445717256,5.7237813884785815,Medio,Piccolo,1
2647,20073,Borgocarbonara,10,1912,30.4948,62.69921429227278,0.3279247609428493,5.230125523012552,Piccolo,Piccolo,1
2648,21001,Aldino/Aldein,12,1653,62.6899,26.367883821795854,0.1914183943506051,7.259528130671506,Piccolo,Medio,1
2649,21002,Andriano/Andrian,11,1021,4.8912,208.7422309453713,2.2489368662087013,10.773751224289912,Piccolo,Molto piccolo,1
2650,21003,Anterivo/Altrei,6,399,11.0641,36.06258077927712,0.5422944478086785,15.037593984962406,Molto piccolo,Piccolo,0
2651,21004,Appiano sulla strada del vino/Eppan an der Weinstraße,245,14890,59.4501,250.4621522924268,4.121103244569816,16.453995970449967,Medio,Medio,0
2652,21005,Avelengo/Hafling,15,794,27.3952,28.98317953510104,0.5475411750963672,18.891687657430733,Molto piccolo,Piccolo,0
2653,21006,Badia/Abtei,29,3664,83.0703,44.107220029300485,0.3491019052537429,7.914847161572052,Piccolo,Medio,1
2654,21007,Barbiano/Barbian,40,1765,24.5112,72.00789843010543,1.6319070465746273,22.6628895184136,Piccolo,Piccolo,0
2655,21008,Bolzano/Bozen,2996,107467,52.291,2055.172018129315,57.294754355434016,27.878325439437223,Grande,Medio,2
2656,21009,Braies/Prags,9,666,90.213,7.382528017026371,0.0997638921219779,13.513513513513514,Molto piccolo,Medio,0
2657,21010,Brennero/Brenner,40,2291,114.2919,20.045165055441373,0.3499810572752749,17.459624618070713,Piccolo,Grande,0
2658,21011,Bressanone/Brixen,207,22698,84.6986,267.9855393123381,2.4439601126819097,9.119746233148296,Grande,Medio,1
2659,21012,Bronzolo/Branzoll,30,2765,7.5395,366.7351946415545,3.979043703163339,10.8499095840868,Piccolo,Molto piccolo,1
2660,21013,Brunico/Bruneck,172,16944,44.9974,376.55508984963575,3.822443074488748,10.151085930122758,Medio,Piccolo,1
2661,21014,Caines/Kuens,3,389,1.6344,238.0078316201664,1.8355359765051396,7.712082262210797,Molto piccolo,Molto piccolo,1
2662,21015,Caldaro sulla strada del vino/Kaltern an der Weinstraße,122,8113,48.0442,168.86533650263718,2.5393283684607093,15.037593984962406,Medio,Piccolo,0
2663,21016,Campo di Trens/Freienfeld,62,2718,95.3854,28.49492689656908,0.6499946532697876,22.810890360559235,Piccolo,Medio,0
2664,21017,Campo Tures/Sand in Taufers,35,5612,163.9801,34.22366494470975,0.2134405333330081,6.23663578047042,Medio,Grande,1
2665,21018,Castelbello-Ciardes/Kastelbell-Tschars,52,2375,53.791,44.15236749642133,0.9667044672900672,21.894736842105264,Piccolo,Medio,0
2666,21019,Castelrotto/Kastelruth,62,7057,117.897,59.85733309583789,0.525882762071978,8.785602947428085,Medio,Grande,1
2667,21020,Cermes/Tscherms,11,1589,6.6239,239.88888721146157,1.660653089569589,6.922592825676526,Piccolo,Molto piccolo,1
2668,21021,Chienes/Kiens,54,2957,33.6801,87.79665143512044,1.6033206552237076,18.26175177544809,Piccolo,Piccolo,0
2669,21022,Chiusa/Klausen,59,5178,51.289,100.95732028310164,1.1503441283706055,11.394360757049052,Medio,Medio,1
2670,21023,Cornedo all'Isarco/Karneid,91,3433,40.6107,84.53437148337753,2.24078875764269,26.507427905621903,Piccolo,Piccolo,0
2671,21024,Cortaccia sulla strada del vino/Kurtatsch an der Weinstraße,24,2220,29.2676,75.85179515915209,0.8200194071259687,10.81081081081081,Piccolo,Piccolo,1
2672,21025,Cortina sulla strada del vino/Kurtinig an der Weinstraße,6,654,1.999,327.1635817908954,3.001500750375188,9.174311926605505,Molto piccolo,Molto piccolo,1
2673,21026,Corvara in Badia/Corvara,22,1487,38.8358,38.289413376317725,0.5664876222454539,14.794889038332212,Piccolo,Piccolo,0
2674,21027,Curon Venosta/Graun im Vinschgau,26,2322,209.6475,11.075734268235967,0.1240176963712899,11.19724375538329,Piccolo,Grande,1
2675,21028,Dobbiaco/Toblach,38,3393,125.3018,27.078621376548465,0.3032677902472271,11.199528440907752,Piccolo,Grande,1
2676,21029,Egna/Neumarkt,82,5459,23.5693,231.61485491720163,3.4791020522459304,15.021066129327716,Medio,Piccolo,0
2677,21030,Falzes/Pfalzen,17,2912,33.1315,87.89218719345637,0.513106862049711,5.837912087912088,Piccolo,Piccolo,1
2678,21031,Fiè allo Sciliar/Völs am Schlern,38,3650,43.9578,83.03418278439777,0.8644654646046891,10.41095890410959,Piccolo,Piccolo,1
2679,21032,Fortezza/Franzensfeste,38,1026,61.772,16.609467072460014,0.6151654471281487,37.03703703703704,Piccolo,Medio,0
2680,21033,Funes/Villnöß,24,2560,81.3811,31.456935332650943,0.2949087687436026,9.375,Piccolo,Medio,1
2681,21034,Gais/Gais,21,3238,60.6146,53.41947319622665,0.3464511850280295,6.4854848672019765,Piccolo,Medio,1
2682,21035,Gargazzone/Gargazon,23,1821,4.9136,370.6040377727125,4.68088570498209,12.630422844590884,Piccolo,Molto piccolo,0
2683,21036,Glorenza/Glurns,14,913,13.2189,69.06777417182973,1.059089636807904,15.33406352683461,Molto piccolo,Piccolo,0
2684,21037,Laces/Latsch,50,5286,78.7048,67.16235858549923,0.6352852684969659,9.458948164964056,Medio,Medio,1
2685,21038,Lagundo/Algund,65,5081,23.6837,214.53573554807733,2.7445036037443478,12.792757331234007,Medio,Piccolo,0
2686,21039,Laion/Lajen,61,2717,37.525,72.40506329113924,1.625582944703531,22.451232977548766,Piccolo,Piccolo,0
2687,21040,Laives/Leifers,162,18178,24.1083,754.0141776898413,6.719677455482137,8.911871493013534,Medio,Piccolo,1
2688,21041,Lana/Lana,152,12567,36.1238,347.88698863353244,4.207752229831856,12.095169889392851,Medio,Piccolo,0
2689,21042,Lasa/Laas,39,4107,110.2235,37.260656756499294,0.3538265433414834,9.495982468955445,Piccolo,Grande,1
2690,21043,Lauregno/Laurein,2,337,13.8848,24.27114542521318,0.1440424060843512,5.934718100890208,Molto piccolo,Piccolo,1
2691,21044,Luson/Lüsen,7,1553,74.4127,20.87009341147412,0.0940699638636953,4.507405022537025,Piccolo,Medio,1
2692,21045,Magrè sulla strada del vino/Margreid an der Weinstraße,7,1296,13.8641,93.47884103548012,0.5049011475681797,5.401234567901234,Piccolo,Piccolo,1
2693,21046,Malles Venosta/Mals,53,5170,247.425,20.89522077397191,0.214206325149035,10.251450676982593,Medio,Grande,1
2694,21047,Marebbe/Enneberg,27,3192,160.2279,19.9216241366204,0.1685099785992327,8.458646616541353,Piccolo,Grande,1
2695,21048,Marlengo/Marling,33,2847,12.8631,221.3307834036896,2.56547799519556,11.591148577449948,Piccolo,Piccolo,0
2696,21049,Martello/Martell,5,832,142.7992,5.826363172902929,0.0350142017602339,6.009615384615385,Molto piccolo,Grande,1
2697,21050,Meltina/Mölten,7,1686,36.9539,45.62441312013076,0.1894252027526188,4.151838671411625,Piccolo,Piccolo,1
2698,21051,Merano/Meran,713,40900,26.3399,1552.777345396148,27.06919919969324,17.43276283618582,Grande,Piccolo,3
2699,21052,Monguelfo-Tesido/Welsberg-Taisten,30,2906,46.4364,62.58021724336943,0.6460449130423547,10.32346868547832,Piccolo,Piccolo,1
2700,21053,Montagna/Montan,50,1720,19.5102,88.15901425920799,2.562762042418837,29.069767441860463,Piccolo,Piccolo,0
2701,21054,Moso in Passiria/Moos in Passeier,25,2050,193.5284,10.592760545739024,0.1291800066553539,12.195121951219512,Piccolo,Grande,0
2702,21055,Nalles/Nals,32,2050,12.2399,167.48502847245484,2.6144004444480755,15.609756097560975,Piccolo,Piccolo,0
2703,21056,Naturno/Naturns,64,6009,67.1127,89.53595966188217,0.9536198066833848,10.650690630720586,Medio,Medio,1
2704,21057,Naz-Sciaves/Natz-Schabs,35,3329,15.9599,208.58526682498007,2.1929961967180245,10.513667768098529,Piccolo,Piccolo,1
2705,21058,Nova Levante/Welschnofen,17,2022,51.0956,39.572879073736296,0.3327096658029262,8.40751730959446,Piccolo,Medio,1
2706,21059,Nova Ponente/Deutschnofen,27,4029,112.4933,35.81546634332889,0.2400142941846314,6.7014147431124345,Piccolo,Grande,1
2707,21060,Ora/Auer,52,3948,11.788,334.916864608076,4.411265693926026,13.171225937183385,Piccolo,Piccolo,0
2708,21061,Ortisei/St. Ulrich,15,4891,24.1564,202.4722226821877,0.6209534533291384,3.066857493355142,Piccolo,Piccolo,1
2709,21062,Parcines/Partschins,61,3862,55.3974,69.71446313364888,1.101134710293263,15.79492490937338,Piccolo,Medio,0
2710,21063,Perca/Percha,25,1643,30.364,54.11013041759979,0.8233434330127782,15.216068167985393,Piccolo,Piccolo,0
2711,21064,Plaus/Plaus,2,743,4.866,152.69214960953556,0.4110152075626798,2.6917900403768504,Molto piccolo,Molto piccolo,1
2712,21065,Ponte Gardena/Waidbruck,14,201,2.3282,86.33278927927155,6.013229104028864,69.65174129353234,Molto piccolo,Molto piccolo,0
2713,21066,Postal/Burgstall,25,1951,6.6921,291.53778335649497,3.735748120918695,12.813941568426449,Piccolo,Molto piccolo,0
2714,21067,Prato allo Stelvio/Prad am Stilfserjoch,25,3667,51.0018,71.89942315761404,0.4901787780039136,6.817562039814562,Piccolo,Medio,1
2715,21068,Predoi/Prettau,4,538,86.3567,6.229974049494712,0.0463195096616707,7.434944237918216,Molto piccolo,Medio,1
2716,21069,Proves/Proveis,4,252,18.3685,13.719138742956693,0.2177641070310585,15.873015873015872,Molto piccolo,Piccolo,0
2717,21070,Racines/Ratschings,28,4576,203.2838,22.510401714253668,0.1377384720277759,6.118881118881119,Piccolo,Grande,1
2718,21071,Rasun-Anterselva/Rasen-Antholz,34,2948,121.5728,24.248845136412093,0.279667820433518,11.533242876526458,Piccolo,Grande,1
2719,21072,Renon/Ritten,87,7986,111.3601,71.7132976712485,0.7812492984471099,10.894064613072878,Medio,Grande,1
2720,21073,Rifiano/Riffian,29,1380,35.9426,38.39455131237028,0.8068420203324189,21.014492753623188,Piccolo,Piccolo,0
2721,21074,Rio di Pusteria/Mühlbach,35,3212,83.8233,38.318701363463376,0.4175450024038662,10.896637608966376,Piccolo,Medio,1
2722,21075,Rodengo/Rodeneck,0,1269,29.6182,42.84527756582101,0.0,0.0,Piccolo,Piccolo,1
2723,21076,Salorno sulla strada del vino/Salurn an der Weinstraße,48,3802,33.125,114.77735849056604,1.4490566037735848,12.62493424513414,Piccolo,Piccolo,0
2724,21077,San Candido/Innichen,27,3438,79.8468,43.05745502637551,0.3381475525631584,7.853403141361256,Piccolo,Medio,1
2725,21079,San Genesio Atesino/Jenesien,12,3079,68.8368,44.72898217232643,0.1743253608534969,3.897369275738876,Piccolo,Medio,1
2726,21080,San Leonardo in Passiria/St. Leonhard in Passeier,44,3577,89.0273,40.178686762375136,0.4942304214549919,12.300810735253004,Piccolo,Medio,0
2727,21081,San Lorenzo di Sebato/St. Lorenzen,51,3864,51.4599,75.08759247491737,0.991062944156518,13.198757763975156,Piccolo,Medio,0
2728,21082,San Martino in Badia/St. Martin in Thurn,11,1769,75.9429,23.29381680183401,0.1448456669418734,6.218202374222725,Piccolo,Medio,1
2729,21083,San Martino in Passiria/St. Martin in Passeier,27,3223,29.9913,107.46449803776429,0.9002610757119565,8.377288240769468,Piccolo,Piccolo,1
2730,21084,San Pancrazio/St. Pankraz,21,1524,63.1725,24.12442122759112,0.3324231271518461,13.77952755905512,Piccolo,Medio,0
2731,21085,Santa Cristina Valgardena/St. Christina in Gröden,10,2036,31.9231,63.778267148240616,0.3132527856003959,4.911591355599214,Piccolo,Piccolo,1
2732,21086,Sarentino/Sarntal,32,7128,302.2703,23.58154274501993,0.1058655117621546,4.489337822671156,Medio,Molto grande,1
2733,21087,Scena/Schenna,30,3053,48.1303,63.43197528376096,0.6233079785498948,9.82640026203734,Piccolo,Piccolo,1
2734,21088,Selva dei Molini/Mühlwald,5,1402,104.7871,13.379509500692356,0.0477157970780754,3.566333808844508,Piccolo,Grande,1
2735,21089,Selva di Val Gardena/Wolkenstein in Gröden,38,2736,56.2399,48.64873515066706,0.6756768770925979,13.888888888888888,Piccolo,Medio,0
2736,21091,Senales/Schnals,13,1272,209.8369,6.061850894671052,0.061952878640506,10.22012578616352,Piccolo,Grande,1
2737,21092,Sesto/Sexten,11,1900,80.429,23.62331994678536,0.1367665891655994,5.789473684210527,Piccolo,Medio,1
2738,21093,Silandro/Schlanders,62,6264,115.1716,54.38840825342359,0.5383271570421875,9.897828863346106,Medio,Grande,1
2739,21094,Sluderno/Schluderns,22,1811,20.7177,87.41317810374703,1.0618939361029458,12.14798453892877,Piccolo,Piccolo,0
2740,21095,Stelvio/Stilfs,26,1201,141.6216,8.480344806159513,0.1835878142882159,21.64862614487927,Piccolo,Grande,0
2741,21096,Terento/Terenten,5,1771,42.1614,42.00524650509708,0.118591887366169,2.82326369282891,Piccolo,Piccolo,1
2742,21097,Terlano/Terlan,64,4699,18.5685,253.06298300885908,3.4466973638150638,13.619919131730155,Piccolo,Piccolo,0
2743,21098,Termeno sulla strada del vino/Tramin an der Weinstraße,49,3473,19.4389,178.6623728708929,2.520718764950692,14.108839619925137,Piccolo,Piccolo,0
2744,21099,Tesimo/Tisens,17,1982,38.125,51.98688524590164,0.4459016393442623,8.577194752774973,Piccolo,Piccolo,1
2745,21100,Tires/Tiers,7,1008,42.181,23.89701524383016,0.1659514947488205,6.944444444444444,Piccolo,Piccolo,1
2746,21101,Tirolo/Tirol,33,2530,25.6182,98.75791429530568,1.2881467081996392,13.043478260869565,Piccolo,Piccolo,0
2747,21102,Trodena nel parco naturale/Truden im Naturpark,8,1043,20.5608,50.72759814793199,0.389089918680207,7.670182166826462,Piccolo,Piccolo,1
2748,21103,Tubre/Taufers im Münstertal,6,968,46.2665,20.92226557012093,0.129683464277609,6.198347107438017,Molto piccolo,Piccolo,1
2749,21104,Ultimo/Ulten,16,2886,208.1174,13.867173047520293,0.0768796842551367,5.544005544005544,Piccolo,Grande,1
2750,21105,Vadena/Pfatten,56,1120,13.7358,81.53875274829278,4.076937637414639,50.0,Piccolo,Piccolo,0
2751,21106,Valdaora/Olang,19,3192,49.076,65.0419757111419,0.3871546173282256,5.952380952380952,Piccolo,Piccolo,1
2752,21107,Val di Vizze/Pfitsch,8,3069,142.1207,21.59432088358698,0.0562901815147265,2.606712284131639,Piccolo,Grande,1
2753,21108,Valle Aurina/Ahrntal,41,5971,187.8882,31.77953697997,0.2182148745903148,6.866521520683302,Medio,Grande,1
2754,21109,Valle di Casies/Gsies,16,2323,110.1339,21.09250648528745,0.1452777028689622,6.887645286267757,Piccolo,Grande,1
2755,21110,Vandoies/Vintl,33,3309,110.8179,29.85979701835173,0.2977858270189202,9.9728014505893,Piccolo,Grande,1
2756,21111,Varna/Vahrn,94,4870,70.3417,69.23347033125444,1.336333924258299,19.301848049281315,Piccolo,Medio,0
2757,21112,Verano/Vöran,7,982,22.009,44.61811077286565,0.3180517061202235,7.1283095723014265,Molto piccolo,Piccolo,1
2758,21113,Villabassa/Niederdorf,28,1587,18.0325,88.007763759878,1.552751975599612,17.643352236925015,Piccolo,Piccolo,0
2759,21114,Villandro/Villanders,12,1887,43.9501,42.93505589293312,0.2730369214176987,6.359300476947536,Piccolo,Piccolo,1
2760,21115,Vipiteno/Sterzing,60,6959,32.9648,211.103965441926,1.8201232830170369,8.621928437993965,Medio,Piccolo,1
2761,21116,Velturno/Feldthurns,68,3025,24.5844,123.045508533867,2.765981679438994,22.479338842975206,Piccolo,Piccolo,0
2762,21117,La Valle/Wengen,10,1380,38.9177,35.45944390341669,0.2569524920537441,7.246376811594203,Piccolo,Piccolo,1
2763,21118,Senale-San Felice/Unsere Liebe Frau im Walde-St. Felix,4,775,27.6313,28.047902197869806,0.1447633661825538,5.161290322580645,Molto piccolo,Piccolo,1
2764,22001,Ala,85,8792,119.855,73.35530432606065,0.709190271578157,9.667879890809829,Medio,Grande,1
2765,22002,Albiano,6,1500,9.9642,150.53892936713433,0.6021557174685374,4.0,Piccolo,Molto piccolo,1
2766,22003,Aldeno,16,3187,8.9704,355.2795861945956,1.7836439846606618,5.020395356134295,Piccolo,Molto piccolo,1
2767,22005,Andalo,12,1268,11.3783,111.44019756905688,1.0546390937134722,9.46372239747634,Piccolo,Piccolo,1
2768,22006,Arco,299,17798,63.2175,281.5359670977182,4.729703009451497,16.799640409034723,Medio,Medio,0
2769,22007,Avio,40,4072,68.8883,59.11018271607806,0.5806501249123581,9.823182711198427,Piccolo,Medio,1
2770,22009,Baselga di Pinè,32,5074,41.0709,123.54245950295709,0.7791404619815977,6.30666141111549,Medio,Piccolo,1
2771,22011,Bedollo,10,1470,27.4595,53.533385531419,0.3641726906899252,6.802721088435374,Piccolo,Piccolo,1
2772,22013,Besenello,28,2746,25.9369,105.87232861290283,1.079543044851158,10.196649672250546,Piccolo,Piccolo,1
2773,22015,Bieno,2,446,11.711,38.08385278797712,0.1707796089146955,4.484304932735426,Molto piccolo,Piccolo,1
2774,22017,Bleggio Superiore,4,1516,32.674,46.39774744445125,0.1224214972149109,2.638522427440633,Piccolo,Piccolo,1
2775,22018,Bocenago,4,396,8.4527,46.84893584298508,0.4732215741715664,10.101010101010102,Molto piccolo,Molto piccolo,1
2776,22021,Bondone,2,639,19.1849,33.3074449176175,0.1042486538892566,3.129890453834116,Molto piccolo,Piccolo,1
2777,22022,Borgo Valsugana,54,6984,52.3633,133.3758567546354,1.031256624391511,7.731958762886598,Medio,Medio,1
2778,22025,Brentonico,17,4021,62.74,64.08989480395282,0.2709595154606312,4.227804028848545,Piccolo,Medio,1
2779,22026,Bresimo,1,250,41.0139,6.095494454319145,0.0243819778172765,4.0,Molto piccolo,Piccolo,1
2780,22029,Caderzone Terme,3,681,18.607,36.59912935991832,0.1612296447573493,4.405286343612335,Molto piccolo,Piccolo,1
2781,22032,Calceranica al Lago,14,1376,3.3945,405.3616143761968,4.124318750920607,10.174418604651164,Piccolo,Molto piccolo,1
2782,22033,Caldes,17,1094,20.8086,52.57441634708727,0.8169699066732025,15.53930530164534,Piccolo,Piccolo,0
2783,22034,Caldonazzo,39,3855,21.4132,180.02914090374162,1.8213064838510824,10.116731517509727,Piccolo,Piccolo,1
2784,22035,Calliano,36,1996,10.1988,195.70929913323133,3.5298270384751147,18.03607214428858,Piccolo,Piccolo,0
2785,22036,Campitello di Fassa,1,709,25.0233,28.333593091238967,0.0399627547126078,1.4104372355430184,Molto piccolo,Piccolo,1
2786,22037,Campodenno,12,1520,25.023,60.74411541381929,0.4795588058985733,7.894736842105264,Piccolo,Piccolo,1
2787,22038,Canal San Bovo,9,1457,125.6823,11.592722284681296,0.0716091287317307,6.177076183939602,Piccolo,Grande,1
2788,22039,Canazei,12,2015,67.0177,30.066683876050654,0.1790571744479443,5.955334987593052,Piccolo,Medio,1
2789,22040,Capriana,11,579,12.8188,45.16803444940244,0.858114644116454,18.99827288428325,Molto piccolo,Piccolo,0
2790,22042,Carisolo,5,950,25.1224,37.81485845301405,0.1990255708053371,5.263157894736842,Molto piccolo,Piccolo,1
2791,22043,Carzano,0,520,1.8202,285.68289198989123,0.0,0.0,Molto piccolo,Molto piccolo,1
2792,22045,Castel Condino,2,219,11.1004,19.72901877409823,0.180173687434687,9.1324200913242,Molto piccolo,Piccolo,1
2793,22047,Castello-Molina di Fiemme,42,2320,54.5589,42.5228514504508,0.7698102417754024,18.10344827586207,Piccolo,Medio,0
2794,22048,Castello Tesino,18,1167,112.8343,10.342599723665588,0.1595259597480553,15.424164524421592,Piccolo,Grande,0
2795,22049,Castelnuovo,6,1066,13.1441,81.10102631598969,0.4564785721350263,5.628517823639775,Piccolo,Piccolo,1
2796,22050,Cavalese,43,4041,45.3757,89.05647736563843,0.9476437829058284,10.640930462756744,Piccolo,Piccolo,1
2797,22051,Cavareno,7,1117,9.4842,117.7748254992514,0.7380696315978154,6.266786034019696,Piccolo,Molto piccolo,1
2798,22052,Cavedago,8,545,10.028,54.34782608695652,0.7977662544874351,14.678899082568808,Molto piccolo,Piccolo,0
2799,22053,Cavedine,12,3003,38.2265,78.55806835572182,0.3139183550678194,3.996003996003996,Piccolo,Piccolo,1
2800,22054,Cavizzana,0,233,3.377,68.99615042937519,0.0,0.0,Molto piccolo,Molto piccolo,1
2801,22058,Cimone,4,708,9.807,72.19333129397369,0.4078719282145406,5.649717514124294,Molto piccolo,Molto piccolo,1
2802,22059,Cinte Tesino,2,348,30.2967,11.4863995088574,0.0660137902807896,5.747126436781609,Molto piccolo,Piccolo,1
2803,22060,Cis,5,298,5.4976,54.20547147846332,0.909487776484284,16.778523489932887,Molto piccolo,Molto piccolo,0
2804,22061,Civezzano,62,4080,15.6663,260.431627123188,3.957539431773936,15.196078431372548,Piccolo,Piccolo,0
2805,22062,Cles,74,7155,39.1656,182.6858263373981,1.8894131584860183,10.342417889587702,Medio,Piccolo,1
2806,22064,Commezzadura,11,1019,22.0249,46.265817324936776,0.4994347306911723,10.794896957801766,Piccolo,Piccolo,1
2807,22068,Croviana,6,688,4.9892,137.8978593762527,1.202597610839413,8.720930232558139,Molto piccolo,Molto piccolo,1
2808,22071,Dambel,1,421,5.1451,81.82542613360285,0.1943596820275601,2.375296912114014,Molto piccolo,Molto piccolo,1
2809,22074,Denno,14,1211,10.644,113.77301766253288,1.3152950018789928,11.560693641618496,Piccolo,Piccolo,0
2810,22078,Drena,6,574,8.3367,68.85218371777802,0.7197092374680628,10.452961672473869,Molto piccolo,Molto piccolo,1
2811,22079,Dro,83,5057,27.9534,180.90822583299348,2.9692273569583665,16.412893019576824,Medio,Piccolo,0
2812,22081,Fai della Paganella,7,914,12.1293,75.35471956337133,0.5771149200695835,7.658643326039387,Molto piccolo,Piccolo,1
2813,22083,Fiavè,12,1055,24.2822,43.44746357414073,0.4941891591371457,11.374407582938389,Piccolo,Piccolo,1
2814,22085,Fierozzo,1,481,17.9425,26.807858436672703,0.0557335934234359,2.079002079002079,Molto piccolo,Piccolo,1
2815,22087,Folgaria,47,3150,71.6258,43.97856638250463,0.6561881333262596,14.92063492063492,Piccolo,Medio,0
2816,22089,Fornace,8,1319,7.2241,182.58329757340016,1.107404382552844,6.0652009097801365,Piccolo,Molto piccolo,1
2817,22090,Frassilongo,5,342,16.6807,20.502736695702215,0.2997476125102663,14.619883040935672,Molto piccolo,Piccolo,0
2818,22091,Garniga Terme,3,393,13.1251,29.942629008540887,0.2285696870880983,7.633587786259541,Molto piccolo,Piccolo,1
2819,22092,Giovo,18,2520,20.8129,121.07875404196436,0.8648482431568884,7.142857142857142,Piccolo,Piccolo,1
2820,22093,Giustino,4,749,39.3866,19.016619865639584,0.1015573824600244,5.34045393858478,Molto piccolo,Piccolo,1
2821,22095,Grigno,11,2086,46.3809,44.97541013650016,0.2371665922825991,5.273250239693192,Piccolo,Piccolo,1
2822,22097,Imer,14,1177,27.7294,42.44592382092653,0.5048792977850224,11.8946474086661,Piccolo,Piccolo,0
2823,22098,Isera,30,2754,14.092,195.43003122338916,2.128867442520579,10.893246187363834,Piccolo,Piccolo,1
2824,22102,Lavarone,11,1186,26.3125,45.073634204275535,0.4180522565320665,9.27487352445194,Piccolo,Piccolo,1
2825,22103,Lavis,74,9119,12.1781,748.8031794779153,6.076481552951609,8.114924882114266,Medio,Piccolo,1
2826,22104,Levico Terme,96,8003,62.8282,127.37910683419229,1.5279762909012196,11.995501686867424,Medio,Medio,0
2827,22106,Livo,11,790,15.2178,51.91289148234304,0.7228377295009791,13.924050632911392,Molto piccolo,Piccolo,0
2828,22108,Lona-Lases,14,870,11.3726,76.49965707050279,1.2310289643529184,16.091954022988507,Molto piccolo,Piccolo,0
2829,22109,Luserna,0,268,8.1971,32.694489514584426,0.0,0.0,Molto piccolo,Molto piccolo,1
2830,22110,Malé,12,2219,26.5277,83.64841279115792,0.4523573472257301,5.407841369986481,Piccolo,Piccolo,1
2831,22112,Massimeno,0,144,21.0322,6.846644668650926,0.0,0.0,Molto piccolo,Piccolo,1
2832,22113,Mazzin,11,598,23.6281,25.30884836275452,0.4655473779102001,18.39464882943144,Molto piccolo,Piccolo,0
2833,22114,Mezzana,7,874,27.3498,31.956357998961604,0.2559433707010655,8.009153318077804,Molto piccolo,Piccolo,1
2834,22115,Mezzano,7,1594,48.8455,32.63350769262266,0.1433090049236879,4.391468005018821,Piccolo,Piccolo,1
2835,22116,Mezzocorona,35,5528,25.353,218.0412574448783,1.3805072378022325,6.331403762662808,Medio,Piccolo,1
2836,22117,Mezzolombardo,87,7361,13.879,530.3696231716983,6.268463145759781,11.819046325227552,Medio,Piccolo,0
2837,22118,Moena,19,2682,82.5944,32.471935143302694,0.2300398089943144,7.084265473527219,Piccolo,Medio,1
2838,22120,Molveno,10,1134,34.1156,33.23992543000856,0.2931210355379943,8.818342151675484,Piccolo,Piccolo,1
2839,22123,Mori,105,9974,34.4834,289.24062012446564,3.044943364053428,10.527371165029075,Medio,Piccolo,1
2840,22124,Nago-Torbole,85,2847,28.3842,100.30228084638637,2.9946237695619398,29.85598876009835,Piccolo,Piccolo,0
2841,22127,Nogaredo,30,2075,3.6147,574.0448723268875,8.299443937256203,14.457831325301203,Piccolo,Molto piccolo,0
2842,22128,Nomi,29,1312,6.4887,202.1976667129009,4.469308181916254,22.103658536585364,Piccolo,Molto piccolo,0
2843,22129,Novaledo,8,1095,7.9653,137.4712816843057,1.0043563958670734,7.30593607305936,Piccolo,Molto piccolo,1
2844,22130,Ospedaletto,6,790,16.7474,47.17150124795491,0.3582645664401638,7.594936708860759,Molto piccolo,Piccolo,1
2845,22131,Ossana,8,834,25.2486,33.03153442171051,0.3168492510475828,9.592326139088728,Molto piccolo,Piccolo,1
2846,22133,Palù del Fersina,3,165,16.6481,9.911040899562112,0.180200743628402,18.18181818181818,Molto piccolo,Piccolo,0
2847,22134,Panchià,8,824,20.2112,40.76947435085497,0.395820139328689,9.70873786407767,Molto piccolo,Piccolo,1
2848,22135,Ronzo-Chienis,3,987,13.2084,74.72517488870719,0.2271281911510856,3.0395136778115504,Molto piccolo,Piccolo,1
2849,22136,Peio,7,1834,162.3024,11.299894517887598,0.0431293683888839,3.8167938931297702,Piccolo,Grande,1
2850,22137,Pellizzano,5,782,48.3606,16.170188128352418,0.1033899496697725,6.39386189258312,Molto piccolo,Piccolo,1
2851,22138,Pelugo,7,390,22.9782,16.972608820534244,0.3046365685736916,17.94871794871795,Molto piccolo,Piccolo,0
2852,22139,Pergine Valsugana,194,21486,54.3284,395.4837617157877,3.570876374051141,9.029135250861025,Grande,Medio,1
2853,22142,Pieve Tesino,4,637,69.2335,9.200748192710176,0.0577754988553229,6.279434850863423,Molto piccolo,Medio,1
2854,22143,Pinzolo,19,3150,69.321,45.44077552256892,0.2740872174377173,6.0317460317460325,Piccolo,Medio,1
2855,22144,Pomarolo,15,2418,9.2285,262.0144118762529,1.62539957739611,6.20347394540943,Piccolo,Molto piccolo,1
2856,22147,Predazzo,36,4522,109.9648,41.12225002910022,0.3273774880689093,7.961079168509509,Piccolo,Grande,1
2857,22150,Rabbi,5,1335,132.7874,10.05366473023796,0.0376541750196178,3.745318352059925,Piccolo,Grande,1
2858,22153,Riva del Garda,265,17646,40.7248,433.2986288453228,6.507091501984049,15.017567720729913,Medio,Piccolo,0
2859,22155,Romeno,19,1384,9.1279,151.62304582653184,2.0815302533989195,13.728323699421964,Piccolo,Molto piccolo,0
2860,22156,Roncegno Terme,20,2897,38.0833,76.0700884639724,0.5251645734482043,6.903693476009665,Piccolo,Piccolo,1
2861,22157,Ronchi Valsugana,1,460,10.003,45.98620413875837,0.0999700089973008,2.1739130434782608,Molto piccolo,Piccolo,1
2862,22159,Ronzone,7,439,5.2973,82.87240669775169,1.3214278972306648,15.945330296127564,Molto piccolo,Molto piccolo,0
2863,22160,Roverè della Luna,1,1632,10.4144,156.7060992471962,0.0960208941465662,0.6127450980392157,Piccolo,Piccolo,1
2864,22161,Rovereto,516,39954,50.9842,783.6545439567552,10.12078251693662,12.914852079891876,Grande,Medio,0
2865,22162,Ruffrè-Mendola,6,407,6.58,61.85410334346504,0.9118541033434652,14.742014742014742,Molto piccolo,Molto piccolo,0
2866,22163,Rumo,2,813,30.854,26.34990600894536,0.0648214169961755,2.4600246002460024,Molto piccolo,Piccolo,1
2867,22164,Sagron Mis,1,179,11.0617,16.18196118137357,0.0904020177730366,5.58659217877095,Molto piccolo,Piccolo,1
2868,22165,Samone,1,554,4.902,113.01509587923296,0.2039983680130559,1.8050541516245489,Molto piccolo,Molto piccolo,1
2869,22167,San Michele all'Adige,39,3956,15.9962,247.3087358247584,2.438079043772896,9.858442871587462,Piccolo,Piccolo,1
2870,22168,Sant'Orsola Terme,6,1120,15.3639,72.89815736889723,0.3905258430476637,5.357142857142857,Piccolo,Piccolo,1
2871,22169,Sanzeno,13,916,7.8749,116.31893738333184,1.6508146135189017,14.192139737991267,Molto piccolo,Molto piccolo,0
2872,22170,Sarnonico,6,794,12.1898,65.13642553610396,0.4922148025398283,7.556675062972292,Molto piccolo,Piccolo,1
2873,22171,Scurelle,6,1373,29.9965,45.77200673411898,0.2000233360558732,4.369992716678805,Piccolo,Piccolo,1
2874,22172,Segonzano,13,1403,20.7121,67.73818202886235,0.6276524350500432,9.265858873841768,Piccolo,Piccolo,1
2875,22173,Sfruz,1,364,11.8085,30.825252995723417,0.0846847609772621,2.7472527472527477,Molto piccolo,Piccolo,1
2876,22176,Soraga di Fassa,7,691,19.7447,34.99673330058192,0.3545255182403379,10.130246020260492,Molto piccolo,Piccolo,1
2877,22177,Sover,13,785,14.822,52.96181352044259,0.8770746188098772,16.560509554140125,Molto piccolo,Piccolo,0
2878,22179,Spiazzo,18,1244,71.06,17.506332676611315,0.2533070644525753,14.469453376205788,Piccolo,Medio,0
2879,22180,Spormaggiore,17,1258,30.2,41.65562913907285,0.5629139072847682,13.513513513513514,Piccolo,Piccolo,0
2880,22181,Sporminore,6,705,17.4709,40.352815252791785,0.3434282149173769,8.51063829787234,Molto piccolo,Piccolo,1
2881,22182,Stenico,7,1178,49.1459,23.96944607790273,0.1424330412099483,5.942275042444821,Piccolo,Piccolo,1
2882,22183,Storo,59,4534,62.9318,72.0462468894899,0.9375228421878924,13.012792236435818,Piccolo,Medio,0
2883,22184,Strembo,1,609,38.3312,15.887840714613684,0.0260884083983804,1.6420361247947457,Molto piccolo,Piccolo,1
2884,22188,Telve,11,1898,64.7474,29.313918396723267,0.1698909917618313,5.795574288724974,Piccolo,Medio,1
2885,22189,Telve di Sopra,1,590,17.7162,33.30285275623441,0.05644551314616,1.694915254237288,Molto piccolo,Piccolo,1
2886,22190,Tenna,10,1051,3.1147,337.432176453591,3.210582078530837,9.514747859181732,Piccolo,Molto piccolo,1
2887,22191,Tenno,18,1992,28.3011,70.38595672959708,0.6360176812915399,9.036144578313252,Piccolo,Piccolo,1
2888,22193,Terragnolo,11,696,39.5662,17.590771921488543,0.2780150734718016,15.804597701149428,Molto piccolo,Piccolo,0
2889,22195,Terzolas,3,654,5.5888,117.0197537933009,0.5367878614371601,4.587155963302752,Molto piccolo,Molto piccolo,1
2890,22196,Tesero,18,2935,50.5452,58.06683918552108,0.356116901308136,6.132879045996593,Piccolo,Medio,1
2891,22199,Tione di Trento,43,3665,33.4464,109.57831037122082,1.2856391121316495,11.732605729877216,Piccolo,Piccolo,0
2892,22200,Ton,20,1321,26.2845,50.257756472445735,0.7609047157069756,15.14004542013626,Piccolo,Piccolo,0
2893,22202,Torcegno,3,673,15.1927,44.29759029007352,0.1974632553792281,4.457652303120357,Molto piccolo,Piccolo,1
2894,22203,Trambileno,8,1468,50.6989,28.955263329184657,0.1577943505677637,5.449591280653951,Piccolo,Medio,1
2895,22205,Trento,1660,118879,157.8748,752.9954115539656,10.51466098452698,13.963778295577857,Grande,Grande,0
2896,22209,Valfloriana,7,458,39.3284,11.645528422208889,0.177988425666948,15.283842794759824,Molto piccolo,Piccolo,0
2897,22210,Vallarsa,12,1364,77.8636,17.51781320154732,0.1541156586646391,8.797653958944283,Piccolo,Medio,1
2898,22213,Vermiglio,17,1846,95.6345,19.30265751376334,0.1777601179490665,9.209100758396533,Piccolo,Medio,1
2899,22216,Vignola-Falesina,1,180,11.9514,15.060997038003917,0.0836722057666884,5.555555555555555,Molto piccolo,Piccolo,1
2900,22222,Villa Lagarina,30,3825,24.1287,158.52491016921758,1.2433326287781772,7.84313725490196,Piccolo,Piccolo,1
2901,22224,Volano,25,3020,10.7401,281.1891881826054,2.3277250677367998,8.27814569536424,Piccolo,Piccolo,1
2902,22226,Ziano di Fiemme,6,1755,35.7467,49.09544097776858,0.1678476614624567,3.418803418803418,Piccolo,Piccolo,1
2903,22228,Comano Terme,45,2895,68.1133,42.502712392440245,0.660663923198553,15.544041450777202,Piccolo,Medio,0
2904,22229,Ledro,56,5248,156.3723,33.560931187940575,0.358119692554244,10.670731707317074,Medio,Grande,1
2905,22230,Predaia,61,6778,80.0485,84.67366658963003,0.7620380144537374,8.999704927707288,Medio,Medio,1
2906,22231,San Lorenzo Dorsino,14,1554,73.9123,21.02491736828647,0.1894136699845627,9.00900900900901,Piccolo,Medio,1
2907,22232,Valdaone,9,1141,177.0828,6.443313523391318,0.0508236824807378,7.887817703768623,Piccolo,Grande,1
2908,22233,Dimaro Folgarida,21,2099,36.5328,57.45521832435509,0.5748259098672973,10.004764173415913,Piccolo,Piccolo,1
2909,22234,Pieve di Bono-Prezzo,11,1430,24.6809,57.9395402922908,0.44568877147916,7.6923076923076925,Piccolo,Piccolo,1
2910,22235,Altavalle,18,1612,33.5472,48.051700290933375,0.5365574474173702,11.166253101736972,Piccolo,Piccolo,1
2911,22236,Altopiano della Vigolana,37,5074,45.0271,112.6876925229473,0.8217273597455755,7.292077256602286,Medio,Piccolo,1
2912,22237,Amblar-Don,2,546,19.964,27.349228611500703,0.1001803245842516,3.663003663003663,Molto piccolo,Piccolo,1
2913,22238,Borgo Chiese,13,1963,53.7123,36.54656382243918,0.2420302239896634,6.622516556291391,Piccolo,Medio,1
2914,22239,Borgo Lares,9,707,22.62,31.25552608311229,0.3978779840848806,12.72984441301273,Molto piccolo,Piccolo,0
2915,22240,Castel Ivano,24,3277,34.8203,94.11176813525442,0.6892531081007343,7.32377174244736,Piccolo,Piccolo,1
2916,22241,Cembra Lisignago,10,2308,24.1056,95.74538696402496,0.4148413646621532,4.332755632582322,Piccolo,Piccolo,1
2917,22242,Contà,7,1397,19.4692,71.75436073387709,0.3595422513508516,5.010737294201861,Piccolo,Piccolo,1
2918,22243,Madruzzo,46,2933,28.9303,101.38159645769316,1.5900284476828792,15.683600409137403,Piccolo,Piccolo,0
2919,22244,Porte di Rendena,7,1752,40.7133,43.03262078976649,0.1719339871737245,3.9954337899543377,Piccolo,Piccolo,1
2920,22245,Primiero San Martino di Castrozza,51,5278,200.0489,26.38354922221517,0.2549376677402375,9.662751042061386,Medio,Grande,1
2921,22246,Sella Giudicarie,28,2894,85.7572,33.746437616899804,0.3265031973991688,9.675190048375953,Piccolo,Medio,1
2922,22247,Tre Ville,7,1404,81.4868,17.229784455887334,0.085903483754424,4.985754985754986,Piccolo,Medio,1
2923,22248,Vallelaghi,60,5159,72.4548,71.20301208477561,0.8281024859636628,11.630160883892229,Medio,Medio,0
2924,22249,Ville d'Anaunia,24,4736,89.1318,53.134795886541056,0.269264168343958,5.067567567567568,Piccolo,Medio,1
2925,22250,San Giovanni di Fassa-Sèn Jan,25,3698,99.8223,37.04583044069311,0.2504450408375683,6.760411032990805,Piccolo,Medio,1
2926,22251,Terre d'Adige,26,3053,16.5774,184.16639521275957,1.5684003522868484,8.516213560432362,Piccolo,Piccolo,1
2927,22252,Borgo d'Anaunia,22,2487,63.2287,39.33340397635884,0.3479432599436648,8.845999195818255,Piccolo,Medio,1
2928,22253,Novella,30,3599,46.5889,77.25016044594312,0.6439302065513459,8.335648791330925,Piccolo,Piccolo,1
2929,22254,Ville di Fiemme,22,2631,46.1493,57.01061554563125,0.4767136229585281,8.361839604713039,Piccolo,Piccolo,1
2930,23001,Affi,58,2369,9.8814,239.7433562045864,5.869613617503593,24.482904178978472,Piccolo,Molto piccolo,0
2931,23002,Albaredo d'Adige,32,5371,28.2532,190.10236008664504,1.1326150666119237,5.957922174641594,Medio,Piccolo,1
2932,23003,Angiari,20,2397,13.4706,177.94307603224803,1.484714860511039,8.343763037129746,Piccolo,Piccolo,1
2933,23004,Arcole,44,6325,18.8657,335.2645276878144,2.3322749752195784,6.956521739130436,Medio,Piccolo,1
2934,23005,Badia Calavena,9,2589,26.9382,96.10887141679844,0.3340980466400873,3.4762456546929315,Piccolo,Piccolo,1
2935,23006,Bardolino,158,7170,57.3221,125.0826470070008,2.756354006569892,22.036262203626222,Medio,Medio,0
2936,23007,Belfiore,35,3329,26.4474,125.87248652041411,1.3233815044200945,10.513667768098529,Piccolo,Piccolo,1
2937,23008,Bevilacqua,19,1763,12.2007,144.49990574311312,1.5572876966075715,10.777084515031197,Piccolo,Piccolo,1
2938,23009,Bonavigo,8,1987,17.9947,110.4214018572135,0.4445753471855601,4.026170105686965,Piccolo,Piccolo,1
2939,23010,Boschi Sant'Anna,9,1357,8.9664,151.3427908636688,1.003747323340471,6.632277081798084,Piccolo,Molto piccolo,1
2940,23011,Bosco Chiesanuova,26,3533,64.7987,54.522698757845454,0.4012426175216478,7.359184828757431,Piccolo,Medio,1
2941,23012,Bovolone,159,16050,41.2729,388.87502453183566,3.852406785081736,9.906542056074768,Medio,Piccolo,1
2942,23013,Brentino Belluno,53,1334,25.9838,51.33968087808558,2.039732448679562,39.73013493253373,Piccolo,Piccolo,0
2943,23014,Brenzone sul Garda,36,2486,51.5829,48.194265929212975,0.6979057013079916,14.481094127111826,Piccolo,Medio,0
2944,23015,Bussolengo,252,20583,24.2258,849.6313847220732,10.402133262885023,12.243113248797552,Grande,Piccolo,0
2945,23016,Buttapietra,56,7103,17.2692,411.3103096842934,3.2427674704097464,7.883992679149654,Medio,Piccolo,1
2946,23017,Caldiero,76,7892,10.3727,760.8433676863305,7.326925487095934,9.63000506842372,Medio,Piccolo,1
2947,23018,Caprino Veronese,81,8502,47.3173,179.68058194360202,1.7118474638240135,9.527170077628794,Medio,Piccolo,1
2948,23019,Casaleone,40,5562,38.6028,144.08281264571482,1.0361942657009335,7.19165767709457,Medio,Piccolo,1
2949,23020,Castagnaro,28,3635,34.7978,104.46062682123582,0.8046485697371673,7.702888583218707,Piccolo,Piccolo,1
2950,23021,Castel d'Azzano,83,11970,9.7241,1230.9622484343024,8.535494287389064,6.934001670843776,Medio,Molto piccolo,1
2951,23022,Castelnuovo del Garda,184,13300,34.429,386.3022452002672,5.34433181329693,13.834586466165414,Medio,Piccolo,0
2952,23023,Cavaion Veronese,66,6036,12.9092,467.5735134632665,5.112632850989992,10.934393638170976,Medio,Piccolo,1
2953,23024,Cazzano di Tramigna,6,1520,12.2708,123.87130423444276,0.4889656746096424,3.947368421052632,Piccolo,Piccolo,1
2954,23025,Cerea,235,16644,70.2947,236.7746074739632,3.3430685385953702,14.11920211487623,Medio,Medio,0
2955,23026,Cerro Veronese,11,2565,10.0567,255.0538447005479,1.093798164407808,4.288499025341131,Piccolo,Piccolo,1
2956,23027,Cologna Veneta,72,8452,42.8339,197.32034673471247,1.6809116143988756,8.518693800283955,Medio,Piccolo,1
2957,23028,Colognola ai Colli,127,8798,20.8968,421.0214004058038,6.077485548026492,14.43509888611048,Medio,Piccolo,0
2958,23029,Concamarise,6,1102,7.9136,139.25394257986252,0.75818843509907,5.44464609800363,Piccolo,Molto piccolo,1
2959,23030,Costermano sul Garda,76,3873,16.7441,231.30535531918707,4.538912213854433,19.62303124193132,Piccolo,Piccolo,0
2960,23031,Dolcè,56,2548,30.9499,82.32659879353407,1.8093757976600893,21.978021978021975,Piccolo,Piccolo,0
2961,23032,Erbè,9,1927,16.1025,119.67085856233504,0.5589194224499302,4.67047223663726,Piccolo,Piccolo,1
2962,23033,Erbezzo,10,784,31.969,24.523757389971536,0.3128030279333104,12.755102040816327,Molto piccolo,Piccolo,0
2963,23034,Ferrara di Monte Baldo,7,250,26.8895,9.2973093586716,0.2603246620428048,28.0,Molto piccolo,Piccolo,0
2964,23035,Fumane,25,4102,34.2113,119.9019037569458,0.7307527045157594,6.094588005850805,Piccolo,Piccolo,1
2965,23036,Garda,87,4143,14.3691,288.32703509614385,6.054658955675721,20.99927588703838,Piccolo,Piccolo,0
2966,23037,Gazzo Veronese,47,5226,56.6542,92.24382305283632,0.8295942754464806,8.993494068120933,Medio,Medio,1
2967,23038,Grezzana,69,10716,49.4866,216.5434683328416,1.394316845368241,6.438969764837625,Medio,Piccolo,1
2968,23039,Illasi,40,5213,25.0029,208.49581448551967,1.5998144215271028,7.673124880107424,Medio,Piccolo,1
2969,23040,Isola della Scala,149,11762,69.8295,168.43884031820363,2.133768679426317,12.66791362013263,Medio,Medio,0
2970,23041,Isola Rizza,29,3244,16.6774,194.51473251226213,1.7388801611762026,8.939580764488285,Piccolo,Piccolo,1
2971,23042,Lavagno,92,8609,14.6372,588.158937501708,6.285355122564425,10.686490881635498,Medio,Piccolo,1
2972,23043,Lazise,208,6901,63.1465,109.28555026802752,3.293927612773471,30.1405593392262,Medio,Medio,0
2973,23044,Legnago,438,25443,79.2725,320.9561954019364,5.525245198524079,17.214951067091143,Grande,Medio,0
2974,23045,Malcesine,80,3640,69.2779,52.54200834609594,1.1547694141999107,21.978021978021975,Piccolo,Medio,0
2975,23046,Marano di Valpolicella,7,3122,18.622,167.6511652883686,0.3758994737407368,2.242152466367713,Piccolo,Piccolo,1
2976,23047,Mezzane di Sotto,9,2549,19.708,129.33833976050337,0.4566673432108789,3.5307963907414672,Piccolo,Piccolo,1
2977,23048,Minerbe,54,4570,29.6505,154.1289354311057,1.821217180148733,11.816192560175056,Piccolo,Piccolo,0
2978,23049,Montecchia di Crosara,30,4278,21.0625,203.10979228486647,1.42433234421365,7.012622720897616,Piccolo,Piccolo,1
2979,23050,Monteforte d'Alpone,72,9019,20.4705,440.5852324076109,3.5172565398988787,7.983146690320434,Medio,Piccolo,1
2980,23051,Mozzecane,68,8027,24.8517,322.9960123452319,2.7362313242152445,8.47140899464308,Medio,Piccolo,1
2981,23052,Negrar di Valpolicella,120,16751,40.4219,414.4040730396147,2.9686877657903263,7.163751417825801,Medio,Piccolo,1
2982,23053,Nogara,117,8374,38.7778,215.94830031616027,3.0171902480285118,13.971817530451398,Medio,Piccolo,0
2983,23054,Nogarole Rocca,104,3851,29.1355,132.17552470354036,3.5695285819704483,27.0059724746819,Piccolo,Piccolo,0
2984,23055,Oppeano,138,10305,46.7257,220.5424423818156,2.953406797543964,13.39155749636099,Medio,Piccolo,0
2985,23056,Palù,6,1231,13.6103,90.44620618208268,0.4408425971506873,4.87408610885459,Piccolo,Piccolo,1
2986,23057,Pastrengo,59,3111,9.0015,345.60906515580734,6.554463145031384,18.964963034394085,Piccolo,Molto piccolo,0
2987,23058,Pescantina,119,17367,19.7259,880.4161026873298,6.032677849933337,6.852075775896815,Medio,Piccolo,1
2988,23059,Peschiera del Garda,258,10881,18.2606,595.8730819359714,14.128779996276135,23.711055969120487,Medio,Piccolo,0
2989,23060,Povegliano Veronese,45,7358,18.5283,397.12224003281466,2.4287171516005244,6.115792334873607,Medio,Piccolo,1
2990,23061,Pressana,19,2511,17.3894,144.39831161512186,1.0926196418507828,7.566706491437674,Piccolo,Piccolo,1
2991,23062,Rivoli Veronese,62,2182,18.4271,118.41255542109177,3.3646097324049906,28.41429880843263,Piccolo,Piccolo,0
2992,23063,Roncà,13,3740,18.1485,206.07763727029783,0.7163126429181476,3.475935828877005,Piccolo,Piccolo,1
2993,23064,Ronco all'Adige,63,5962,42.8144,139.25221420830374,1.4714675436301805,10.566923851056693,Medio,Piccolo,1
2994,23065,Roverchiara,35,2659,19.6466,135.34148402268076,1.781478729143974,13.162843174125612,Piccolo,Piccolo,0
2995,23066,Roveredo di Guà,7,1597,10.1597,157.18968079766134,0.6889967223441636,4.383218534752661,Piccolo,Piccolo,1
2996,23067,Roverè Veronese,13,2070,36.5476,56.63846600050345,0.3557005111142728,6.280193236714975,Piccolo,Piccolo,1
2997,23068,Salizzole,18,3779,30.6954,123.11290942616807,0.5864070837975723,4.763164858428155,Piccolo,Piccolo,1
2998,23069,San Bonifacio,317,21402,33.792,633.3451704545454,9.38091856060606,14.811699841136342,Grande,Piccolo,0
2999,23070,San Giovanni Ilarione,24,4911,25.4033,193.32134014084784,0.9447591454653528,4.886988393402566,Piccolo,Piccolo,1
3000,23071,San Giovanni Lupatoto,249,25418,19.0108,1337.0294779809371,13.09781808235319,9.796207412070189,Grande,Piccolo,3
3001,23072,Sanguinetto,46,4086,13.5055,302.543408241087,3.406019769723446,11.257953989231522,Piccolo,Piccolo,1
3002,23073,San Martino Buon Albergo,240,15970,34.7507,459.5590880183708,6.906335699712524,15.028177833437695,Medio,Piccolo,0
3003,23074,San Mauro di Saline,3,575,11.2398,51.157493905585504,0.2669086638552287,5.217391304347826,Molto piccolo,Piccolo,1
3004,23075,San Pietro di Morubio,19,3030,16.1169,188.00141466411037,1.1788867586198335,6.270627062706271,Piccolo,Piccolo,1
3005,23076,San Pietro in Cariano,141,12916,20.2358,638.2747408058984,6.967849059587463,10.916692474450294,Medio,Piccolo,1
3006,23077,Sant'Ambrogio di Valpolicella,113,11948,23.4999,508.4276954370018,4.808531100132341,9.457649815868765,Medio,Piccolo,1
3007,23078,Sant'Anna d'Alfaedo,9,2530,43.4279,58.257479638665465,0.2072400461454502,3.5573122529644268,Piccolo,Piccolo,1
3008,23079,San Zeno di Montagna,4,1431,28.2389,50.67477840850741,0.1416485769629837,2.795248078266946,Piccolo,Piccolo,1
3009,23080,Selva di Progno,10,892,41.3327,21.580975837532996,0.2419391910037331,11.210762331838565,Molto piccolo,Piccolo,1
3010,23081,Soave,91,7143,22.7206,314.3843032314288,4.005175919650009,12.7397452050959,Medio,Piccolo,0
3011,23082,Sommacampagna,238,14788,40.8265,362.2157177323552,5.829546985413885,16.094130375980527,Medio,Piccolo,0
3012,23083,Sona,194,17629,41.1449,428.46136459196646,4.715043662762578,11.00459470191162,Medio,Piccolo,1
3013,23084,Sorgà,18,2957,31.5347,93.76972033981612,0.5707997856329694,6.08725059181603,Piccolo,Piccolo,1
3014,23085,Terrazzo,20,2146,20.5271,104.54472380414184,0.9743217502715922,9.319664492078283,Piccolo,Piccolo,1
3015,23086,Torri del Benaco,38,3062,46.2913,66.14633851285231,0.8208885902966648,12.4101894186806,Piccolo,Piccolo,0
3016,23087,Tregnago,40,4902,37.3481,131.25165671078312,1.0710049507203847,8.159934720522235,Piccolo,Piccolo,1
3017,23088,Trevenzuolo,25,2756,26.9416,102.2953350951688,0.9279330106600944,9.071117561683598,Piccolo,Piccolo,1
3018,23089,Valeggio sul Mincio,151,15759,63.959,246.3922200159477,2.360887443518504,9.581826258011294,Medio,Medio,1
3019,23090,Velo Veronese,6,759,18.9017,40.15511832269055,0.3174317653967632,7.905138339920948,Molto piccolo,Piccolo,1
3020,23091,Verona,5649,258031,198.9134,1297.2027022814957,28.399293360829382,21.892718316791395,Grande,Grande,3
3021,23092,Veronella,41,5150,20.8801,246.6463283221824,1.9635921283901896,7.961165048543689,Medio,Piccolo,1
3022,23093,Vestenanova,10,2536,24.182,104.87139194442148,0.4135307253328922,3.943217665615142,Piccolo,Piccolo,1
3023,23094,Vigasio,102,10249,30.7626,333.16429690598324,3.315714536482612,9.95219045760562,Medio,Piccolo,1
3024,23095,Villa Bartolomea,46,5759,52.9886,108.68375461891804,0.8681112541188105,7.987497829484285,Medio,Medio,1
3025,23096,Villafranca di Verona,503,33265,57.3407,580.1289485478901,8.772128697417367,15.120998045994288,Grande,Medio,0
3026,23097,Zevio,179,15542,54.8687,283.2580323572456,3.262333534419441,11.517179256208982,Medio,Medio,0
3027,23098,Zimella,32,4869,20.0992,242.2484476994109,1.5921031682853048,6.572191415074964,Piccolo,Piccolo,1
3028,24001,Agugliaro,16,1403,14.6954,95.47205247900705,1.0887760795895314,11.404133998574483,Piccolo,Piccolo,1
3029,24002,Albettone,28,1977,20.2106,97.81995586474424,1.385411615686818,14.162873039959536,Piccolo,Piccolo,0
3030,24003,Alonte,10,1586,11.1452,142.3034131285217,0.8972472454509564,6.305170239596469,Piccolo,Piccolo,1
3031,24004,Altavilla Vicentina,169,11844,16.7234,708.229187844577,10.105600535776215,14.268828098615332,Medio,Piccolo,0
3032,24005,Altissimo,8,2148,15.0861,142.3827231690099,0.5302894717654,3.7243947858473,Piccolo,Piccolo,1
3033,24006,Arcugnano,41,7807,41.5682,187.81183693304015,0.9863308971762068,5.251697194825156,Medio,Piccolo,1
3034,24007,Arsiero,28,3036,41.3952,73.34183673469387,0.6764069264069263,9.22266139657444,Piccolo,Piccolo,1
3035,24008,Arzignano,354,25124,34.1902,734.8304484910882,10.35384408397728,14.090113039324947,Grande,Piccolo,0
3036,24009,Asiago,56,6349,162.9334,38.96684166659506,0.3436987137075639,8.820286659316428,Medio,Grande,1
3037,24010,Asigliano Veneto,5,868,8.0656,107.6175362031343,0.6199166831977783,5.760368663594471,Molto piccolo,Molto piccolo,1
3038,24012,Bassano del Grappa,640,42527,47.0617,903.6435147901584,13.599168750810106,15.04926282126649,Grande,Piccolo,3
3039,24013,Bolzano Vicentino,96,6514,19.8367,328.38123276553057,4.839514637011196,14.73748848633712,Medio,Piccolo,0
3040,24014,Breganze,65,8439,21.7608,387.80743355023714,2.987022535936179,7.702334399810404,Medio,Piccolo,1
3041,24015,Brendola,75,6607,25.5675,258.41400215116846,2.9334115576415374,11.351596791281974,Medio,Piccolo,0
3042,24016,Bressanvido,26,3204,8.4405,379.5983650257686,3.080386233043066,8.114856429463172,Piccolo,Molto piccolo,1
3043,24017,Brogliano,14,3987,12.1551,328.01046474319423,1.151779911312947,3.511412089290193,Piccolo,Piccolo,1
3044,24018,Caldogno,74,11328,15.8845,713.1480373949448,4.658629481570085,6.532485875706215,Medio,Piccolo,1
3045,24019,Caltrano,18,2508,22.7111,110.43058240243758,0.792563988534241,7.177033492822967,Piccolo,Piccolo,1
3046,24020,Calvene,4,1285,11.4722,112.00990219835776,0.3486689562594794,3.11284046692607,Piccolo,Piccolo,1
3047,24021,Camisano Vicentino,90,11174,30.0209,372.207362204331,2.9979114550196697,8.054412027921963,Medio,Piccolo,1
3048,24022,Campiglia dei Berici,13,1666,11.0401,150.90443021349444,1.1775255658916133,7.8031212484994,Piccolo,Piccolo,1
3049,24024,Carrè,26,3532,8.7389,404.169861195345,2.9752028287313053,7.361268403171008,Piccolo,Molto piccolo,1
3050,24025,Cartigliano,31,3723,7.377,504.6766978446523,4.202250237223804,8.3266183185603,Piccolo,Molto piccolo,1
3051,24026,Cassola,195,15043,12.7395,1180.8155736096394,15.306723183798423,12.962839859070664,Medio,Piccolo,3
3052,24027,Castegnero,18,2848,11.6202,245.09044594757404,1.5490266948933753,6.320224719101123,Piccolo,Piccolo,1
3053,24028,Castelgomberto,56,6122,17.4369,351.0945179475709,3.211580040030051,9.14733747141457,Medio,Piccolo,1
3054,24029,Chiampo,133,12574,22.604,556.2732259777031,5.883914351442223,10.57738189915699,Medio,Piccolo,1
3055,24030,Chiuppano,17,2493,4.7093,529.3780391990317,3.60987832586584,6.81909346169274,Piccolo,Molto piccolo,1
3056,24032,Cogollo del Cengio,57,3157,36.2167,87.16973109090557,1.573859573069882,18.055115616091225,Piccolo,Piccolo,0
3057,24034,Cornedo Vicentino,125,11728,23.5599,497.7949821518768,5.305625236100323,10.65825375170532,Medio,Piccolo,1
3058,24035,Costabissara,63,7705,13.132,586.7346938775511,4.797441364605544,8.176508760545099,Medio,Piccolo,1
3059,24036,Creazzo,84,11314,10.5285,1074.6070190435485,7.978344493517596,7.424429909846209,Medio,Piccolo,1
3060,24037,Crespadoro,8,1280,30.2015,42.38200089399533,0.2648875055874708,6.25,Piccolo,Piccolo,1
3061,24038,Dueville,129,13835,20.0095,691.4215747519928,6.44693770459032,9.32417780990242,Medio,Piccolo,1
3062,24039,Enego,10,1554,52.6032,29.54192900812118,0.190102503269763,6.435006435006435,Piccolo,Medio,1
3063,24040,Fara Vicentino,26,3720,15.1748,245.1432638321428,1.7133668977515355,6.989247311827957,Piccolo,Piccolo,1
3064,24041,Foza,0,662,35.2089,18.802064250800225,0.0,0.0,Molto piccolo,Piccolo,1
3065,24042,Gallio,18,2342,47.8665,48.92774696290725,0.3760458775970668,7.685738684884714,Piccolo,Piccolo,1
3066,24043,Gambellara,68,3402,12.9966,261.7607682009141,5.232137635997106,19.988242210464435,Piccolo,Piccolo,0
3067,24044,Gambugliano,2,831,7.9503,104.5243575714124,0.251562834106889,2.406738868832732,Molto piccolo,Molto piccolo,1
3068,24046,Grisignano di Zocco,68,4266,17.0202,250.64335319208945,3.995252699733258,15.939990623534928,Piccolo,Piccolo,0
3069,24047,Grumolo delle Abbadesse,37,3768,15.0136,250.9724516438429,2.4644322480950605,9.819532908704884,Piccolo,Piccolo,1
3070,24048,Isola Vicentina,62,10288,26.4789,388.5357775436291,2.3414869953056963,6.026438569206842,Medio,Piccolo,1
3071,24049,Laghi,0,125,22.237,5.621261860862527,0.0,0.0,Molto piccolo,Piccolo,1
3072,24050,Lastebasse,5,184,18.797,9.788796084481566,0.2659998936000425,27.17391304347826,Molto piccolo,Piccolo,0
3073,24051,Longare,65,5618,22.7741,246.68373283686293,2.8541193724450142,11.56995372018512,Medio,Piccolo,0
3074,24052,Lonigo,186,15928,49.4205,322.2954037292217,3.763620359972077,11.677548970366647,Medio,Piccolo,0
3075,24053,Lugo di Vicenza,7,3593,14.564,246.7042021422686,0.4806371875858281,1.9482326746451435,Piccolo,Piccolo,1
3076,24055,Malo,132,14771,30.5281,483.84930604918094,4.323885207399085,8.936429490217318,Medio,Piccolo,1
3077,24056,Marano Vicentino,69,9380,12.7254,737.1084602448645,5.4222264133151015,7.356076759061834,Medio,Piccolo,1
3078,24057,Marostica,188,14022,36.5289,383.8604502188678,5.146609944454938,13.407502496077592,Medio,Piccolo,0
3079,24060,Montebello Vicentino,134,6450,21.4752,300.3464461332141,6.239755625093131,20.77519379844961,Medio,Piccolo,0
3080,24061,Montecchio Maggiore,372,23156,30.5401,758.216246836127,12.180706677450305,16.06495076869926,Grande,Piccolo,0
3081,24062,Montecchio Precalcino,37,4903,14.4203,340.00679597511845,2.565827340623981,7.546400163165409,Piccolo,Piccolo,1
3082,24063,Monte di Malo,22,2787,23.7485,117.3547803019138,0.9263742973240416,7.893792608539647,Piccolo,Piccolo,1
3083,24064,Montegalda,24,3387,17.4127,194.51320013553325,1.378304341084381,7.085916740478299,Piccolo,Piccolo,1
3084,24065,Montegaldella,18,1814,13.5735,133.64275978929533,1.3261133826942204,9.92282249173098,Piccolo,Piccolo,1
3085,24066,Monteviale,12,2853,8.4385,338.09326302067905,1.4220536825265155,4.206098843322818,Piccolo,Molto piccolo,1
3086,24067,Monticello Conte Otto,45,9067,10.2417,885.3022447445248,4.393801810246346,4.963052828940112,Medio,Piccolo,1
3087,24068,Montorso Vicentino,29,3077,9.2946,331.0524390506315,3.120091235771308,9.424764380890478,Piccolo,Molto piccolo,1
3088,24070,Mussolente,74,7603,15.4308,492.715866967364,4.795603597998808,9.73300013152703,Medio,Piccolo,1
3089,24071,Nanto,29,3088,14.3508,215.17964155308417,2.020793265880648,9.39119170984456,Piccolo,Piccolo,1
3090,24072,Nogarole Vicentino,4,1235,9.0933,135.814280844138,0.4398843104263579,3.238866396761133,Piccolo,Molto piccolo,1
3091,24073,Nove,50,4871,8.1511,597.5880555998577,6.134141404227651,10.264832683227263,Piccolo,Molto piccolo,1
3092,24074,Noventa Vicentina,88,8914,22.8794,389.6081190940322,3.846254709476647,9.872111285618129,Medio,Piccolo,1
3093,24075,Orgiano,23,3036,18.0844,167.87949835217094,1.2718143814558405,7.575757575757576,Piccolo,Piccolo,1
3094,24076,Pedemonte,1,708,12.592,56.2261753494282,0.079415501905972,1.4124293785310735,Molto piccolo,Piccolo,1
3095,24077,Pianezze,18,2165,5.0235,430.9744202249427,3.583159151985668,8.314087759815243,Piccolo,Molto piccolo,1
3096,24078,Piovene Rocchette,83,8137,12.9065,630.4575214039438,6.430868167202573,10.200319528081602,Medio,Piccolo,1
3097,24079,Pojana Maggiore,49,4281,28.6152,149.6058039084123,1.7123766389890689,11.445923849567857,Piccolo,Piccolo,0
3098,24080,Posina,4,564,43.6354,12.925285433386655,0.0916686910169266,7.092198581560283,Molto piccolo,Piccolo,1
3099,24081,Pove del Grappa,37,3119,9.8406,316.95221836066906,3.759933337398126,11.862776530939405,Piccolo,Molto piccolo,0
3100,24082,Pozzoleone,27,2807,11.2548,249.4046984397768,2.398976436720333,9.618810117563235,Piccolo,Piccolo,1
3101,24083,Quinto Vicentino,35,5902,17.3964,339.2655951806121,2.0119105102205053,5.930193154862758,Medio,Piccolo,1
3102,24084,Recoaro Terme,23,6140,60.1484,102.08085335603276,0.382387561431393,3.745928338762215,Medio,Medio,1
3103,24085,Roana,27,4181,78.1257,53.516320493768376,0.3455969034517451,6.457785218847166,Piccolo,Medio,1
3104,24086,Romano d'Ezzelino,172,14172,21.3495,663.809456895946,8.056394763343404,12.136607394863107,Medio,Piccolo,0
3105,24087,Rosà,263,14599,24.3153,600.4038609435212,10.816235045424074,18.01493252962532,Medio,Piccolo,0
3106,24088,Rossano Veneto,78,8138,10.5966,767.982182964347,7.360851593907479,9.584664536741212,Medio,Piccolo,1
3107,24089,Rotzo,2,646,28.2505,22.866851914125416,0.0707952071644749,3.095975232198142,Molto piccolo,Piccolo,1
3108,24090,Salcedo,7,1016,6.116,166.12164813603664,1.144538914323087,6.889763779527559,Piccolo,Molto piccolo,1
3109,24091,Sandrigo,84,8194,27.991,292.73695116287377,3.000964595762924,10.251403465950697,Medio,Piccolo,1
3110,24094,San Pietro Mussolino,9,1593,4.1081,387.7705021786227,2.190793797619337,5.649717514124294,Piccolo,Molto piccolo,1
3111,24095,Santorso,50,5559,13.2085,420.8653518567589,3.785441193171064,8.994423457456376,Medio,Piccolo,1
3112,24096,San Vito di Leguzzano,18,3599,6.1264,587.4575607208149,2.938103943588404,5.001389274798555,Piccolo,Molto piccolo,1
3113,24097,Sarcedo,69,5313,13.8528,383.532571032571,4.980942480942481,12.987012987012989,Medio,Piccolo,0
3114,24098,Sarego,85,6670,23.9223,278.8193442938179,3.553170054718819,12.743628185907047,Medio,Piccolo,0
3115,24099,Schiavon,24,2645,12.0019,220.38177288595972,1.9996833834642849,9.073724007561436,Piccolo,Piccolo,1
3116,24100,Schio,483,38635,66.2059,583.5582629342703,7.295422311304581,12.501617704154263,Grande,Medio,0
3117,24101,Solagna,25,1807,15.8119,114.281016196662,1.581087661824322,13.83508577753182,Piccolo,Piccolo,0
3118,24102,Sossano,43,4194,20.8975,200.69386290226103,2.057662399808589,10.252742012398665,Piccolo,Piccolo,1
3119,24103,Sovizzo,42,7475,15.6614,477.2881096198296,2.6817525891682736,5.618729096989966,Medio,Piccolo,1
3120,24104,Tezze sul Brenta,130,12820,17.9344,714.8273708626996,7.248639486127219,10.14040561622465,Medio,Piccolo,1
3121,24105,Thiene,346,23964,19.7031,1216.2553100781097,17.560688419588796,14.43832415289601,Grande,Piccolo,3
3122,24106,Tonezza del Cimone,3,505,13.9407,36.224866757049504,0.2151972282597,5.9405940594059405,Molto piccolo,Piccolo,1
3123,24107,Torrebelvicino,45,5816,20.7397,280.42835720863854,2.1697517321851327,7.737276478679504,Medio,Piccolo,1
3124,24108,Torri di Quartesolo,117,11766,18.6733,630.0975189173847,6.2656306062667015,9.943906170321265,Medio,Piccolo,1
3125,24110,Trissino,60,8675,21.9571,395.08860459714623,2.732601299807352,6.916426512968299,Medio,Piccolo,1
3126,24111,Valdagno,201,25706,50.2157,511.9116133002229,4.002732213232116,7.819186182214269,Grande,Medio,1
3127,24112,Valdastico,7,1218,23.9487,50.85871049368024,0.2922914396188519,5.747126436781609,Piccolo,Piccolo,1
3128,24113,Valli del Pasubio,21,3051,49.3448,61.83022324540782,0.4255767578346655,6.88298918387414,Piccolo,Piccolo,1
3129,24115,Velo d'Astico,9,2242,21.9041,102.3552668221931,0.410881980998991,4.014272970561998,Piccolo,Piccolo,1
3130,24116,Vicenza,2078,111113,80.5798,1378.9187860977563,25.788100739887664,18.701682071404782,Grande,Medio,3
3131,24117,Villaga,11,1911,23.225,82.28202368137782,0.4736275565123788,5.756148613291471,Piccolo,Piccolo,1
3132,24118,Villaverla,59,6114,15.7881,387.2536910711232,3.736991784951957,9.64998364409552,Medio,Piccolo,1
3133,24119,Zanè,59,6616,7.645,865.402223675605,7.717462393721387,8.917775090689238,Medio,Molto piccolo,1
3134,24120,Zermeghedo,11,1363,2.9709,458.783533609344,3.7025817092463567,8.070432868672047,Piccolo,Molto piccolo,1
3135,24121,Zovencedo,6,798,9.0441,88.23431850598733,0.663415928616446,7.518796992481203,Molto piccolo,Molto piccolo,1
3136,24122,Zugliano,44,6794,13.7301,494.8252379807867,3.2046379851566997,6.476302619958787,Medio,Piccolo,1
3137,24123,Val Liona,19,3043,27.8442,109.2866737058346,0.682368320871133,6.243838317449884,Piccolo,Piccolo,1
3138,24124,Barbarano Mossano,56,6300,33.4857,188.14001200512456,1.672355662267774,8.88888888888889,Medio,Piccolo,1
3139,24125,Valbrenta,48,4914,93.3681,52.630395177796274,0.5140942141909282,9.768009768009769,Piccolo,Medio,1
3140,24126,Colceresa,57,5944,19.4004,306.3854353518484,2.9380837508504976,9.589502018842529,Medio,Piccolo,1
3141,24127,Lusiana Conco,51,4600,61.1912,75.17420805606035,0.8334531762737125,11.086956521739127,Piccolo,Medio,1
3142,25001,Agordo,25,4074,23.7425,171.59102874591977,1.0529640939243972,6.136475208640157,Piccolo,Piccolo,1
3143,25002,Alano di Piave,19,2687,36.521,73.57410804742477,0.5202486240792968,7.071082992184593,Piccolo,Piccolo,1
3144,25003,Alleghe,16,1164,29.7145,39.172794426963264,0.5384576553534469,13.745704467353953,Piccolo,Piccolo,0
3145,25004,Arsiè,18,2206,64.7612,34.06360598630044,0.2779442011574832,8.159564823209429,Piccolo,Medio,1
3146,25005,Auronzo di Cadore,37,3150,220.5522,14.282333161945337,0.1677607387276118,11.746031746031743,Piccolo,Grande,0
3147,25006,Belluno,436,35522,147.2211,241.2833486504312,2.9615320086590846,12.27408366646022,Grande,Grande,0
3148,25007,Borca di Cadore,12,839,26.7552,31.35839014471953,0.4485109436670255,14.302741358760429,Molto piccolo,Piccolo,0
3149,25008,Calalzo di Cadore,6,1906,43.5069,43.8091429175602,0.1379091592368107,3.147953830010493,Piccolo,Piccolo,1
3150,25010,Cencenighe Agordino,17,1258,18.1305,69.38584153774026,0.9376465072667604,13.513513513513514,Piccolo,Piccolo,0
3151,25011,Cesiomaggiore,30,3925,82.0893,47.81378328235227,0.3654556684001447,7.643312101910828,Piccolo,Medio,1
3152,25012,Chies d'Alpago,4,1262,44.9711,28.062466784223645,0.0889460119943697,3.169572107765452,Piccolo,Piccolo,1
3153,25013,Cibiana di Cadore,1,361,21.5866,16.723337626119907,0.0463250349754014,2.770083102493075,Molto piccolo,Piccolo,1
3154,25014,Colle Santa Lucia,12,355,15.3388,23.14392260150729,0.7823297780791195,33.80281690140845,Molto piccolo,Piccolo,0
3155,25015,Comelico Superiore,15,2096,96.0918,21.812475153967352,0.1561007286782014,7.15648854961832,Piccolo,Medio,1
3156,25016,Cortina d'Ampezzo,105,5669,252.8033,22.424549046630325,0.415342679466605,18.52178514729229,Medio,Molto grande,0
3157,25017,Danta di Cadore,1,440,7.9544,55.31529719400584,0.1257165845318314,2.2727272727272725,Molto piccolo,Molto piccolo,1
3158,25018,Domegge di Cadore,24,2266,50.357,44.99870921619636,0.4765970967293524,10.59135039717564,Piccolo,Medio,1
3159,25019,Falcade,14,1860,52.795,35.23060895918174,0.2651766265744862,7.526881720430108,Piccolo,Medio,1
3160,25021,Feltre,274,20491,99.7878,205.3457436680636,2.7458266441388623,13.371724171587529,Grande,Medio,0
3161,25022,Fonzaso,42,3082,27.6181,111.59348398332978,1.5207418323490756,13.6275146009085,Piccolo,Piccolo,0
3162,25023,Canale d'Agordo,4,1085,45.955,23.61005331302361,0.087041671200087,3.686635944700461,Piccolo,Piccolo,1
3163,25025,Gosaldo,1,545,48.4729,11.24339579435107,0.0206300840263322,1.834862385321101,Molto piccolo,Piccolo,1
3164,25026,Lamon,23,2699,54.352,49.65778628201355,0.4231675007359435,8.521674694331233,Piccolo,Medio,1
3165,25027,La Valle Agordina,17,1067,48.6721,21.922210054630888,0.3492760739725633,15.932521087160262,Piccolo,Piccolo,0
3166,25029,Limana,27,5309,39.1203,135.7095932290908,0.6901787562978812,5.085703522320587,Medio,Piccolo,1
3167,25030,Livinallongo del Col di Lana,15,1315,100.0052,13.149316235555752,0.1499922004055789,11.40684410646388,Piccolo,Grande,1
3168,25032,Lorenzago di Cadore,8,557,27.3486,20.36667324835641,0.2925195439620309,14.36265709156194,Molto piccolo,Piccolo,0
3169,25033,Lozzo di Cadore,9,1286,30.4042,42.29678794377093,0.2960117352207919,6.998444790046656,Piccolo,Piccolo,1
3170,25035,Ospitale di Cadore,8,269,39.7816,6.761920083656767,0.2010979950529893,29.739776951672862,Molto piccolo,Piccolo,0
3171,25036,Pedavena,27,4323,25.0553,172.53834518046082,1.0776163127162717,6.2456627342123525,Piccolo,Piccolo,1
3172,25037,Perarolo di Cadore,13,367,43.9431,8.351709369616618,0.295837116634921,35.42234332425068,Molto piccolo,Piccolo,0
3173,25039,Pieve di Cadore,43,3729,67.1701,55.51577264288724,0.6401657880515288,11.531241619737196,Piccolo,Medio,0
3174,25040,Ponte nelle Alpi,103,8003,58.14,137.65049879600963,1.7715858273133815,12.870173684868174,Medio,Medio,0
3175,25043,Rivamonte Agordino,3,619,23.304,26.561963611397186,0.1287332646755921,4.846526655896607,Molto piccolo,Piccolo,1
3176,25044,Rocca Pietore,9,1174,73.2883,16.018927987141193,0.1228026847395832,7.666098807495741,Piccolo,Medio,1
3177,25045,San Gregorio nelle Alpi,2,1573,19.1176,82.28020253588316,0.1046156421308114,1.2714558169103625,Piccolo,Piccolo,1
3178,25046,San Nicolò di Comelico,5,373,24.1594,15.439125143836351,0.2069587820889591,13.404825737265416,Molto piccolo,Piccolo,0
3179,25047,San Pietro di Cadore,3,1557,52.1269,29.86941483188143,0.0575518590209661,1.9267822736030829,Piccolo,Medio,1
3180,25048,Santa Giustina,80,6649,35.9234,185.0882711547348,2.226960699711052,12.03188449390886,Medio,Piccolo,0
3181,25049,San Tomaso Agordino,7,611,19.1806,31.8551035942567,0.3649520870045776,11.456628477905074,Molto piccolo,Piccolo,1
3182,25050,Santo Stefano di Cadore,18,2418,100.6204,24.0309122205835,0.1788901654137729,7.444168734491315,Piccolo,Grande,1
3183,25051,San Vito di Cadore,31,1955,61.6156,31.72897772641993,0.5031193399074261,15.856777493606138,Piccolo,Medio,0
3184,25053,Sedico,94,10177,91.2029,111.58636403009116,1.030668980920563,9.236513707379384,Medio,Medio,1
3185,25054,Selva di Cadore,5,489,33.3266,14.67296393871562,0.1500303061218366,10.224948875255624,Molto piccolo,Piccolo,1
3186,25055,Seren del Grappa,18,2417,62.5288,38.65418815010044,0.287867350724786,7.447248655357882,Piccolo,Medio,1
3187,25056,Sospirolo,14,3091,65.8581,46.93424195353344,0.2125782553702582,4.529278550630864,Piccolo,Medio,1
3188,25057,Soverzene,0,366,14.7922,24.742769838157948,0.0,0.0,Molto piccolo,Piccolo,1
3189,25058,Sovramonte,15,1318,50.5416,26.07752821438181,0.2967852224702027,11.380880121396054,Piccolo,Medio,1
3190,25059,Taibon Agordino,10,1728,90.0587,19.18748549557122,0.1110386892104816,5.787037037037036,Piccolo,Medio,1
3191,25060,Tambre,4,1292,45.277,28.535459504825848,0.0883450758663339,3.095975232198142,Piccolo,Piccolo,1
3192,25062,Vallada Agordina,5,473,12.9989,36.38769434336752,0.384647931748071,10.570824524312895,Molto piccolo,Piccolo,1
3193,25063,Valle di Cadore,13,1847,40.6394,45.448505637386376,0.3198866124992002,7.038440714672442,Piccolo,Piccolo,1
3194,25065,Vigo di Cadore,12,1363,70.0659,19.45311485330239,0.1712673354656116,8.804108584005869,Piccolo,Medio,1
3195,25066,Vodo Cadore,13,829,46.8767,17.68469196850461,0.277323275742533,15.681544028950542,Molto piccolo,Piccolo,0
3196,25067,Voltago Agordino,1,830,23.4694,35.3651989398962,0.0426086734215616,1.2048192771084338,Molto piccolo,Piccolo,1
3197,25069,Zoppè di Cadore,1,191,4.3319,44.09150719084005,0.2308455873865971,5.235602094240838,Molto piccolo,Molto piccolo,1
3198,25070,Quero Vas,43,3100,45.9145,67.51679752583607,0.9365233205196616,13.870967741935484,Piccolo,Piccolo,0
3199,25071,Longarone,64,5119,122.3607,41.83532784627744,0.5230437550618785,12.502441883180309,Medio,Grande,0
3200,25072,Alpago,62,6648,80.3408,82.74749566845239,0.7717125047298509,9.326113116726836,Medio,Medio,1
3201,25073,Val di Zoldo,31,2842,141.6513,20.063352754263462,0.2188472679036479,10.907811400422238,Piccolo,Grande,1
3202,25074,Borgo Valbelluna,104,13488,167.6916,80.4333669665028,0.6201861035376847,7.71055753262159,Medio,Grande,1
3203,26001,Altivole,72,7084,21.9467,322.78201278552126,3.280675454624157,10.163749294184075,Medio,Piccolo,1
3204,26002,Arcade,24,4503,8.2724,544.3402156568832,2.901213674387119,5.329780146568954,Piccolo,Molto piccolo,1
3205,26003,Asolo,97,9057,25.3668,357.04148729835845,3.823895800810508,10.709948106437013,Medio,Piccolo,1
3206,26004,Borso del Grappa,45,5909,33.139,178.309544645282,1.3579166540933645,7.615501776950415,Medio,Piccolo,1
3207,26005,Breda di Piave,32,7665,25.7608,297.5451072948045,1.242197447284246,4.174820613176777,Medio,Piccolo,1
3208,26006,Caerano di San Marco,84,7899,12.0885,653.430946767589,6.948752947015759,10.634257500949488,Medio,Piccolo,1
3209,26007,Cappella Maggiore,48,4651,11.0891,419.4208727489156,4.32857490689055,10.320361212642442,Piccolo,Piccolo,1
3210,26008,Carbonera,121,11238,19.8826,565.2178286542002,6.085723195155564,10.767040398647447,Medio,Piccolo,1
3211,26009,Casale sul Sile,139,13149,26.9182,488.4799132185659,5.163792526989175,10.571146094760058,Medio,Piccolo,1
3212,26010,Casier,84,11335,13.4217,844.5278913997482,6.258521647779343,7.410674900749889,Medio,Piccolo,1
3213,26011,Castelcucco,8,2287,8.7916,260.13467400700665,0.9099595068019471,3.4980323567993006,Piccolo,Molto piccolo,1
3214,26012,Castelfranco Veneto,432,33357,51.609,646.3407545195605,8.370633029122827,12.950804928500764,Grande,Medio,0
3215,26013,Castello di Godego,57,7123,18.1318,392.8457185717911,3.1436481761325408,8.002246244559878,Medio,Piccolo,1
3216,26014,Cavaso del Tomba,12,2863,18.973,150.89864544352503,0.632477731513203,4.1914076143905,Piccolo,Piccolo,1
3217,26015,Cessalto,74,3833,28.1773,136.0314863382936,2.626227495182292,19.306026611009653,Piccolo,Piccolo,0
3218,26016,Chiarano,13,3647,19.9235,183.05016688834792,0.6524957964213115,3.564573622155196,Piccolo,Piccolo,1
3219,26017,Cimadolmo,21,3377,17.8957,188.70454913750228,1.1734662516693954,6.21853716316257,Piccolo,Piccolo,1
3220,26018,Cison di Valmarino,24,2582,28.812,89.61543801193946,0.8329862557267804,9.295120061967468,Piccolo,Piccolo,1
3221,26019,Codognè,42,5296,21.7507,243.48641652912323,1.9309723365225029,7.930513595166163,Medio,Piccolo,1
3222,26020,Colle Umberto,64,5067,13.5797,373.1304815275742,4.7129170747512825,12.63074797710677,Medio,Piccolo,0
3223,26021,Conegliano,492,34480,36.3983,947.2969891450974,13.517114810307076,14.269141531322504,Grande,Piccolo,3
3224,26022,Cordignano,60,6899,26.2483,262.83606938354103,2.285862322512315,8.69691259602841,Medio,Piccolo,1
3225,26023,Cornuda,56,6293,12.5101,503.0335488924949,4.476383082469365,8.898776418242491,Medio,Piccolo,1
3226,26025,Crocetta del Montello,50,6080,26.5683,228.8441488540855,1.8819420136026768,8.223684210526315,Medio,Piccolo,1
3227,26026,Farra di Soligo,62,8521,28.3399,300.6714914308096,2.1877282559218627,7.276141297969722,Medio,Piccolo,1
3228,26027,Follina,35,3658,24.0814,151.90146752265235,1.4534038718679148,9.568069983597594,Piccolo,Piccolo,1
3229,26028,Fontanelle,42,5654,35.3529,159.9303027474408,1.1880213504408408,7.428369296073576,Medio,Piccolo,1
3230,26029,Fonte,71,5989,14.5967,410.2982180903903,4.86411312145896,11.855067623977291,Medio,Piccolo,0
3231,26030,Fregona,15,2819,42.7229,65.98334850864524,0.3510997614862287,5.321035828307911,Piccolo,Piccolo,1
3232,26031,Gaiarine,22,6021,28.7778,209.22377666117632,0.7644781741481281,3.653878093339976,Medio,Piccolo,1
3233,26032,Giavera del Montello,19,5185,20.1877,256.8395607226182,0.9411671463316772,3.6644165863066536,Medio,Piccolo,1
3234,26033,Godega di Sant'Urbano,68,5918,24.342,243.118889162764,2.7935255936241887,11.490368367691788,Medio,Piccolo,0
3235,26034,Gorgo al Monticano,43,4039,27.0883,149.1049641358077,1.5874012027332831,10.646199554345134,Piccolo,Piccolo,1
3236,26035,Istrana,98,9181,26.4776,346.7459286340152,3.701241804393148,10.674218494717351,Medio,Piccolo,1
3237,26036,Loria,58,9272,23.2505,398.78712285757297,2.4945700092471133,6.255392579810181,Medio,Piccolo,1
3238,26037,Mansuè,34,4985,27.0947,183.98432165700305,1.254857961151074,6.820461384152457,Piccolo,Piccolo,1
3239,26038,Mareno di Piave,107,9608,27.7706,345.9774005603048,3.852995614066675,11.136552872606162,Medio,Piccolo,1
3240,26039,Maser,58,5129,25.8539,198.3839962249409,2.2433752741365907,11.30824722168064,Medio,Piccolo,1
3241,26040,Maserada sul Piave,61,9217,28.7696,320.3728936099216,2.12029364329014,6.6182054898557015,Medio,Piccolo,1
3242,26041,Meduna di Livenza,12,2925,15.3788,190.19689442609305,0.7802949514916638,4.102564102564102,Piccolo,Piccolo,1
3243,26042,Miane,14,3163,30.8836,102.41681669235452,0.4533150280407724,4.426177679418275,Piccolo,Piccolo,1
3244,26043,Mogliano Veneto,338,27561,46.2562,595.8336395985835,7.307128557901427,12.26370596132216,Grande,Piccolo,0
3245,26044,Monastier di Treviso,48,4438,25.2613,175.68375340936532,1.9001397394433384,10.815682739972962,Piccolo,Piccolo,1
3246,26045,Monfumo,4,1305,11.4548,113.92603973879945,0.3491985892376995,3.0651340996168583,Piccolo,Piccolo,1
3247,26046,Montebelluna,463,31129,49.0063,635.2040451941892,9.447764879209409,14.873590542580873,Grande,Piccolo,0
3248,26047,Morgano,50,4424,11.761,376.1584899243262,4.251339171839129,11.301989150090415,Piccolo,Piccolo,0
3249,26048,Moriago della Battaglia,16,2811,13.7573,204.327884105166,1.1630189063260958,5.691924581999288,Piccolo,Piccolo,1
3250,26049,Motta di Livenza,52,10641,37.7775,281.67560055588643,1.3764807094169809,4.886758763274129,Medio,Piccolo,1
3251,26050,Nervesa della Battaglia,67,6583,34.9727,188.23253566353185,1.9157800227034227,10.17773051800091,Medio,Piccolo,1
3252,26051,Oderzo,149,20344,42.3532,480.34150902411153,3.518034056458544,7.324026740070782,Grande,Piccolo,1
3253,26052,Ormelle,32,4480,18.8269,237.957390754718,1.6996956482479857,7.142857142857142,Piccolo,Piccolo,1
3254,26053,Orsago,27,3859,10.7066,360.431883137504,2.5218089776399606,6.99663125161959,Piccolo,Piccolo,1
3255,26055,Paese,180,22026,38.089,578.2771928903359,4.725773845467195,8.172160174339417,Grande,Piccolo,1
3256,26056,Pederobba,105,7334,27.3165,268.48241905075685,3.8438306518038554,14.31688028361058,Medio,Piccolo,0
3257,26057,Pieve di Soligo,84,11805,19.0228,620.5711041487058,4.41575372710642,7.115628970775095,Medio,Piccolo,1
3258,26058,Ponte di Piave,81,8285,32.4357,255.4284322521173,2.497248402223476,9.776704888352445,Medio,Piccolo,1
3259,26059,Ponzano Veneto,118,12910,22.2704,579.6932250880093,5.298512824197141,9.14020139426801,Medio,Piccolo,1
3260,26060,Portobuffolè,4,739,5.0807,145.452398291574,0.7872930895349066,5.412719891745603,Molto piccolo,Molto piccolo,1
3261,26061,Possagno,9,2196,12.1102,181.3347426136645,0.743175174646166,4.0983606557377055,Piccolo,Piccolo,1
3262,26062,Povegliano,27,5097,12.9146,394.66959874870304,2.090657085778886,5.29723366686286,Medio,Piccolo,1
3263,26063,Preganziol,210,16896,23.1084,731.1626940852677,9.087604507451836,12.428977272727272,Medio,Piccolo,0
3264,26064,Quinto di Treviso,101,9945,19.0403,522.3131988466569,5.304538268829798,10.155857214680744,Medio,Piccolo,1
3265,26065,Refrontolo,28,1696,13.0349,130.1122371479643,2.1480793868767694,16.50943396226415,Piccolo,Piccolo,0
3266,26066,Resana,99,9407,24.8911,377.9262467307592,3.9773252286962,10.524077814393536,Medio,Piccolo,1
3267,26067,Revine Lago,18,2109,18.7927,112.22442757027994,0.9578187274846084,8.534850640113799,Piccolo,Piccolo,1
3268,26068,Riese Pio X,160,10938,30.6437,356.9412309871197,5.221301605223912,14.627902724446882,Medio,Piccolo,0
3269,26069,Roncade,123,14668,61.7762,237.43771873310436,1.9910580450076245,8.385601308971912,Medio,Medio,1
3270,26070,Salgareda,51,6596,27.551,239.41054771151684,1.8511124823055425,7.731958762886598,Medio,Piccolo,1
3271,26071,San Biagio di Callalta,175,12795,48.5044,263.79050148027807,3.607920106217168,13.677217663149667,Medio,Piccolo,0
3272,26072,San Fior,85,6875,17.8168,385.8717614835436,4.770778141978357,12.363636363636363,Medio,Piccolo,0
3273,26073,San Pietro di Feletto,41,5092,19.2525,264.4851318010648,2.129593559278016,8.051846032992929,Medio,Piccolo,1
3274,26074,San Polo di Piave,33,4946,20.9825,235.7202430596926,1.5727391874180865,6.672058228871816,Piccolo,Piccolo,1
3275,26075,Santa Lucia di Piave,67,9120,19.8098,460.37819665014285,3.382164383285041,7.346491228070175,Medio,Piccolo,1
3276,26076,San Vendemiano,136,9897,18.4963,535.0799889707671,7.352821915734498,13.74153783974942,Medio,Piccolo,0
3277,26077,San Zenone degli Ezzelini,45,7317,19.9661,366.47116863082925,2.2538202252818524,6.150061500615006,Medio,Piccolo,1
3278,26078,Sarmede,16,2975,18.0133,165.1557460320985,0.8882325837020423,5.378151260504202,Piccolo,Piccolo,1
3279,26079,Segusino,13,1838,18.2274,100.83720113675017,0.7132119775722264,7.072905331882481,Piccolo,Piccolo,1
3280,26080,Sernaglia della Battaglia,48,6171,20.1512,306.23486442494743,2.38199213942594,7.7783179387457455,Medio,Piccolo,1
3281,26081,Silea,132,10195,18.9531,537.9067276593275,6.964559887300759,12.947523295733202,Medio,Piccolo,0
3282,26082,Spresiano,99,12313,25.7247,478.6450376486412,3.848441381240598,8.040282628116625,Medio,Piccolo,1
3283,26083,Susegana,192,11707,44.098,265.4768923760715,4.353938954147581,16.400444178696507,Medio,Piccolo,0
3284,26084,Tarzo,23,4228,23.9059,176.8601056642921,0.9621055889968586,5.4399243140965,Piccolo,Piccolo,1
3285,26085,Trevignano,83,10704,26.4946,404.0068542268991,3.132713836026964,7.754110612855007,Medio,Piccolo,1
3286,26086,Treviso,1490,84837,55.5781,1526.4465679827126,26.80912085875552,17.563091575609697,Grande,Medio,3
3287,26087,Valdobbiadene,81,10140,62.8942,161.22313345268722,1.2878771015451345,7.988165680473372,Medio,Medio,1
3288,26088,Vazzola,60,6858,26.1591,262.1649827402319,2.2936568918655458,8.748906386701663,Medio,Piccolo,1
3289,26089,Vedelago,149,16491,61.8489,266.6336830566105,2.4090970090009685,9.035231338305742,Medio,Medio,1
3290,26090,Vidor,24,3672,13.4259,273.50121779545503,1.7875896587938238,6.5359477124183005,Piccolo,Piccolo,1
3291,26091,Villorba,313,17768,30.5337,581.9144093247788,10.250968601905436,17.615938766321477,Medio,Piccolo,0
3292,26092,Vittorio Veneto,386,27479,82.8023,331.8627622662655,4.661706256951799,14.04709050547691,Grande,Medio,0
3293,26093,Volpago del Montello,87,10083,44.8222,224.9554908058953,1.9410024496789535,8.628384409401963,Medio,Piccolo,1
3294,26094,Zenson di Piave,10,1729,9.4961,182.07474647486865,1.053063889386169,5.78368999421631,Piccolo,Molto piccolo,1
3295,26095,Zero Branco,93,11457,26.0637,439.5768827910082,3.568181033391268,8.117308195862792,Medio,Piccolo,1
3296,26096,Pieve del Grappa,34,6550,37.3385,175.42215139869035,0.910588266802362,5.190839694656488,Medio,Piccolo,1
3297,27001,Annone Veneto,42,3817,25.9339,147.1818739179221,1.6195018874908902,11.00340581608593,Piccolo,Piccolo,1
3298,27002,Campagna Lupia,82,7157,87.591,81.70930803393043,0.93616924113208,11.457314517255831,Medio,Medio,1
3299,27003,Campolongo Maggiore,56,10689,23.6146,452.6437034715812,2.371414294546594,5.239030779305828,Medio,Piccolo,1
3300,27004,Camponogara,105,13036,21.299,612.0475139677919,4.929808911216489,8.05461798097576,Medio,Piccolo,1
3301,27005,Caorle,183,11242,153.834,73.07877322308462,1.189593977924256,16.278242305639566,Medio,Grande,0
3302,27006,Cavarzere,173,13181,140.4375,93.85669781931465,1.2318647085002226,13.124952583263788,Medio,Grande,0
3303,27007,Ceggia,49,6104,22.1039,276.150362605694,2.216803369541122,8.027522935779817,Medio,Piccolo,1
3304,27008,Chioggia,1083,48223,187.9113,256.62639766741006,5.763357498990215,22.458163117184743,Grande,Grande,0
3305,27009,Cinto Caomaggiore,29,3172,21.3196,148.78327923600818,1.3602506613632526,9.14249684741488,Piccolo,Piccolo,1
3306,27010,Cona,34,2875,65.1112,44.15522982221185,0.5221835874626792,11.82608695652174,Piccolo,Medio,0
3307,27011,Concordia Sagittaria,76,10256,66.8349,153.45276195520603,1.1371304513061289,7.410296411856475,Medio,Medio,1
3308,27012,Dolo,164,15053,24.284,619.8731675177072,6.753417888321529,10.894838238224938,Medio,Piccolo,1
3309,27013,Eraclea,143,12060,95.4535,126.34424091311476,1.498111645984694,11.857379767827528,Medio,Medio,0
3310,27014,Fiesso d'Artico,87,8465,6.3104,1341.4363590263692,13.786764705882351,10.277613703484938,Medio,Molto piccolo,3
3311,27015,Fossalta di Piave,34,4150,9.6402,430.48899400427376,3.526897782203689,8.19277108433735,Piccolo,Molto piccolo,1
3312,27016,Fossalta di Portogruaro,95,5833,31.1041,187.53154728797813,3.054259727817233,16.286644951140065,Medio,Piccolo,0
3313,27017,Fossò,59,7053,10.1823,692.672578886892,5.794368659340228,8.365234651921169,Medio,Piccolo,1
3314,27018,Gruaro,35,2760,17.4881,157.8216044052813,2.001360925429292,12.681159420289855,Piccolo,Piccolo,0
3315,27019,Jesolo,795,26511,96.3967,275.0197880217892,8.247170286949657,29.98755233676587,Grande,Medio,0
3316,27020,Marcon,135,17558,25.5472,687.276883572368,5.284336443915576,7.688802824923112,Medio,Piccolo,1
3317,27021,Martellago,159,21394,20.1706,1060.6526330401673,7.882760056716211,7.431990277647939,Grande,Piccolo,1
3318,27022,Meolo,47,6236,26.612,234.3303772734105,1.7661205471215995,7.536882617062219,Medio,Piccolo,1
3319,27023,Mira,452,37969,99.1344,383.0052938233348,4.559466744137252,11.904448365772078,Grande,Medio,0
3320,27024,Mirano,354,27159,45.6303,595.1966127770363,7.7580029059638,13.034353253065282,Grande,Piccolo,0
3321,27025,Musile di Piave,172,11322,44.8684,252.3379483110608,3.8334328837221743,15.19166225048578,Medio,Piccolo,0
3322,27026,Noale,117,16108,24.6898,652.4151673970628,4.7387990182180495,7.2634715669232675,Medio,Piccolo,1
3323,27027,Noventa di Piave,113,6997,17.9961,388.80646362267385,6.279138257733621,16.149778476489924,Medio,Piccolo,0
3324,27028,Pianiga,116,12258,20.0674,610.8414642654255,5.780519648783599,9.463207701093165,Medio,Piccolo,1
3325,27029,Portogruaro,496,24592,102.3109,240.36539606239413,4.847968300542758,20.169160702667533,Grande,Grande,0
3326,27030,Pramaggiore,36,4659,24.2151,192.4006095370244,1.4866756693137753,7.726980038634901,Piccolo,Piccolo,1
3327,27031,Quarto d'Altino,113,8046,28.3286,284.0239192900461,3.988901675338704,14.04424558786975,Medio,Piccolo,0
3328,27032,Salzano,100,12858,17.1836,748.2716078121,5.819502316161922,7.777259293824856,Medio,Piccolo,1
3329,27033,San Donà di Piave,741,41807,78.8769,530.028436715946,9.394385428433418,17.724304542301528,Grande,Medio,0
3330,27034,San Michele al Tagliamento,285,11714,114.4092,102.38687098589972,2.491058411386497,24.329861703944,Medio,Grande,0
3331,27035,Santa Maria di Sala,177,17541,28.051,625.3253003457987,6.309935474671135,10.09064477509834,Medio,Piccolo,1
3332,27036,San Stino di Livenza,165,12799,67.9666,188.3130831908614,2.4276629991790086,12.891632158762402,Medio,Medio,0
3333,27037,Scorzè,201,19045,33.2872,572.1418443125285,6.038357086207311,10.55395116828564,Medio,Piccolo,1
3334,27038,Spinea,251,27877,14.9588,1863.5853143300264,16.779420809155816,9.003838289629444,Grande,Piccolo,3
3335,27039,Stra,78,7543,8.8154,855.661682963904,8.848152097465798,10.340713244067349,Medio,Molto piccolo,1
3336,27040,Teglio Veneto,21,2244,11.4427,196.1075620264448,1.835231195434644,9.358288770053475,Piccolo,Piccolo,1
3337,27041,Torre di Mosto,29,4768,37.9981,125.47995820843674,0.7631960545395691,6.082214765100671,Piccolo,Piccolo,1
3338,27042,Venezia,3097,256083,415.8927,615.7429548534994,7.446632268371145,12.09373523427951,Grande,Molto grande,0
3339,27043,Vigonovo,67,9936,12.8657,772.2860007617153,5.207645133960842,6.743156199677938,Medio,Piccolo,1
3340,27044,Cavallino-Treporti,206,13395,44.7138,299.57194423198206,4.60707879893903,15.378872713699142,Medio,Piccolo,0
3341,28001,Abano Terme,236,20095,21.4081,938.6634031044324,11.023864798837822,11.74421497885046,Grande,Piccolo,0
3342,28002,Agna,20,3193,18.8041,169.80339394068315,1.0635978323876176,6.263701847792045,Piccolo,Piccolo,1
3343,28003,Albignasego,295,26441,21.1553,1249.8522828794676,13.944496178262655,11.156915396543248,Grande,Piccolo,3
3344,28004,Anguillara Veneta,24,4182,21.665,193.03023309485343,1.107777521347796,5.738880918220947,Piccolo,Piccolo,1
3345,28005,Arquà Petrarca,16,1801,12.5158,143.8981127854392,1.278384122469199,8.883953359244865,Piccolo,Piccolo,1
3346,28006,Arre,22,2130,12.3439,172.55486515606898,1.7822568232082243,10.328638497652582,Piccolo,Piccolo,1
3347,28007,Arzergrande,29,4899,13.6428,359.09050927962005,2.1256633535637848,5.919575423555828,Piccolo,Piccolo,1
3348,28008,Bagnoli di Sopra,30,3408,34.977,97.43545758641392,0.8577064928381508,8.802816901408452,Piccolo,Piccolo,1
3349,28009,Baone,29,3059,24.4195,125.26874014619465,1.187575503183931,9.480222294867604,Piccolo,Piccolo,1
3350,28010,Barbona,15,617,8.5865,71.85698480172364,1.74692831770803,24.311183144246357,Molto piccolo,Molto piccolo,0
3351,28011,Battaglia Terme,38,3805,6.2291,610.8426578478432,6.100399736719591,9.986859395532194,Piccolo,Molto piccolo,1
3352,28012,Boara Pisani,62,2416,16.6614,145.00582183970135,3.72117589158174,25.662251655629134,Piccolo,Piccolo,0
3353,28013,Borgoricco,113,8862,20.3938,434.5438319489257,5.540899685198443,12.751071992778154,Medio,Piccolo,0
3354,28014,Bovolenta,28,3491,22.7798,153.24980904134364,1.2291591673324611,8.020624462904612,Piccolo,Piccolo,1
3355,28015,Brugine,45,7154,19.547,365.9896659333913,2.3021435514401185,6.290187307799832,Medio,Piccolo,1
3356,28016,Cadoneghe,174,15972,12.9249,1235.7542418123155,13.462386556182254,10.894064613072878,Medio,Piccolo,3
3357,28017,Campodarsego,183,14780,25.7182,574.6902971436571,7.115583516731342,12.381596752368065,Medio,Piccolo,0
3358,28018,Campodoro,16,2613,11.2241,232.802630054971,1.42550404932244,6.123230003827019,Piccolo,Piccolo,1
3359,28019,Camposampiero,147,11874,21.1245,562.0961442874387,6.958744585670666,12.3799898938858,Medio,Piccolo,0
3360,28020,Campo San Martino,64,5683,13.1599,431.84218725066296,4.863258839352882,11.261657575224351,Medio,Piccolo,0
3361,28021,Candiana,20,2243,22.268,100.72750134722472,0.8981498113885396,8.916629514043692,Piccolo,Piccolo,1
3362,28022,Carceri,8,1509,9.8081,153.85242809514585,0.8156523689603491,5.301524188204109,Piccolo,Molto piccolo,1
3363,28023,Carmignano di Brenta,56,7494,14.6815,510.43830671252937,3.8143241494397713,7.472644782492661,Medio,Piccolo,1
3364,28026,Cartura,22,4561,16.2785,280.1855207789415,1.3514758730841292,4.823503617627714,Piccolo,Piccolo,1
3365,28027,Casale di Scodosia,26,4781,21.3152,224.3000300255217,1.2197868187959766,5.438192846684794,Piccolo,Piccolo,1
3366,28028,Casalserugo,59,5330,15.5043,343.7755977374019,3.8053959224215217,11.069418386491558,Medio,Piccolo,1
3367,28029,Castelbaldo,5,1446,15.1745,95.2914428811493,0.3295001482750667,3.457814661134163,Piccolo,Piccolo,1
3368,28030,Cervarese Santa Croce,40,5648,17.7049,319.00773232269034,2.259261560358997,7.0821529745042495,Medio,Piccolo,1
3369,28031,Cinto Euganeo,25,1960,19.7569,99.20584707114982,1.2653807024381354,12.755102040816327,Piccolo,Piccolo,0
3370,28032,Cittadella,217,20072,36.6783,547.2445560454001,5.916304736042838,10.811080111598248,Grande,Piccolo,1
3371,28033,Codevigo,143,6411,70.0181,91.56203895849788,2.0423290549158004,22.305412572141638,Medio,Medio,0
3372,28034,Conselve,95,10069,24.2861,414.5992975405685,3.911702578841395,9.4348991955507,Medio,Piccolo,1
3373,28035,Correzzola,77,5090,42.3257,120.25790477180531,1.8192256714005912,15.12770137524558,Medio,Piccolo,0
3374,28036,Curtarolo,69,7103,14.729,482.2459094303755,4.684635752596918,9.714205265380825,Medio,Piccolo,1
3375,28037,Este,180,15990,32.8074,487.3900400519395,5.4865670549936905,11.25703564727955,Medio,Piccolo,0
3376,28038,Fontaniva,80,7918,20.6111,384.1619321627667,3.881403709651595,10.103561505430664,Medio,Piccolo,1
3377,28039,Galliera Veneta,55,7127,8.9542,795.9393357307185,6.142368944182618,7.717132033113511,Medio,Molto piccolo,1
3378,28040,Galzignano Terme,44,4290,18.2007,235.7052201288961,2.4174894372194475,10.256410256410255,Piccolo,Piccolo,1
3379,28041,Gazzo,26,4300,22.7096,189.34723641103324,1.1448902666713638,6.046511627906977,Piccolo,Piccolo,1
3380,28042,Grantorto,41,4514,14.1029,320.0760127349694,2.907203482971588,9.082853345148427,Piccolo,Piccolo,1
3381,28043,Granze,14,1965,11.4734,171.26571025153834,1.2202137117157947,7.12468193384224,Piccolo,Piccolo,1
3382,28044,Legnaro,98,9221,14.9138,618.2864192895171,6.571095227239201,10.627914542891228,Medio,Piccolo,1
3383,28045,Limena,94,8055,15.1553,531.4972319914485,6.202450627833168,11.669770328988204,Medio,Piccolo,0
3384,28046,Loreggia,95,7636,19.1159,399.4580427811403,4.969684921975947,12.441068622315347,Medio,Piccolo,0
3385,28047,Lozzo Atestino,24,2984,24.0731,123.95578467251828,0.9969634155966618,8.04289544235925,Piccolo,Piccolo,1
3386,28048,Maserà di Padova,99,9144,17.5821,520.0743938437388,5.630726705001109,10.826771653543307,Medio,Piccolo,1
3387,28049,Masi,11,1746,13.7649,126.84436501536516,0.7991340293064243,6.300114547537228,Piccolo,Piccolo,1
3388,28050,Massanzago,29,6070,13.2228,459.055570680945,2.1931814744229663,4.777594728171335,Medio,Piccolo,1
3389,28052,Megliadino San Vitale,16,1821,15.2476,119.42863139116976,1.0493454707626118,8.786381109280615,Piccolo,Piccolo,1
3390,28053,Merlara,11,2518,21.3456,117.96342103290608,0.5153286860055468,4.368546465448769,Piccolo,Piccolo,1
3391,28054,Mestrino,122,11649,19.218,606.1504839213237,6.348215214902695,10.473001974418404,Medio,Piccolo,1
3392,28055,Monselice,295,17258,50.5708,341.2641287066845,5.833405838942631,17.093521844941474,Medio,Medio,0
3393,28056,Montagnana,104,8894,45.0279,197.5219808163383,2.309679110062872,11.693276366089496,Medio,Piccolo,0
3394,28057,Montegrotto Terme,126,11366,15.37,739.4925178919974,8.197787898503579,11.085694175611474,Medio,Piccolo,0
3395,28058,Noventa Padovana,135,11507,7.0781,1625.7187663355985,19.072915047823567,11.73198922395064,Medio,Molto piccolo,3
3396,28059,Ospedaletto Euganeo,59,5569,21.4782,259.28615992029125,2.7469713476920785,10.594361644819536,Medio,Piccolo,1
3397,28060,Padova,4914,209730,93.0257,2254.538262007166,52.82411204645598,23.43012444571592,Grande,Medio,2
3398,28061,Pernumia,24,3769,13.1797,285.9700903662451,1.8209822681851635,6.367736800212258,Piccolo,Piccolo,1
3399,28062,Piacenza d'Adige,8,1259,18.4889,68.09491100065445,0.432692047661029,6.354249404289118,Piccolo,Piccolo,1
3400,28063,Piazzola sul Brenta,146,11046,40.9328,269.8569362467263,3.566821717546808,13.217454282093064,Medio,Piccolo,0
3401,28064,Piombino Dese,91,9484,29.6247,320.1382630035072,3.071761064247064,9.595107549557149,Medio,Piccolo,1
3402,28065,Piove di Sacco,316,20075,35.7342,561.7867477094771,8.843069104667237,15.740971357409713,Grande,Piccolo,0
3403,28066,Polverara,31,3358,9.8439,341.1249606355205,3.149158362031309,9.231685527099463,Piccolo,Molto piccolo,1
3404,28067,Ponso,22,2401,10.8489,221.3127598189678,2.027855358607785,9.162848812994586,Piccolo,Piccolo,1
3405,28068,Pontelongo,25,3674,10.8862,337.49150300380296,2.296485458654076,6.804572672836146,Piccolo,Piccolo,1
3406,28069,Ponte San Nicolò,139,13393,13.521,990.5332445825012,10.28030471119,10.378555962069738,Medio,Piccolo,1
3407,28070,Pozzonovo,19,3502,24.4761,143.0783499005152,0.7762674609108478,5.425471159337522,Piccolo,Piccolo,1
3408,28071,Rovolon,34,4906,27.6862,177.20019359825474,1.2280486307257767,6.930289441500204,Piccolo,Piccolo,1
3409,28072,Rubano,259,16721,14.5124,1152.1870951737824,17.846806868608915,15.489504216255009,Medio,Piccolo,3
3410,28073,Saccolongo,48,4930,13.7992,357.2670879471273,3.478462519566352,9.73630831643002,Piccolo,Piccolo,1
3411,28075,San Giorgio delle Pertiche,95,10145,18.8582,537.9622657517684,5.037596377172795,9.36421882700838,Medio,Piccolo,1
3412,28076,San Giorgio in Bosco,65,6413,28.3502,226.20651706160805,2.292752784812805,10.135661936691095,Medio,Piccolo,1
3413,28077,San Martino di Lupari,88,13110,24.1222,543.4827669118074,3.648091799255458,6.712433257055682,Medio,Piccolo,1
3414,28078,San Pietro in Gu,38,4368,17.9003,244.0182566772624,2.122869449115378,8.6996336996337,Piccolo,Piccolo,1
3415,28079,San Pietro Viminario,21,3044,13.3064,228.76209944087057,1.578187939638069,6.898817345597897,Piccolo,Piccolo,1
3416,28080,Santa Giustina in Colle,48,7168,17.9675,398.9425351328788,2.6714901906219564,6.696428571428571,Medio,Piccolo,1
3417,28082,Sant'Angelo di Piove di Sacco,88,7216,13.9648,516.7277726856095,6.301558203483043,12.195121951219512,Medio,Piccolo,0
3418,28083,Sant'Elena,15,2521,8.9164,282.73742766138804,1.6822933022295994,5.950019833399445,Piccolo,Molto piccolo,1
3419,28084,Sant'Urbano,14,1942,31.9186,60.842267517998906,0.4386157287600333,7.209062821833162,Piccolo,Piccolo,1
3420,28085,Saonara,93,10426,13.5443,769.7703092813952,6.866357065333757,8.920007673124879,Medio,Piccolo,1
3421,28086,Selvazzano Dentro,255,22920,19.5168,1174.37284800787,13.065666502705362,11.12565445026178,Grande,Piccolo,3
3422,28087,Solesino,51,6843,10.1429,674.6591211586431,5.028147768389712,7.452871547566856,Medio,Piccolo,1
3423,28088,Stanghella,73,4113,19.8106,207.61612470091768,3.684895964786529,17.74860199367858,Piccolo,Piccolo,0
3424,28089,Teolo,106,8941,31.2006,286.5650019550906,3.3973705633866014,11.855497147970029,Medio,Piccolo,0
3425,28090,Terrassa Padovana,20,2690,14.8125,181.60337552742612,1.350210970464135,7.434944237918216,Piccolo,Piccolo,1
3426,28091,Tombolo,52,8268,11.0202,750.2586159960798,4.718607647774087,6.289308176100629,Medio,Piccolo,1
3427,28092,Torreglia,42,6137,18.8543,325.49604069098297,2.227608556138388,6.84373472380642,Medio,Piccolo,1
3428,28093,Trebaseleghe,106,12941,30.6561,422.1345833292559,3.457713146812543,8.191020786647092,Medio,Piccolo,1
3429,28094,Tribano,29,4267,19.2263,221.9355778282873,1.5083505406656508,6.796344035622218,Piccolo,Piccolo,1
3430,28095,Urbana,10,2049,17.022,120.3736341205499,0.5874750323111269,4.880429477794046,Piccolo,Piccolo,1
3431,28096,Veggiano,39,4753,16.4121,289.6034023677653,2.376295538048148,8.205343993267409,Piccolo,Piccolo,1
3432,28097,Vescovana,18,1759,22.2473,79.0657742737321,0.8090869453821363,10.23308698123934,Piccolo,Piccolo,1
3433,28098,Vighizzolo d'Este,6,901,17.0825,52.74403629445339,0.3512366456900336,6.659267480577136,Molto piccolo,Piccolo,1
3434,28099,Vigodarzere,121,13035,19.916,654.4988953605141,6.075517172122916,9.282700421940929,Medio,Piccolo,1
3435,28100,Vigonza,341,23080,33.3229,692.6167890549742,10.233202992536665,14.77469670710572,Grande,Piccolo,0
3436,28101,Villa del Conte,50,5564,17.3484,320.7212192478845,2.8821101657789763,8.986340762041696,Medio,Piccolo,1
3437,28102,Villa Estense,20,2135,16.0063,133.3849796642572,1.24950800622255,9.36768149882904,Piccolo,Piccolo,1
3438,28103,Villafranca Padovana,96,10491,23.9549,437.94797724056457,4.007530818329444,9.150700600514728,Medio,Piccolo,1
3439,28104,Villanova di Camposampiero,52,6163,12.2262,504.081398962883,4.253161243886081,8.437449294174915,Medio,Piccolo,1
3440,28105,Vo',32,3258,20.3663,159.97014676205302,1.5712230498421411,9.821976672805402,Piccolo,Piccolo,1
3441,28106,Due Carrare,128,8941,26.5644,336.5782776949602,4.818478866452847,14.31607202773739,Medio,Piccolo,0
3442,28107,Borgo Veneto,62,7045,39.1705,179.8547376214243,1.5828238087336135,8.800567778566359,Medio,Piccolo,1
3443,29001,Adria,201,18950,113.3883,167.1248268119374,1.7726696669762223,10.606860158311346,Medio,Grande,1
3444,29002,Ariano nel Polesine,39,4098,81.4577,50.30831953271452,0.4787761009701968,9.51683748169839,Piccolo,Medio,1
3445,29003,Arquà Polesine,31,2628,19.9278,131.87607262216602,1.5556157729403144,11.796042617960426,Piccolo,Piccolo,0
3446,29004,Badia Polesine,97,10053,44.5341,225.73713177093504,2.1781062152373125,9.648861036506515,Medio,Piccolo,1
3447,29005,Bagnolo di Po,10,1195,21.358,55.95093173518119,0.4682086337672067,8.368200836820083,Piccolo,Piccolo,1
3448,29006,Bergantino,20,2453,17.9675,136.52427994990956,1.1131209127591484,8.153281695882592,Piccolo,Piccolo,1
3449,29007,Bosaro,13,1453,6.1227,237.31360347559084,2.123246280235844,8.947006194081212,Piccolo,Molto piccolo,1
3450,29008,Calto,6,683,10.8475,62.96381654759161,0.5531228393639087,8.784773060029282,Molto piccolo,Piccolo,1
3451,29009,Canaro,19,2620,32.6473,80.25165940215577,0.5819776826873891,7.251908396946565,Piccolo,Piccolo,1
3452,29010,Canda,16,878,14.3743,61.0812352601518,1.1130976812783926,18.223234624145785,Molto piccolo,Piccolo,0
3453,29011,Castelguglielmo,12,1521,22.1291,68.73302574438183,0.5422723924606061,7.889546351084813,Piccolo,Piccolo,1
3454,29012,Castelmassa,30,4016,11.8404,339.1777304820783,2.533698185872099,7.470119521912351,Piccolo,Piccolo,1
3455,29013,Castelnovo Bariano,29,2624,37.9133,69.2105408919825,0.7649030815043797,11.051829268292682,Piccolo,Piccolo,1
3456,29014,Ceneselli,15,1583,28.6176,55.31560997428157,0.5241529688024154,9.475679090334808,Piccolo,Piccolo,1
3457,29015,Ceregnano,32,3515,30.1699,116.50684954209328,1.0606597966847753,9.103840682788052,Piccolo,Piccolo,1
3458,29017,Corbola,9,2217,18.547,119.5341564673532,0.4852536798404054,4.059539918809201,Piccolo,Piccolo,1
3459,29018,Costa di Rovigo,22,2443,16.0651,152.06877019128422,1.3694281392583922,9.005321326238231,Piccolo,Piccolo,1
3460,29019,Crespino,11,1747,31.855,54.84225396327107,0.3453147072673049,6.296508299942759,Piccolo,Piccolo,1
3461,29021,Ficarolo,17,2197,18.0738,121.55717115382488,0.9405880335070655,7.737824305871643,Piccolo,Piccolo,1
3462,29022,Fiesso Umbertiano,39,3891,27.5396,141.2874551554852,1.4161425728768755,10.023130300693907,Piccolo,Piccolo,1
3463,29023,Frassinelle Polesine,24,1370,21.9767,62.338749675793,1.092065687751118,17.51824817518248,Piccolo,Piccolo,0
3464,29024,Fratta Polesine,23,2542,20.9677,121.2340886220234,1.0969252707736183,9.04799370574351,Piccolo,Piccolo,1
3465,29025,Gaiba,6,989,11.9896,82.48815640221525,0.5004337092146527,6.066734074823054,Molto piccolo,Piccolo,1
3466,29026,Gavello,4,1470,24.3701,60.319818137800006,0.1641355595586394,2.7210884353741496,Piccolo,Piccolo,1
3467,29027,Giacciano con Baruchella,24,2068,18.4203,112.2674440698577,1.3029103760525071,11.60541586073501,Piccolo,Piccolo,0
3468,29028,Guarda Veneta,12,1110,17.2052,64.51537907144352,0.697463557529119,10.81081081081081,Piccolo,Piccolo,1
3469,29029,Lendinara,118,11517,55.0601,209.17143267084515,2.1431127077502583,10.245723712772422,Medio,Medio,1
3470,29030,Loreo,18,3326,39.8436,83.47639269543916,0.4517664066500015,5.411906193625978,Piccolo,Piccolo,1
3471,29031,Lusia,14,3398,17.6764,192.2337127469394,0.792016473942658,4.120070629782225,Piccolo,Piccolo,1
3472,29032,Melara,15,1697,17.5809,96.52520633187152,0.8531986417077624,8.83912787271656,Piccolo,Piccolo,1
3473,29033,Occhiobello,160,12052,32.3261,372.82567337229057,4.949560881145576,13.275804845668768,Medio,Piccolo,0
3474,29034,Papozze,17,1392,21.4869,64.78365888052721,0.7911797420754041,12.21264367816092,Piccolo,Piccolo,0
3475,29035,Pettorazza Grimani,10,1513,21.4544,70.521664553658,0.4661048549481691,6.609385327164574,Piccolo,Piccolo,1
3476,29036,Pincara,5,1121,17.5061,64.03482214770851,0.2856147285803234,4.460303300624442,Piccolo,Piccolo,1
3477,29037,Polesella,33,3723,16.4116,226.85173901386824,2.010772867971435,8.8638195004029,Piccolo,Piccolo,1
3478,29038,Pontecchio Polesine,8,2192,11.5313,190.0913166772177,0.6937639294788965,3.6496350364963503,Piccolo,Piccolo,1
3479,29039,Porto Tolle,46,9203,257.0646,35.80033968115408,0.1789433473142548,4.998370096707595,Medio,Molto grande,1
3480,29040,Rosolina,73,6295,74.693,84.27831255940985,0.977333886709598,11.59650516282764,Medio,Medio,0
3481,29041,Rovigo,875,50535,108.8039,464.4594541188321,8.041991141861644,17.31473236370832,Grande,Grande,0
3482,29042,Salara,9,1081,14.1558,76.3644583845491,0.6357817996863476,8.325624421831638,Piccolo,Piccolo,1
3483,29043,San Bellino,23,1064,15.8257,67.23241310021042,1.4533322380684583,21.616541353383457,Piccolo,Piccolo,0
3484,29044,San Martino di Venezze,29,3777,31.0456,121.65975210657872,0.9341098255469374,7.678051363516017,Piccolo,Piccolo,1
3485,29045,Stienta,32,3165,24.0221,131.75367682259255,1.3321066850941423,10.110584518167457,Piccolo,Piccolo,1
3486,29046,Taglio di Po,70,8030,78.6785,102.06091880246828,0.8896966769829114,8.7173100871731,Medio,Medio,1
3487,29047,Trecenta,27,2581,35.0778,73.57930086835547,0.7697175991652839,10.461061604029446,Piccolo,Piccolo,1
3488,29048,Villadose,34,4867,32.074,151.7428446716967,1.060048637525722,6.98582288884323,Piccolo,Piccolo,1
3489,29049,Villamarzana,34,1153,14.1513,81.47661345600757,2.402606120992417,29.488291413703383,Piccolo,Piccolo,0
3490,29050,Villanova del Ghebbo,26,1991,11.7258,169.79651708199015,2.217332719302734,13.058764439979909,Piccolo,Piccolo,0
3491,29051,Villanova Marchesana,5,865,18.0497,47.92323418117752,0.2770129143420666,5.780346820809248,Molto piccolo,Piccolo,1
3492,29052,Porto Viro,139,13911,133.3075,104.3527183391782,1.0427020235170563,9.99209258859895,Medio,Grande,1
3493,30001,Aiello del Friuli,23,2179,13.3473,163.25399144396243,1.7231949532864324,10.555300596603947,Piccolo,Piccolo,1
3494,30002,Amaro,11,848,33.2611,25.49524820285559,0.33071666300874,12.971698113207548,Molto piccolo,Piccolo,0
3495,30003,Ampezzo,11,941,73.6275,12.780550745305762,0.1494006994669111,11.689691817215728,Molto piccolo,Medio,0
3496,30004,Aquileia,43,3187,37.4382,85.12695588997335,1.1485594927106535,13.49231251961092,Piccolo,Piccolo,0
3497,30005,Arta Terme,22,2033,42.7698,47.53354002122994,0.5143816431220161,10.821446138711265,Piccolo,Piccolo,1
3498,30006,Artegna,17,2830,11.2209,252.207933409976,1.5150299886818348,6.007067137809187,Piccolo,Piccolo,1
3499,30007,Attimis,12,1685,33.2372,50.69620786347827,0.3610412429446523,7.121661721068249,Piccolo,Piccolo,1
3500,30008,Bagnaria Arsa,30,3452,19.233,179.48317995112566,1.5598190609889253,8.69061413673233,Piccolo,Piccolo,1
3501,30009,Basiliano,38,5238,43.0279,121.73496731190691,0.8831479110065794,7.254677357770141,Medio,Piccolo,1
3502,30010,Bertiolo,21,2391,26.0516,91.77939166884184,0.8060925240676197,8.782936010037641,Piccolo,Piccolo,1
3503,30011,Bicinicco,15,1797,16.0085,112.2528656651154,0.9370022175719148,8.347245409015025,Piccolo,Piccolo,1
3504,30012,Bordano,5,713,14.9043,47.83854323919943,0.3354736552538529,7.012622720897616,Molto piccolo,Piccolo,1
3505,30013,Buja,78,6364,25.5056,249.5138322564456,3.058151935261276,12.25644248900063,Medio,Piccolo,0
3506,30014,Buttrio,32,3884,17.7768,218.4870167859232,1.8000990054452994,8.2389289392379,Piccolo,Piccolo,1
3507,30015,Camino al Tagliamento,4,1558,22.3179,69.80943547555997,0.1792283324147881,2.567394094993581,Piccolo,Piccolo,1
3508,30016,Campoformido,91,7863,21.9325,358.50906189444885,4.1490938105551125,11.573190894060792,Medio,Piccolo,0
3509,30018,Carlino,21,2728,30.2261,90.25312560998609,0.6947637968510658,7.697947214076247,Piccolo,Piccolo,1
3510,30019,Cassacco,25,2844,11.6785,243.5244252258424,2.140685875754592,8.790436005625878,Piccolo,Piccolo,1
3511,30020,Castions di Strada,55,3710,32.8328,112.99675933822276,1.6751541141785045,14.824797843665769,Piccolo,Piccolo,0
3512,30021,Cavazzo Carnico,26,961,39.4345,24.36952414763722,0.6593211527976771,27.05515088449532,Molto piccolo,Piccolo,0
3513,30022,Cercivento,1,652,15.7819,41.313149874223,0.0633637268009555,1.5337423312883436,Molto piccolo,Piccolo,1
3514,30023,Cervignano del Friuli,100,13560,29.1668,464.91216040155246,3.428555755173691,7.374631268436578,Medio,Piccolo,1
3515,30024,Chiopris-Viscone,2,665,9.213,72.18061434928906,0.217084554433952,3.007518796992481,Molto piccolo,Molto piccolo,1
3516,30025,Chiusaforte,8,621,100.1977,6.197747054074096,0.0798421520653667,12.88244766505636,Molto piccolo,Grande,0
3517,30026,Cividale del Friuli,109,10969,50.6458,216.5826188943604,2.1522021569409504,9.937095450815937,Medio,Medio,1
3518,30027,Codroipo,148,15909,75.201,211.55303785853917,1.9680589353864977,9.302910302344584,Medio,Medio,1
3519,30028,Colloredo di Monte Albano,11,2176,21.7505,100.04367715684695,0.5057355003333257,5.05514705882353,Piccolo,Piccolo,1
3520,30029,Comeglians,5,449,19.414,23.127639847532706,0.2575461007520346,11.135857461024498,Molto piccolo,Piccolo,1
3521,30030,Corno di Rosazzo,17,3121,12.6215,247.27647268549697,1.3469080537178624,5.446972124319128,Piccolo,Piccolo,1
3522,30031,Coseano,17,2091,23.7787,87.93584174071754,0.7149255426074596,8.130081300813009,Piccolo,Piccolo,1
3523,30032,Dignano,28,2313,27.6037,83.79311469114647,1.0143567710125816,12.105490704712494,Piccolo,Piccolo,0
3524,30033,Dogna,3,156,70.3683,2.216907329010364,0.0426328332501993,19.230769230769237,Molto piccolo,Medio,0
3525,30034,Drenchia,2,99,12.0083,8.244297694094918,0.166551468567574,20.202020202020204,Molto piccolo,Piccolo,0
3526,30035,Enemonzo,5,1278,23.7602,53.78742603176741,0.2104359390914217,3.912363067292645,Piccolo,Piccolo,1
3527,30036,Faedis,20,2801,46.7805,59.87537542352048,0.4275285642521991,7.140307033202428,Piccolo,Piccolo,1
3528,30037,Fagagna,92,6055,37.1864,162.82834584686876,2.474022761009401,15.194054500412882,Medio,Piccolo,0
3529,30039,Flaibano,5,1097,17.3415,63.25865697892339,0.2883256927024767,4.557885141294439,Piccolo,Piccolo,1
3530,30040,Forni Avoltri,6,531,80.7485,6.575973547496238,0.0743047858474151,11.299435028248588,Molto piccolo,Medio,1
3531,30041,Forni di Sopra,5,911,81.6557,11.156600212844909,0.0612327124744506,5.488474204171241,Molto piccolo,Medio,1
3532,30042,Forni di Sotto,5,557,93.5943,5.951217114717456,0.0534220566850759,8.976660682226212,Molto piccolo,Medio,1
3533,30043,Gemona del Friuli,104,10634,56.0573,189.6987546670996,1.8552445444215115,9.7799511002445,Medio,Medio,1
3534,30044,Gonars,56,4621,19.8169,233.18480690723567,2.825870847609868,12.11858904998918,Piccolo,Piccolo,0
3535,30045,Grimacco,0,305,16.1058,18.93727725415689,0.0,0.0,Molto piccolo,Piccolo,1
3536,30046,Latisana,169,13268,37.7963,351.0396520294314,4.471337141466228,12.73741332529394,Medio,Piccolo,0
3537,30047,Lauco,5,678,34.7578,19.506412949035894,0.1438526028689963,7.374631268436578,Molto piccolo,Piccolo,1
3538,30048,Lestizza,22,3674,34.3383,106.99423093164194,0.6406840175547421,5.9880239520958085,Piccolo,Piccolo,1
3539,30049,Lignano Sabbiadoro,266,6870,15.7064,437.40131411399176,16.935771405287017,38.71906841339156,Medio,Piccolo,0
3540,30051,Lusevera,4,605,53.0467,11.405044988660936,0.075405256123378,6.6115702479338845,Molto piccolo,Medio,1
3541,30052,Magnano in Riviera,13,2291,8.3404,274.68706536856746,1.5586782408517577,5.674378000872982,Piccolo,Molto piccolo,1
3542,30053,Majano,33,5840,28.2752,206.54142145767315,1.167100497962879,5.6506849315068495,Medio,Piccolo,1
3543,30054,Malborghetto Valbruna,8,909,124.211,7.318192430622087,0.0644065340428786,8.8008800880088,Molto piccolo,Grande,1
3544,30055,Manzano,58,6316,31.0425,203.4629942820327,1.8684062172827576,9.183027232425584,Medio,Piccolo,1
3545,30056,Marano Lagunare,4,1742,85.8033,20.30224944728233,0.0466182536102923,2.2962112514351323,Piccolo,Medio,1
3546,30057,Martignacco,26,6898,26.677,258.57480226412264,0.9746223338456348,3.7692084662220937,Medio,Piccolo,1
3547,30058,Mereto di Tomba,21,2536,27.2869,92.93836969388242,0.769600064499815,8.280757097791799,Piccolo,Piccolo,1
3548,30059,Moggio Udinese,6,1630,142.4341,11.443888787867513,0.0421247440044202,3.6809815950920246,Piccolo,Grande,1
3549,30060,Moimacco,21,1659,11.7658,141.00188682452531,1.7848340104370293,12.658227848101266,Piccolo,Piccolo,0
3550,30061,Montenars,4,495,20.5915,24.0390452371124,0.1942549110069689,8.080808080808081,Molto piccolo,Piccolo,1
3551,30062,Mortegliano,38,4850,30.0528,161.38263323217802,1.2644412500665494,7.835051546391752,Piccolo,Piccolo,1
3552,30063,Moruzzo,18,2434,17.776,136.92619261926194,1.0126012601260126,7.395234182415777,Piccolo,Piccolo,1
3553,30064,Muzzana del Turgnano,43,2400,24.2909,98.802432186539,1.770210243342157,17.916666666666668,Piccolo,Piccolo,0
3554,30065,Nimis,21,2586,33.8948,76.29488889151139,0.6195640629241064,8.120649651972158,Piccolo,Piccolo,1
3555,30066,Osoppo,39,2826,22.404,126.1381896089984,1.7407605784681306,13.800424628450106,Piccolo,Piccolo,0
3556,30067,Ovaro,10,1791,57.9039,30.930559081512644,0.1726999390369215,5.583472920156337,Piccolo,Medio,1
3557,30068,Pagnacco,40,5152,14.9331,345.00539070922986,2.6786132819039583,7.763975155279503,Medio,Piccolo,1
3558,30069,Palazzolo dello Stella,52,2881,34.55,83.3863965267728,1.5050651230101304,18.049288441513365,Piccolo,Piccolo,0
3559,30070,Palmanova,65,5376,13.2774,404.8985494147951,4.895536776778586,12.09077380952381,Medio,Piccolo,0
3560,30071,Paluzza,18,2003,69.7487,28.717381112479515,0.2580693260232807,8.986520219670496,Piccolo,Medio,1
3561,30072,Pasian di Prato,27,9299,15.414,603.2827299857273,1.7516543402101985,2.9035380148403056,Medio,Piccolo,1
3562,30073,Paularo,13,2382,84.2423,28.27558126974216,0.1543167743520772,5.4575986565911005,Piccolo,Medio,1
3563,30074,Pavia di Udine,33,5527,34.336,160.96808014911463,0.9610904007455732,5.970689343224173,Medio,Piccolo,1
3564,30075,Pocenia,25,2399,23.9831,100.02877025905742,1.0424006904862173,10.421008753647351,Piccolo,Piccolo,1
3565,30076,Pontebba,16,1345,99.6625,13.495547472720432,0.1605418286717672,11.895910780669144,Piccolo,Medio,0
3566,30077,Porpetto,32,2480,18.0541,137.36491987969492,1.7724505790928378,12.903225806451612,Piccolo,Piccolo,0
3567,30078,Povoletto,33,5410,38.4131,140.83737058451413,0.8590819277798459,6.099815157116451,Medio,Piccolo,1
3568,30079,Pozzuolo del Friuli,107,6893,34.3697,200.5545582300689,3.113207272684952,15.522994342086172,Medio,Piccolo,0
3569,30080,Pradamano,31,3554,15.9086,223.40117923638783,1.9486315577737827,8.722566122678671,Piccolo,Piccolo,1
3570,30081,Prato Carnico,4,870,81.7207,10.646017471705456,0.0489472067664618,4.597701149425287,Molto piccolo,Medio,1
3571,30082,Precenicco,22,1450,27.2302,53.24970069995813,0.8079264933786752,15.172413793103448,Piccolo,Piccolo,0
3572,30083,Premariacco,43,4015,39.885,100.6644101792654,1.0780995361664787,10.70983810709838,Piccolo,Piccolo,1
3573,30084,Preone,1,260,22.4728,11.569541846142894,0.0444982378697803,3.8461538461538463,Molto piccolo,Piccolo,1
3574,30085,Prepotto,7,729,33.2345,21.935037385849043,0.2106245016473845,9.602194787379974,Molto piccolo,Piccolo,1
3575,30086,Pulfero,5,849,48.676,17.441860465116278,0.1027200262963267,5.889281507656066,Molto piccolo,Piccolo,1
3576,30087,Ragogna,5,2810,22.0271,127.57012952227028,0.2269931130289507,1.779359430604982,Piccolo,Piccolo,1
3577,30088,Ravascletto,4,497,26.4796,18.76916569736703,0.1510596836810223,8.048289738430585,Molto piccolo,Piccolo,1
3578,30089,Raveo,1,444,12.5973,35.24564787692601,0.0793820898128964,2.2522522522522523,Molto piccolo,Piccolo,1
3579,30090,Reana del Rojale,64,4790,20.332,235.58921896517805,3.1477473932716897,13.361169102296452,Piccolo,Piccolo,0
3580,30091,Remanzacco,44,6110,30.9872,197.1781897041359,1.419941136985594,7.201309328968904,Medio,Piccolo,1
3581,30092,Resia,4,937,119.3121,7.853352677557432,0.0335255183673743,4.268943436499467,Molto piccolo,Grande,1
3582,30093,Resiutta,1,272,20.3611,13.358806744232876,0.0491132600890914,3.676470588235294,Molto piccolo,Piccolo,1
3583,30094,Rigolato,4,385,30.7703,12.512065205734102,0.1299954826569776,10.38961038961039,Molto piccolo,Piccolo,1
3584,30095,Rive d'Arcano,23,2380,22.5658,105.46933855657676,1.0192415070593552,9.663865546218489,Piccolo,Piccolo,1
3585,30097,Ronchis,42,1948,18.3968,105.88798051835104,2.283005740128718,21.560574948665295,Piccolo,Piccolo,0
3586,30098,Ruda,16,2817,19.4636,144.73170430958302,0.8220473088226228,5.679801206957756,Piccolo,Piccolo,1
3587,30099,San Daniele del Friuli,90,7923,34.7795,227.80661021578808,2.5877312784830147,11.359333585762968,Medio,Piccolo,0
3588,30100,San Giorgio di Nogaro,58,7375,25.9373,284.3395418952628,2.2361618210068124,7.864406779661017,Medio,Piccolo,1
3589,30101,San Giovanni al Natisone,48,6101,24.0601,253.5733434191878,1.995004177039996,7.867562694640224,Medio,Piccolo,1
3590,30102,San Leonardo,4,1047,26.9138,38.90197593799464,0.1486226396867034,3.8204393505253114,Piccolo,Piccolo,1
3591,30103,San Pietro al Natisone,12,2129,23.9685,88.8249160356301,0.5006571124601039,5.636449037106623,Piccolo,Piccolo,1
3592,30104,Santa Maria la Longa,26,2313,19.6031,117.99154215404704,1.3263208370104729,11.24081279723303,Piccolo,Piccolo,1
3593,30105,San Vito al Torre,13,1219,11.9224,102.2445145272764,1.0903844863450312,10.66447908121411,Piccolo,Piccolo,1
3594,30106,San Vito di Fagagna,8,1690,8.5705,197.18802870310952,0.933434455399335,4.733727810650888,Piccolo,Molto piccolo,1
3595,30107,Sauris,2,393,41.4911,9.4719108435303,0.0482031086184748,5.089058524173028,Molto piccolo,Piccolo,1
3596,30108,Savogna,3,351,22.1649,15.8358485713899,0.1353491330888025,8.547008547008549,Molto piccolo,Piccolo,1
3597,30109,Sedegliano,39,3681,50.422,73.0038475268732,0.7734718971877356,10.594947025264874,Piccolo,Medio,1
3598,30110,Socchieve,4,866,66.1145,13.09848822875466,0.0605011003637628,4.618937644341801,Molto piccolo,Medio,1
3599,30111,Stregna,1,317,19.6913,16.09848003940827,0.0507838487047579,3.154574132492113,Molto piccolo,Piccolo,1
3600,30112,Sutrio,9,1237,20.7456,59.62710165047047,0.4338269319759371,7.275666936135813,Piccolo,Piccolo,1
3601,30113,Taipana,2,554,65.4414,8.465589061358711,0.0305616933623058,3.6101083032490977,Molto piccolo,Medio,1
3602,30114,Talmassons,17,3900,43.0497,90.59296580463976,0.3948924150458656,4.358974358974359,Piccolo,Piccolo,1
3603,30116,Tarcento,73,8830,35.4193,249.2991109366927,2.0610232274494416,8.267270668176671,Medio,Piccolo,1
3604,30117,Tarvisio,26,4102,208.3559,19.68746745352544,0.1247864831281475,6.338371526084837,Piccolo,Grande,1
3605,30118,Tavagnacco,91,14780,15.3441,963.2366838068052,5.930618283248936,6.156968876860623,Medio,Piccolo,1
3606,30120,Terzo d'Aquileia,17,2760,28.3598,97.32085557726076,0.5994400524686352,6.159420289855073,Piccolo,Piccolo,1
3607,30121,Tolmezzo,99,9998,64.6226,154.71367602046342,1.5319717869599798,9.901980396079216,Medio,Medio,1
3608,30122,Torreano,12,2059,34.9904,58.8447116923499,0.3429512094745987,5.828071879553181,Piccolo,Piccolo,1
3609,30123,Torviscosa,21,2677,48.6221,55.05726819697215,0.4319023653852877,7.844602166604409,Piccolo,Piccolo,1
3610,30124,Trasaghis,24,2116,77.8492,27.180754587073476,0.3082883318004552,11.342155009451796,Piccolo,Medio,1
3611,30126,Treppo Grande,14,1686,11.3221,148.91230425451107,1.236519726905786,8.30367734282325,Piccolo,Piccolo,1
3612,30127,Tricesimo,63,7604,17.683,430.0175309619409,3.5627438783011933,8.28511309836928,Medio,Piccolo,1
3613,30128,Trivignano Udinese,3,1586,18.4599,85.91595837463908,0.162514423155055,1.8915510718789408,Piccolo,Piccolo,1
3614,30129,Udine,1654,98156,57.1924,1716.2420181702464,28.91992642379057,16.85072741350503,Grande,Medio,3
3615,30130,Varmo,23,2663,34.9183,76.26373563432354,0.6586804054034704,8.636875704093129,Piccolo,Piccolo,1
3616,30131,Venzone,32,1976,54.5509,36.22305039880185,0.5866081036243215,16.194331983805668,Piccolo,Medio,0
3617,30132,Verzegnis,15,845,39.3306,21.484543841182184,0.3813824350505713,17.75147928994083,Molto piccolo,Piccolo,0
3618,30133,Villa Santina,32,2166,12.9947,166.6833401309765,2.4625424211409266,14.773776546629731,Piccolo,Piccolo,0
3619,30135,Visco,8,816,3.5386,230.5996721867405,2.260781099870005,9.803921568627452,Molto piccolo,Molto piccolo,1
3620,30136,Zuglio,1,562,18.2113,30.85996057392937,0.0549109618753191,1.779359430604982,Molto piccolo,Piccolo,1
3621,30137,Forgaria nel Friuli,10,1714,28.9391,59.22782671195718,0.3455532480277548,5.834305717619603,Piccolo,Piccolo,1
3622,30138,Campolongo Tapogliano,10,1130,11.0193,102.54734874266062,0.9074986614394744,8.849557522123893,Piccolo,Piccolo,1
3623,30188,Rivignano Teor,31,6174,47.7536,129.28868190042218,0.6491657173490585,5.021056041464205,Medio,Piccolo,1
3624,30189,Sappada,3,1305,62.0628,21.027088690809958,0.0483381349214021,2.2988505747126435,Piccolo,Medio,1
3625,30190,Fiumicello Villa Vicentina,43,6275,28.7989,217.8902666421287,1.4931125841612003,6.852589641434262,Medio,Piccolo,1
3626,30191,Treppo Ligosullo,2,702,35.5839,19.728023066611584,0.0562051939219703,2.849002849002849,Molto piccolo,Piccolo,1
3627,31001,Capriva del Friuli,17,1622,6.32,256.6455696202531,2.6898734177215187,10.480887792848335,Piccolo,Molto piccolo,1
3628,31002,Cormons,75,7250,35.085,206.6410146786376,2.1376656690893543,10.344827586206897,Medio,Piccolo,1
3629,31003,Doberdò del Lago-Doberdob,67,1340,27.0526,49.53313175073745,2.476656587536872,50.0,Piccolo,Piccolo,0
3630,31004,Dolegna del Collio,6,325,12.8765,25.239777889954567,0.4659651302760843,18.461538461538463,Molto piccolo,Piccolo,0
3631,31005,Farra d'Isonzo,29,1698,10.251,165.6423763535265,2.828992293434787,17.078916372202592,Piccolo,Piccolo,0
3632,31006,Fogliano Redipuglia,60,2977,7.9241,375.6893527340644,7.571837811234083,20.154517971111854,Piccolo,Molto piccolo,0
3633,31007,Gorizia,435,34087,41.2626,826.0991794021705,10.542234372046355,12.761463314460055,Grande,Piccolo,0
3634,31008,Gradisca d'Isonzo,78,6373,11.22,568.0035650623886,6.95187165775401,12.239133845912445,Medio,Piccolo,0
3635,31009,Grado,76,7959,119.5156,66.59381704145734,0.6359002506785725,9.548938308832769,Medio,Grande,1
3636,31010,Mariano del Friuli,14,1475,8.5915,171.68131292556598,1.6295175464121516,9.491525423728811,Piccolo,Molto piccolo,1
3637,31011,Medea,7,965,7.3593,131.126601714837,0.951177421765657,7.253886010362694,Molto piccolo,Molto piccolo,1
3638,31012,Monfalcone,567,29233,20.6446,1416.0119353244916,27.46480919950011,19.395888208531453,Grande,Piccolo,3
3639,31013,Moraro,3,693,3.5654,194.36809334156052,0.8414203174959332,4.329004329004329,Molto piccolo,Molto piccolo,1
3640,31014,Mossa,18,1525,6.2051,245.76557992618976,2.9008396319156824,11.80327868852459,Piccolo,Molto piccolo,0
3641,31015,Romans d'Isonzo,28,3706,15.4983,239.1230005871612,1.8066497615867547,7.555315704263357,Piccolo,Piccolo,1
3642,31016,Ronchi dei Legionari,131,11851,17.1084,692.7006616632765,7.657057351944075,11.053919500464096,Medio,Piccolo,0
3643,31017,Sagrado,31,2155,13.9395,154.59664980809927,2.2238961225295024,14.385150812064966,Piccolo,Piccolo,0
3644,31018,San Canzian d'Isonzo,75,6110,33.8903,180.2875749108152,2.2130226052882387,12.27495908346972,Medio,Piccolo,0
3645,31019,San Floriano del Collio-Števerjan,3,747,10.6311,70.26554166549087,0.2821909303834974,4.016064257028112,Molto piccolo,Piccolo,1
3646,31020,San Lorenzo Isontino,3,1518,4.4013,344.89809828914184,0.6816167950378297,1.976284584980237,Piccolo,Molto piccolo,1
3647,31021,San Pier d'Isonzo,26,1977,9.028,218.9853788214444,2.879929109437306,13.151239251390995,Piccolo,Molto piccolo,0
3648,31022,Savogna d'Isonzo-Sovodnje ob Soči,38,1740,16.9815,102.46444660365692,2.237729293643082,21.83908045977012,Piccolo,Piccolo,0
3649,31023,Staranzano,58,7266,18.8163,386.154557484734,3.0824338472494595,7.982383704927057,Medio,Piccolo,1
3650,31024,Turriaco,11,2808,5.1749,542.6191810469768,2.1256449399988404,3.9173789173789175,Piccolo,Molto piccolo,1
3651,31025,Villesse,54,1670,12.0535,138.5489691790766,4.480026548305472,32.33532934131737,Piccolo,Piccolo,0
3652,32001,Duino Aurisina-Devin Nabrežina,202,8373,45.3135,184.77937038630876,4.45783265472762,24.125164218320798,Medio,Piccolo,0
3653,32002,Monrupino-Repentabor,10,857,12.6103,67.96031815262127,0.7930025455381712,11.668611435239209,Molto piccolo,Piccolo,0
3654,32003,Muggia,70,12966,13.8518,936.0516322788374,5.053494852654528,5.398735153478328,Medio,Piccolo,1
3655,32004,San Dorligo della Valle-Dolina,66,5832,24.2218,240.77483919444467,2.724818139031781,11.31687242798354,Medio,Piccolo,1
3656,32005,Sgonico-Zgonik,59,2052,31.4024,65.34532392428603,1.8788372863220648,28.75243664717349,Piccolo,Piccolo,0
3657,32006,Trieste,3945,200609,85.1039,2357.2245220254304,46.35510241011282,19.665119710481584,Grande,Medio,3
3658,33001,Agazzano,4,1972,36.145,54.55803015631484,0.1106653755706183,2.028397565922921,Piccolo,Piccolo,1
3659,33002,Alseno,107,4673,55.2695,84.5493445752178,1.93596830078072,22.897496255082388,Piccolo,Medio,0
3660,33003,Besenzone,12,946,23.9471,39.50373949246464,0.5011045178748158,12.684989429175475,Molto piccolo,Piccolo,0
3661,33004,Bettola,23,2612,122.3705,21.34501370836925,0.1879537960537874,8.80551301684533,Piccolo,Grande,1
3662,33005,Bobbio,49,3487,106.5214,32.73520625902401,0.4600014644944584,14.052193862919417,Piccolo,Grande,0
3663,33006,Borgonovo Val Tidone,95,7989,51.2167,155.9842785653898,1.8548637456142236,11.891350607084744,Medio,Medio,0
3664,33007,Cadeo,138,5911,38.4792,153.61545978086863,3.5863531466350653,23.346303501945524,Medio,Piccolo,0
3665,33008,Calendasco,30,2407,36.9357,65.16730426118905,0.8122223214938393,12.463647694225177,Piccolo,Piccolo,0
3666,33010,Caorso,71,4740,40.9806,115.66448514663035,1.732527098187923,14.978902953586498,Piccolo,Piccolo,0
3667,33011,Carpaneto Piacentino,98,7640,63.0763,121.1231476798734,1.5536738838517794,12.827225130890051,Medio,Medio,0
3668,33012,Castell'Arquato,68,4548,52.7485,86.22046124534347,1.2891361839673166,14.951627088830254,Piccolo,Medio,0
3669,33013,Castel San Giovanni,242,13813,44.0397,313.6488214043238,5.495041973492099,17.51972779265909,Medio,Piccolo,0
3670,33014,Castelvetro Piacentino,92,5223,35.0518,149.00803953006692,2.624686891971311,17.614397855638522,Medio,Piccolo,0
3671,33015,Cerignale,7,119,30.818,3.86137971315465,0.2271399831267441,58.8235294117647,Molto piccolo,Piccolo,0
3672,33016,Coli,10,853,71.6896,11.89851805561755,0.1394902468419408,11.72332942555686,Molto piccolo,Medio,0
3673,33017,Corte Brugnatella,27,552,46.3089,11.9199549114749,0.583041272843881,48.91304347826088,Molto piccolo,Piccolo,0
3674,33018,Cortemaggiore,73,4614,36.4718,126.50869987223004,2.0015464002325083,15.821413090593843,Piccolo,Piccolo,0
3675,33019,Farini,5,1078,112.3548,9.594605659927302,0.0445018815395514,4.63821892393321,Piccolo,Grande,1
3676,33020,Ferriere,24,1137,178.4949,6.369929897156726,0.134457623158981,21.108179419525065,Piccolo,Grande,0
3677,33021,Fiorenzuola d'Arda,246,14947,59.769,250.0794726363165,4.115846007127441,16.458152137552684,Medio,Medio,0
3678,33022,Gazzola,18,2104,44.4768,47.305561551190735,0.4047053744873732,8.55513307984791,Piccolo,Piccolo,1
3679,33023,Gossolengo,48,5666,31.0994,182.19001009665783,1.5434381370701686,8.471584892340275,Medio,Piccolo,1
3680,33024,Gragnano Trebbiense,61,4491,34.612,129.75268692938863,1.7623945452444238,13.582720997550656,Piccolo,Piccolo,0
3681,33025,Gropparello,9,2144,56.33,38.06142375288479,0.1597727676193857,4.197761194029851,Piccolo,Medio,1
3682,33026,Lugagnano Val d'Arda,16,3857,54.3974,70.90412409416626,0.2941317048241276,4.148301788955146,Piccolo,Medio,1
3683,33027,Monticelli d'Ongina,51,5118,46.3298,110.46885589836349,1.1008033706167522,9.964830011723327,Medio,Piccolo,1
3684,33028,Morfasso,9,926,83.9336,11.032530476471878,0.1072276180218649,9.719222462203025,Molto piccolo,Medio,1
3685,33030,Ottone,2,468,98.9494,4.729690124447445,0.0202123509591771,4.273504273504274,Molto piccolo,Medio,1
3686,33032,Piacenza,2528,102731,118.2281,868.9220244594982,21.382395555709685,24.60795670245593,Grande,Grande,3
3687,33033,Pianello Val Tidone,13,2173,36.2849,59.88717069635028,0.358275756581939,5.982512655315232,Piccolo,Piccolo,1
3688,33034,Piozzano,2,594,43.6068,13.62172872120862,0.0458644064687158,3.3670033670033668,Molto piccolo,Piccolo,1
3689,33035,Podenzano,93,9138,44.3354,206.11069258425547,2.0976465758739065,10.177281680892971,Medio,Piccolo,1
3690,33036,Ponte dell'Olio,26,4573,43.9148,104.13345842403928,0.592055525699764,5.685545593702165,Piccolo,Piccolo,1
3691,33037,Pontenure,97,6512,33.8481,192.3889376360859,2.8657443106112304,14.895577395577396,Medio,Piccolo,0
3692,33038,Rivergaro,100,7012,43.8291,159.9850327750285,2.281589172490423,14.26126640045636,Medio,Piccolo,0
3693,33039,Rottofreno,200,12211,35.1646,347.2526347519949,5.687538035410612,16.378674965195316,Medio,Piccolo,0
3694,33040,San Giorgio Piacentino,51,5600,49.194,113.83502053095906,1.0367117941212345,9.107142857142858,Medio,Piccolo,1
3695,33041,San Pietro in Cerro,21,808,27.3456,29.54771517172781,0.7679480428295594,25.990099009900987,Molto piccolo,Piccolo,0
3696,33042,Sarmato,57,2896,27.2585,106.2420896234202,2.091090852394666,19.68232044198895,Piccolo,Piccolo,0
3697,33043,Travo,27,2110,81.0121,26.045491969718103,0.3332835465319378,12.796208530805687,Piccolo,Medio,0
3698,33044,Vernasca,23,2017,72.5658,27.79546287645144,0.3169537164890348,11.403073872087258,Piccolo,Medio,1
3699,33045,Vigolzone,57,4193,42.0366,99.7464114604892,1.35596123378199,13.594085380395898,Piccolo,Piccolo,0
3700,33046,Villanova sull'Arda,10,1681,36.5647,45.9733021192571,0.2734878174851701,5.948839976204639,Piccolo,Piccolo,1
3701,33047,Zerba,0,70,24.127,2.9013138807145524,0.0,0.0,Molto piccolo,Piccolo,1
3702,33048,Ziano Piacentino,19,2451,32.7755,74.78146786471602,0.5797013012768684,7.751937984496124,Piccolo,Piccolo,1
3703,33049,Alta Val Tidone,29,2937,100.8556,29.12084207520455,0.2875398093908519,9.874021109976166,Piccolo,Grande,1
3704,34001,Albareto,16,2101,104.1033,20.181877039440632,0.153693494826773,7.615421227986673,Piccolo,Grande,1
3705,34002,Bardi,7,2044,189.894,10.763899859921851,0.036862670753157,3.4246575342465757,Piccolo,Grande,1
3706,34003,Bedonia,25,3200,169.5556,18.87286530200123,0.1474442601718846,7.8125,Piccolo,Grande,1
3707,34004,Berceto,81,1988,131.7046,15.094385465655716,0.6150126874839603,40.74446680080483,Piccolo,Grande,0
3708,34005,Bore,7,676,43.0043,15.719358296728467,0.1627744202323953,10.355029585798816,Molto piccolo,Piccolo,1
3709,34006,Borgo Val di Taro,68,6715,151.4879,44.32697264930071,0.448880735689121,10.126582278481012,Medio,Grande,1
3710,34007,Busseto,73,6827,76.5911,89.13568286654716,0.953113351290163,10.692837263805478,Medio,Medio,1
3711,34008,Calestano,13,2049,57.3542,35.72536972009025,0.226661691733125,6.34455832113226,Piccolo,Medio,1
3712,34009,Collecchio,227,14634,58.831,248.7464092060308,3.858509969233907,15.511821784884516,Medio,Medio,0
3713,34010,Colorno,106,9008,48.4061,186.09224870419223,2.189806656599065,11.767317939609237,Medio,Piccolo,0
3714,34011,Compiano,12,1061,37.532,28.26921027389961,0.3197271661515507,11.310084825636192,Piccolo,Piccolo,1
3715,34012,Corniglio,10,1755,165.6975,10.591590096410629,0.0603509407202884,5.698005698005698,Piccolo,Grande,1
3716,34013,Felino,78,9151,38.3458,238.6441279097059,2.034121077145346,8.52365861654464,Medio,Piccolo,1
3717,34014,Fidenza,412,26987,95.1166,283.72544855472125,4.331525727370406,15.266609849186644,Grande,Medio,0
3718,34015,Fontanellato,164,7013,53.9754,129.92956050348863,3.038421206697866,23.38514187936689,Medio,Medio,0
3719,34016,Fontevivo,101,5624,26.0045,216.27026091637987,3.8839431636832087,17.958748221906117,Medio,Piccolo,0
3720,34017,Fornovo di Taro,77,5906,57.5224,102.67304563091945,1.33860895929238,13.03758889265154,Medio,Medio,0
3721,34018,Langhirano,116,10599,70.8424,149.61379061127235,1.6374374668277756,10.944428719690537,Medio,Medio,1
3722,34019,Lesignano de' Bagni,34,5033,47.485,105.99136569442982,0.7160155838685901,6.75541426584542,Medio,Piccolo,1
3723,34020,Medesano,102,10703,88.7682,120.5724572538364,1.1490601364001976,9.530038307016724,Medio,Medio,1
3724,34022,Monchio delle Corti,1,843,69.0416,12.210029895019812,0.0144840212277815,1.1862396204033216,Molto piccolo,Medio,1
3725,34023,Montechiarugolo,114,11077,48.2015,229.80612636536205,2.365071626401668,10.291595197255576,Medio,Piccolo,1
3726,34024,Neviano degli Arduini,17,3466,105.9563,32.7115990271461,0.1604435035953501,4.904789382573571,Piccolo,Grande,1
3727,34025,Noceto,179,13138,79.1728,165.94082816320758,2.26087747307156,13.624600395798447,Medio,Medio,0
3728,34026,Palanzano,6,1060,69.8016,15.18589831751708,0.0859579150048136,5.660377358490566,Piccolo,Medio,1
3729,34027,Parma,3484,195998,260.5979,752.1089003403328,13.3692558535583,17.77569158868968,Grande,Molto grande,3
3730,34028,Pellegrino Parmense,4,955,82.0786,11.63518870935908,0.0487337746988861,4.188481675392671,Molto piccolo,Medio,1
3731,34030,Roccabianca,34,2878,40.459,71.1337403297165,0.8403569045206257,11.8137595552467,Piccolo,Piccolo,0
3732,34031,Sala Baganza,64,5757,30.7549,187.18968359513445,2.0809692114102143,11.116901163800591,Medio,Piccolo,1
3733,34032,Salsomaggiore Terme,123,19819,81.4989,243.18119631062504,1.5092228238663343,6.206165800494475,Medio,Medio,1
3734,34033,San Secondo Parmense,57,5767,37.7094,152.93269052278742,1.5115594520199207,9.883821744407838,Medio,Piccolo,1
3735,34035,Solignano,22,1722,73.1352,23.545433662586557,0.3008127413338584,12.775842044134729,Piccolo,Medio,0
3736,34036,Soragna,61,4790,45.3863,105.5384554369931,1.3440179084878037,12.734864300626306,Piccolo,Piccolo,0
3737,34038,Terenzo,29,1172,72.6961,16.121910253782527,0.3989209875082707,24.744027303754265,Piccolo,Medio,0
3738,34039,Tizzano Val Parma,19,2122,78.3864,27.071022524315445,0.2423889858444832,8.953817153628652,Piccolo,Medio,1
3739,34040,Tornolo,8,894,67.4779,13.248782193873843,0.1185573350682223,8.94854586129754,Molto piccolo,Medio,1
3740,34041,Torrile,81,7702,37.147,207.33841225401784,2.1805260182518102,10.516748896390547,Medio,Piccolo,1
3741,34042,Traversetolo,142,9556,54.8602,174.18820930291906,2.588397417435591,14.859773964001675,Medio,Medio,0
3742,34044,Valmozzola,4,513,67.6414,7.58411268838315,0.0591353815858335,7.797270955165692,Molto piccolo,Medio,1
3743,34045,Varano de' Melegari,18,2617,64.9214,40.310282895932616,0.277258346246384,6.878104700038212,Piccolo,Medio,1
3744,34046,Varsi,2,1157,80.0644,14.45086705202312,0.0249798911875939,1.728608470181504,Piccolo,Medio,1
3745,34049,Sissa Trecasali,80,7729,72.7144,106.29256378378972,1.100194734468001,10.350627506792598,Medio,Medio,1
3746,34050,Polesine Zibello,15,3139,48.5037,64.71671233328591,0.30925475788445,4.778591908251036,Piccolo,Piccolo,1
3747,34051,Sorbolo Mezzani,92,12683,66.9713,189.37962978171245,1.3737227737851887,7.253804304975164,Medio,Medio,1
3748,35001,Albinea,51,8743,43.8883,199.21026788460705,1.1620409083969987,5.833238018986618,Medio,Piccolo,1
3749,35002,Bagnolo in Piano,96,9628,26.9392,357.3973985864465,3.5635802102512324,9.970918155380142,Medio,Piccolo,1
3750,35003,Baiso,52,3209,75.553,42.47349542705121,0.6882585734517491,16.20442505453412,Piccolo,Medio,0
3751,35004,Bibbiano,97,10140,28.1622,360.0570978119607,3.4443331841972573,9.566074950690334,Medio,Piccolo,1
3752,35005,Boretto,53,5311,18.0943,293.5178481621284,2.929099219091095,9.979288269629071,Medio,Piccolo,1
3753,35006,Brescello,59,5675,24.0376,236.08846141045692,2.4544879688488037,10.396475770925113,Medio,Piccolo,1
3754,35008,Cadelbosco di Sopra,145,10704,43.5957,245.52880215250588,3.326016097917914,13.546337817638266,Medio,Piccolo,0
3755,35009,Campagnola Emilia,72,5635,24.3929,231.00984302809425,2.951678562204576,12.777284826974268,Medio,Piccolo,0
3756,35010,Campegine,110,5292,22.6234,233.9170946895692,4.862222300803593,20.786092214663643,Medio,Piccolo,0
3757,35011,Carpineti,54,3877,89.567,43.28603168577713,0.6029006218808267,13.928295073510446,Piccolo,Medio,0
3758,35012,Casalgrande,262,18946,37.7068,502.45579046750186,6.948348838936213,13.828776522748866,Medio,Piccolo,0
3759,35013,Casina,49,4455,63.8037,69.82353687952266,0.7679805403134928,10.998877665544333,Piccolo,Medio,1
3760,35014,Castellarano,131,15364,58.058,264.6319198043336,2.2563643253298427,8.526425410049466,Medio,Medio,1
3761,35015,Castelnovo di Sotto,103,8415,35.0143,240.33037930217083,2.941655266562519,12.240047534165182,Medio,Piccolo,0
3762,35016,Castelnovo ne' Monti,139,10360,96.6802,107.15741175545767,1.4377297523174342,13.416988416988415,Medio,Medio,0
3763,35017,Cavriago,77,9828,16.9945,578.3047456530054,4.530877636882521,7.834757834757835,Medio,Piccolo,1
3764,35018,Canossa,48,3676,53.0823,69.25095559160022,0.9042562210002204,13.057671381936888,Piccolo,Medio,0
3765,35020,Correggio,364,24966,77.5093,322.1032830899002,4.696210648270595,14.579828566850916,Grande,Medio,0
3766,35021,Fabbrico,50,6618,23.6332,280.0297886024745,2.1156677893810403,7.555152614082805,Medio,Piccolo,1
3767,35022,Gattatico,92,5715,42.1447,135.60423967901065,2.1829553894083955,16.097987751531058,Medio,Piccolo,0
3768,35023,Gualtieri,57,6317,35.6438,177.22577278516883,1.599156094468042,9.023270539813202,Medio,Piccolo,1
3769,35024,Guastalla,203,14746,52.9206,278.6438551339176,3.835935344648398,13.766445137664451,Medio,Medio,0
3770,35026,Luzzara,89,8520,38.5245,221.15796441225712,2.3102181728510427,10.446009389671362,Medio,Piccolo,1
3771,35027,Montecchio Emilia,121,10433,24.3868,427.8134072531041,4.961700592123608,11.59781462666539,Medio,Piccolo,0
3772,35028,Novellara,180,13368,58.1064,230.06071620337863,3.097765478501508,13.464991023339318,Medio,Medio,0
3773,35029,Poviglio,99,7176,43.5507,164.77347092010004,2.2732126004863296,13.795986622073578,Medio,Piccolo,0
3774,35030,Quattro Castella,110,13115,46.3056,283.2270826854636,2.375522614975295,8.387342737323674,Medio,Piccolo,1
3775,35032,Reggiolo,99,9072,42.6623,212.64676306715765,2.320549993788427,10.912698412698411,Medio,Piccolo,1
3776,35033,Reggio nell'Emilia,3664,170601,230.6805,739.5553590355491,15.883440516211817,21.477013616567312,Grande,Grande,3
3777,35034,Rio Saliceto,88,5962,22.5618,264.2519657119556,3.900398017888644,14.760147601476014,Medio,Piccolo,0
3778,35035,Rolo,37,4021,14.1703,283.762517377896,2.6110950368023262,9.20169112161154,Piccolo,Piccolo,1
3779,35036,Rubiera,184,14869,25.1941,590.1778591019327,7.303297200535046,12.374739390678592,Medio,Piccolo,0
3780,35037,San Martino in Rio,77,8219,22.7176,361.78997781455786,3.389442546747896,9.368536318286898,Medio,Piccolo,1
3781,35038,San Polo d'Enza,69,6173,32.2932,191.15479419815935,2.136672736055888,11.177709379556132,Medio,Piccolo,1
3782,35039,Sant'Ilario d'Enza,122,11159,20.2331,551.5220109622352,6.029723571771009,10.932879290258985,Medio,Piccolo,1
3783,35040,Scandiano,381,25672,50.0478,512.949620163124,7.61272223754091,14.841071985042069,Grande,Medio,0
3784,35041,Toano,32,4195,67.2538,62.375657583660704,0.4758095453342413,7.628128724672229,Piccolo,Medio,1
3785,35042,Vetto,12,1801,53.3728,33.743779603093714,0.224833623118892,6.662965019433648,Piccolo,Medio,1
3786,35043,Vezzano sul Crostolo,56,4323,37.8178,114.3112502578151,1.4807841809941351,12.953967152440436,Piccolo,Piccolo,0
3787,35044,Viano,50,3309,44.9712,73.58042480520866,1.1118226776247908,15.11030522816561,Piccolo,Piccolo,0
3788,35045,Villa Minozzo,37,3540,168.0773,21.06173766475306,0.2201368061005263,10.451977401129945,Piccolo,Grande,1
3789,35046,Ventasso,50,3992,258.1724,15.462535886872494,0.1936690366592246,12.5250501002004,Piccolo,Molto grande,0
3790,36001,Bastiglia,36,4134,10.4662,394.98576369647054,3.43964380577478,8.708272859216255,Piccolo,Piccolo,1
3791,36002,Bomporto,143,10142,38.8735,260.89752659266594,3.678598531133034,14.099783080260304,Medio,Piccolo,0
3792,36003,Campogalliano,219,8605,35.6891,241.1100307937157,6.136327338038784,25.450319581638585,Medio,Piccolo,0
3793,36004,Camposanto,58,3192,22.7072,140.57215332581737,2.554255918827508,18.170426065162907,Piccolo,Piccolo,0
3794,36005,Carpi,1468,71730,131.5407,545.3065096962385,11.160044001590384,20.46563502021469,Grande,Grande,0
3795,36006,Castelfranco Emilia,419,32908,102.5111,321.0188945392255,4.087362246624999,12.732466269600096,Grande,Grande,0
3796,36007,Castelnuovo Rangone,151,15081,22.4407,672.0378597815576,6.728845356873895,10.012598634042837,Medio,Piccolo,1
3797,36008,Castelvetro di Modena,213,11284,49.783,226.66372054717476,4.278568989414057,18.876285005317264,Medio,Piccolo,0
3798,36009,Cavezzo,73,6960,26.7719,259.9740772974649,2.726739603838353,10.488505747126435,Medio,Piccolo,1
3799,36010,Concordia sulla Secchia,85,8162,40.9448,199.3415525292589,2.07596569039292,10.414114187699091,Medio,Piccolo,1
3800,36011,Fanano,15,2951,89.9056,32.82331690128312,0.1668416650353259,5.083022704168078,Piccolo,Medio,1
3801,36012,Finale Emilia,125,15047,105.1257,143.13341076444675,1.1890527245002889,8.30730378148468,Medio,Grande,1
3802,36013,Fiorano Modenese,316,16988,26.2317,647.6133838066156,12.046493364898197,18.601365669884625,Medio,Piccolo,0
3803,36014,Fiumalbo,11,1196,39.1349,30.560957099673185,0.2810790368699038,9.19732441471572,Piccolo,Piccolo,1
3804,36015,Formigine,342,34541,46.7584,738.7121886120996,7.314193813304133,9.901276743580096,Grande,Piccolo,1
3805,36016,Frassinoro,11,1801,95.4568,18.86717342295153,0.1152353734883214,6.107717934480844,Piccolo,Medio,1
3806,36017,Guiglia,46,4003,48.296,82.88471094914694,0.9524598310419082,11.491381463902073,Piccolo,Piccolo,1
3807,36018,Lama Mocogno,28,2656,63.907,41.56039244527204,0.4381366673447353,10.542168674698797,Piccolo,Medio,1
3808,36019,Maranello,237,17379,32.5808,533.4123164563177,7.274222855178509,13.637148282409806,Medio,Piccolo,0
3809,36020,Marano sul Panaro,86,5297,45.4654,116.50617832461607,1.8915482982663736,16.235605059467623,Medio,Piccolo,0
3810,36021,Medolla,77,6301,26.9959,233.4058134753796,2.852284976607559,12.220282494842088,Medio,Piccolo,0
3811,36022,Mirandola,365,24103,137.0459,175.87538189759783,2.663341260117961,15.143343152304691,Grande,Grande,0
3812,36023,Modena,4635,186414,183.173,1017.6936557243698,25.30394763420373,24.864012359586727,Grande,Grande,3
3813,36024,Montecreto,10,914,31.2213,29.274886055353235,0.3202941581548494,10.940919037199125,Molto piccolo,Piccolo,1
3814,36025,Montefiorino,9,2084,45.277,46.02778452635996,0.1987764206992512,4.318618042226488,Piccolo,Piccolo,1
3815,36026,Montese,14,3208,81.0046,39.60268922999435,0.1728296911533419,4.364089775561097,Piccolo,Medio,1
3816,36027,Nonantola,166,16010,55.32,289.40708604483007,3.000723065798988,10.368519675202997,Medio,Medio,1
3817,36028,Novi di Modena,97,9983,51.808,192.69224830142065,1.872297714638666,9.716518080737254,Medio,Medio,1
3818,36029,Palagano,6,2073,60.411,34.31494264289616,0.0993196603267616,2.894356005788712,Piccolo,Medio,1
3819,36030,Pavullo nel Frignano,287,17979,143.7304,125.08835987376364,1.996793997651158,15.963068023805551,Medio,Grande,0
3820,36031,Pievepelago,22,2185,76.5344,28.54925366893841,0.2874524396872517,10.068649885583524,Piccolo,Medio,1
3821,36032,Polinago,9,1580,53.7389,29.401420572434493,0.1674764462986775,5.69620253164557,Piccolo,Medio,1
3822,36033,Prignano sulla Secchia,24,3753,79.6652,47.109653901578106,0.3012607763490206,6.394884092725819,Piccolo,Medio,1
3823,36034,Ravarino,51,6194,28.5303,217.1025190762102,1.787573211638153,8.233774620600581,Medio,Piccolo,1
3824,36035,Riolunato,7,676,44.9129,15.051354955925802,0.1558572258749713,10.355029585798816,Molto piccolo,Piccolo,1
3825,36036,San Cesario sul Panaro,125,6533,27.3097,239.21903206552983,4.577128273104428,19.133629266799325,Medio,Piccolo,0
3826,36037,San Felice sul Panaro,117,10741,51.6636,207.90266260965168,2.2646505470002087,10.89284051764268,Medio,Medio,1
3827,36038,San Possidonio,48,3471,17.0582,203.479851332497,2.81389595619702,13.828867761452033,Piccolo,Piccolo,0
3828,36039,San Prospero,92,5975,34.557,172.90274039991897,2.662268136701681,15.397489539748952,Medio,Piccolo,0
3829,36040,Sassuolo,664,40722,38.4032,1060.380384967919,17.29022581451546,16.305682432100582,Grande,Piccolo,3
3830,36041,Savignano sul Panaro,149,9289,25.554,363.5047350708304,5.830789700242624,16.0404779847131,Medio,Piccolo,0
3831,36042,Serramazzoni,167,8404,93.9602,89.4421254956886,1.777348281506425,19.871489766777724,Medio,Medio,0
3832,36043,Sestola,32,2435,52.4711,46.40649805321406,0.6098595226705749,13.141683778234086,Piccolo,Medio,0
3833,36044,Soliera,209,15474,50.9283,303.83892649077234,4.1038086879004405,13.506527077678689,Medio,Medio,0
3834,36045,Spilamberto,259,12845,29.7918,431.15890949858687,8.693667384985131,20.16348773841962,Medio,Piccolo,0
3835,36046,Vignola,495,25726,22.8613,1125.3078346375753,21.652311985757592,19.24123454870559,Grande,Piccolo,3
3836,36047,Zocca,34,4567,69.3646,65.84050077417011,0.4901635704667799,7.444712064812787,Piccolo,Medio,1
3837,37001,Anzola dell'Emilia,169,12353,36.5961,337.54962960534044,4.617978418465356,13.680887233870315,Medio,Piccolo,0
3838,37002,Argelato,199,9741,35.1033,277.4952782217057,5.668982688237288,20.429114053998564,Medio,Piccolo,0
3839,37003,Baricella,42,7074,45.4839,155.52756030155726,0.9234036659125536,5.937234944868533,Medio,Piccolo,1
3840,37005,Bentivoglio,275,5801,51.1055,113.51028754243671,5.381025525628357,47.4056197207378,Medio,Medio,0
3841,37006,Bologna,9461,391686,140.8566,2780.7429683806085,67.16760166012811,24.154552371031897,Grande,Grande,2
3842,37007,Borgo Tossignano,35,3228,29.2729,110.27264124839014,1.1956451188642054,10.84262701363073,Piccolo,Piccolo,1
3843,37008,Budrio,231,18368,120.1849,152.83117929124208,1.9220384590743096,12.576219512195122,Medio,Grande,0
3844,37009,Calderara di Reno,185,13479,40.7517,330.75920759133976,4.539687914859994,13.72505378737295,Medio,Piccolo,0
3845,37010,Camugnano,4,1800,96.5976,18.634003329275263,0.0414088962872783,2.2222222222222223,Piccolo,Medio,1
3846,37011,Casalecchio di Reno,469,36052,17.3334,2079.915077249703,27.057588240045227,13.008987018750693,Grande,Piccolo,3
3847,37012,Casalfiumanese,25,3373,82.0283,41.11995494237964,0.304772864974649,7.411799584939223,Piccolo,Medio,1
3848,37013,Castel d'Aiano,11,1857,45.2605,41.029153456104105,0.2430375272036323,5.923532579429186,Piccolo,Piccolo,1
3849,37014,Castel del Rio,16,1189,52.5914,22.608259145031315,0.3042322509003373,13.45668629100084,Piccolo,Medio,0
3850,37015,Castel di Casio,12,3307,47.3257,69.87746615475312,0.2535620181001021,3.628666465074085,Piccolo,Piccolo,1
3851,37016,Castel Guelfo di Bologna,53,4529,28.6088,158.30793322334387,1.8525768295070049,11.702362552439832,Piccolo,Piccolo,0
3852,37017,Castello d'Argile,61,6554,29.0706,225.4511430792622,2.0983399035451624,9.307293256026854,Medio,Piccolo,1
3853,37019,Castel Maggiore,293,18631,30.9004,602.9371788067468,9.482077901904182,15.726477376415652,Medio,Piccolo,0
3854,37020,Castel San Pietro Terme,251,20786,148.4147,140.05351221947691,1.6912071378374245,12.075435389204271,Grande,Grande,0
3855,37021,Castenaso,263,15870,35.7333,444.12354862271326,7.360081492613332,16.572148708254566,Medio,Piccolo,0
3856,37022,Castiglione dei Pepoli,64,5418,65.7611,82.3891327851876,0.9732197302052428,11.812476928756,Medio,Medio,0
3857,37024,Crevalcore,157,13675,102.7526,133.08665668800597,1.5279418720304887,11.480804387568556,Medio,Grande,0
3858,37025,Dozza,108,6609,24.2317,272.7419041998704,4.456971652834923,16.341352700862462,Medio,Piccolo,0
3859,37026,Fontanelice,27,1945,36.5572,53.20429354545752,0.7385685993456829,13.881748071979434,Piccolo,Piccolo,0
3860,37027,Gaggio Montano,30,4810,58.6697,81.98439739763455,0.5113371979062447,6.237006237006238,Piccolo,Medio,1
3861,37028,Galliera,59,5504,37.1536,148.1417682270359,1.5880022393523106,10.719476744186046,Medio,Piccolo,1
3862,37030,Granarolo dell'Emilia,196,12471,34.3693,362.8528948800237,5.702763803743457,15.716462192286103,Medio,Piccolo,0
3863,37031,Grizzana Morandi,34,3882,77.4024,50.15348361291123,0.4392628652341529,8.758371973209686,Piccolo,Medio,1
3864,37032,Imola,1387,69855,205.0213,340.7206958496507,6.765150742874034,19.85541478777468,Grande,Grande,0
3865,37033,Lizzano in Belvedere,15,2161,85.447,25.29053097241565,0.1755474153568879,6.941230911614993,Piccolo,Medio,1
3866,37034,Loiano,59,4328,52.4056,82.58659379913597,1.125833880348665,13.632162661737524,Piccolo,Medio,0
3867,37035,Malalbergo,145,9085,53.8163,168.8150244442669,2.694350968015266,15.960374243258116,Medio,Medio,0
3868,37036,Marzabotto,121,6731,74.5263,90.31710953046104,1.6235879146019592,17.976526519090772,Medio,Medio,0
3869,37037,Medicina,136,16599,159.1056,104.32693758107824,0.8547782101949899,8.19326465449726,Medio,Grande,1
3870,37038,Minerbio,76,8941,43.0663,207.61012671160515,1.7647209070665464,8.500167766469076,Medio,Piccolo,1
3871,37039,Molinella,106,15648,127.8402,122.402812260932,0.8291601546305466,6.774028629856851,Medio,Grande,1
3872,37040,Monghidoro,22,3699,48.2812,76.61367157402881,0.4556639023056593,5.947553392808867,Piccolo,Piccolo,1
3873,37041,Monterenzio,59,6105,105.2554,58.00177473079766,0.5605413118946867,9.664209664209665,Medio,Grande,1
3874,37042,Monte San Pietro,102,10695,74.6857,143.2001039020857,1.365723291071785,9.537166900420758,Medio,Medio,1
3875,37044,Monzuno,54,6346,65.0081,97.61860445082998,0.8306657170414149,8.509297195083517,Medio,Medio,1
3876,37045,Mordano,37,4613,21.4513,215.04524201330452,1.7248371893544914,8.02081075222198,Piccolo,Piccolo,1
3877,37046,Ozzano dell'Emilia,228,13927,64.9471,214.43605642130285,3.5105493547825843,16.37107776261937,Medio,Medio,0
3878,37047,Pianoro,208,17472,107.129,163.09309337340963,1.9415844449215431,11.904761904761903,Medio,Grande,0
3879,37048,Pieve di Cento,73,7132,15.9368,447.5176948948346,4.580593343707645,10.235558048233315,Medio,Piccolo,1
3880,37050,Sala Bolognese,65,8478,45.6367,185.7715391340741,1.4242922910727551,7.66690257136117,Medio,Piccolo,1
3881,37051,San Benedetto Val di Sambro,44,4203,66.4675,63.23391131003874,0.6619776582540339,10.46871282417321,Piccolo,Medio,1
3882,37052,San Giorgio di Piano,131,9048,30.4326,297.3127501429388,4.30459441519949,14.478337754199822,Medio,Piccolo,0
3883,37053,San Giovanni in Persiceto,385,28048,114.4106,245.1521100317628,3.3650728166795734,13.726468910439246,Grande,Grande,0
3884,37054,San Lazzaro di Savena,576,32665,44.7241,730.3668491931643,12.878962349158508,17.633552732282258,Grande,Piccolo,0
3885,37055,San Pietro in Casale,148,12678,65.8561,192.51064062402725,2.2473240899476283,11.673765578166904,Medio,Medio,0
3886,37056,Sant'Agata Bolognese,79,7339,34.7917,210.94111526599733,2.2706565071554423,10.764409320070854,Medio,Piccolo,1
3887,37057,Sasso Marconi,305,14761,96.4485,153.0454076527888,3.1623094190163665,20.662556737348417,Medio,Medio,0
3888,37059,Vergato,97,7608,59.9401,126.92671517064537,1.6182822517813618,12.749737118822292,Medio,Medio,0
3889,37060,Zola Predosa,395,19113,37.7472,506.3421922685656,10.464352322821297,20.66656202584628,Medio,Piccolo,0
3890,37061,Valsamoggia,570,31503,178.1313,176.8526923679331,3.1998868250554504,18.093514903342538,Grande,Grande,0
3891,37062,Alto Reno Terme,56,6835,73.6224,92.8385926022515,0.7606380666753597,8.19312362838332,Medio,Medio,1
3892,38001,Argenta,283,21140,311.663,67.82967500152408,0.9080320731046032,13.386944181646168,Grande,Molto grande,0
3893,38003,Bondeno,127,13905,174.753,79.56944945151157,0.7267400273528924,9.133405249910105,Medio,Grande,1
3894,38004,Cento,482,35107,64.7415,542.2642354594811,7.444992778974846,13.729455664112573,Grande,Medio,0
3895,38005,Codigoro,143,11297,169.2711,66.73909486025671,0.8447986691171736,12.658227848101266,Medio,Grande,0
3896,38006,Comacchio,436,22081,283.7461,77.81957179323345,1.5365849962343094,19.74548254155156,Grande,Molto grande,0
3897,38007,Copparo,182,15874,157.0042,101.10557551963578,1.1592046582193345,11.465289152072572,Medio,Grande,1
3898,38008,Ferrara,2505,131669,405.1396,324.99661844954187,6.183053939925893,19.02497930416423,Grande,Molto grande,0
3899,38010,Jolanda di Savoia,25,2686,108.3382,24.792732388021957,0.2307588643710159,9.307520476545047,Piccolo,Grande,1
3900,38011,Lagosanto,31,4760,34.4368,138.22422524740975,0.9001997862751475,6.512605042016807,Piccolo,Piccolo,1
3901,38012,Masi Torello,29,2332,22.7071,102.69915577066205,1.2771335837689533,12.435677530017152,Piccolo,Piccolo,0
3902,38014,Mesola,69,6549,84.2986,77.68812293442596,0.8185189315125044,10.535959688502064,Medio,Medio,1
3903,38017,Ostellato,104,5769,173.3408,33.28125865347339,0.5999741549594787,18.027387762177156,Medio,Grande,0
3904,38018,Poggio Renatico,126,9787,80.2322,121.98344305652842,1.5704417926966978,12.87422090528252,Medio,Medio,0
3905,38019,Portomaggiore,141,11506,126.6429,90.8538891639405,1.1133667975070058,12.254475925604034,Medio,Grande,0
3906,38022,Vigarano Mainarda,33,7590,42.0182,180.6360101099048,0.7853739569995859,4.3478260869565215,Medio,Piccolo,1
3907,38023,Voghiera,46,3646,40.3268,90.41133935744963,1.1406806391779163,12.616566099835437,Piccolo,Piccolo,0
3908,38025,Goro,17,3588,26.6198,134.78688795558193,0.6386223788307951,4.738015607580825,Piccolo,Piccolo,1
3909,38027,Fiscaglia,106,8493,116.1817,73.10101332653937,0.9123639953624364,12.480866596020253,Medio,Grande,0
3910,38028,Terre del Reno,85,9826,51.0347,192.53566690898543,1.6655334507697703,8.650519031141869,Medio,Medio,1
3911,38029,Riva del Po,62,7573,111.8218,67.72382487135782,0.5544536038589971,8.18698006074211,Medio,Grande,1
3912,38030,Tresignana,51,6883,43.0586,159.85192272856062,1.1844323782008706,7.409559784977481,Medio,Piccolo,1
3913,39001,Alfonsine,141,11626,106.7905,108.8673617971636,1.3203421652675098,12.12798899019439,Medio,Grande,0
3914,39002,Bagnacavallo,227,16402,79.5793,206.1088750466516,2.852500587464328,13.839775637117423,Medio,Medio,0
3915,39003,Bagnara di Romagna,36,2414,9.9578,242.4230251662013,3.615256381931752,14.913007456503728,Piccolo,Molto piccolo,0
3916,39004,Brisighella,131,7244,194.319,37.278907363664906,0.6741492082606436,18.08393152954169,Medio,Grande,0
3917,39005,Casola Valsenio,24,2502,84.4135,29.639808798355716,0.2843147126940596,9.592326139088728,Piccolo,Medio,1
3918,39006,Castel Bolognese,168,9549,32.3734,294.96438434023,5.189445656001532,17.593465284322967,Medio,Piccolo,0
3919,39007,Cervia,693,28774,82.2725,349.7401926524659,8.423227688474277,24.084242719121427,Grande,Medio,0
3920,39008,Conselice,98,9554,60.1994,158.70590072326303,1.6279232018923775,10.25748377642872,Medio,Medio,1
3921,39009,Cotignola,147,7329,35.139,208.5716725006403,4.1833859813882,20.05730659025788,Medio,Piccolo,0
3922,39010,Faenza,1349,59063,215.7569,273.74790794639705,6.252407223129365,22.840018285559484,Grande,Grande,0
3923,39011,Fusignano,84,8082,24.5496,329.2110665754228,3.4216443445107045,10.393466963622869,Medio,Piccolo,1
3924,39012,Lugo,589,31934,117.0548,272.812392144534,5.031831244852838,18.444291350911254,Grande,Grande,0
3925,39013,Massa Lombarda,128,10501,37.2479,281.92193385398906,3.436435342663613,12.189315303304449,Medio,Piccolo,0
3926,39014,Ravenna,3575,156463,653.8119,239.30888991160916,5.467933514211044,22.848852444347862,Grande,Molto grande,0
3927,39015,Riolo Terme,46,5699,44.2582,128.76709852637478,1.0393554188828285,8.07159150728198,Medio,Piccolo,1
3928,39016,Russi,156,12136,46.2594,262.3466798099413,3.3722875783084088,12.854317732366514,Medio,Piccolo,0
3929,39017,Sant'Agata sul Santerno,49,2898,9.3707,309.2618481009957,5.229065064509589,16.908212560386474,Piccolo,Molto piccolo,0
3930,39018,Solarolo,133,4473,26.0383,171.78540841760022,5.107860344185297,29.733959311424098,Piccolo,Piccolo,0
3931,40001,Bagno di Romagna,56,5621,233.5005,24.072753591534067,0.2398281802394427,9.962640099626402,Medio,Grande,1
3932,40003,Bertinoro,189,11016,57.2533,192.4081231998854,3.301119760782348,17.156862745098042,Medio,Medio,0
3933,40004,Borghi,21,2878,30.2325,95.195567683784,0.69461672041677,7.296733842946491,Piccolo,Piccolo,1
3934,40005,Castrocaro Terme e Terra del Sole,56,6264,38.9501,160.82115321911883,1.4377370019589166,8.939974457215836,Medio,Piccolo,1
3935,40007,Cesena,1963,96520,249.4614,386.9135665878569,7.868952872067583,20.3377538334024,Grande,Grande,0
3936,40008,Cesenatico,603,25992,45.1634,575.5102583065047,13.351519150462542,23.1994459833795,Grande,Piccolo,0
3937,40009,Civitella di Romagna,51,3701,117.929,31.38328994564526,0.4324636009802508,13.780059443393675,Piccolo,Grande,0
3938,40011,Dovadola,18,1567,38.9702,40.210211905507286,0.4618913939369056,11.48691767708998,Piccolo,Piccolo,1
3939,40012,Forlì,2413,117407,228.1972,514.4979868289356,10.574187588629483,20.552437248204964,Grande,Grande,0
3940,40013,Forlimpopoli,166,13099,24.4588,535.5536657562922,6.786923315943546,12.672723108634248,Medio,Piccolo,0
3941,40014,Galeata,33,2385,63.1294,37.77954487132778,0.5227358409869253,13.836477987421384,Piccolo,Medio,0
3942,40015,Gambettola,89,10661,7.7713,1371.842548865698,11.452395352128988,8.348184973267049,Medio,Molto piccolo,1
3943,40016,Gatteo,150,9289,14.138,657.0236242750035,10.609704342905644,16.148132199375606,Medio,Piccolo,0
3944,40018,Longiano,80,7219,23.576,306.20122158126907,3.39328130302002,11.081867294639148,Medio,Piccolo,1
3945,40019,Meldola,103,9910,79.0775,125.32009737283045,1.3025196800607,10.393541876892028,Medio,Medio,1
3946,40020,Mercato Saraceno,61,6821,99.3304,68.66981306830537,0.6141120945853434,8.942970238967893,Medio,Medio,1
3947,40022,Modigliana,20,4357,101.1628,43.06919144191343,0.197701131245873,4.590314436538903,Piccolo,Grande,1
3948,40028,Montiano,10,1704,9.2571,184.07492627280683,1.080251914746519,5.868544600938967,Piccolo,Molto piccolo,1
3949,40031,Portico e San Benedetto,23,745,61.0511,12.202892331178308,0.3767335887477867,30.87248322147651,Molto piccolo,Medio,0
3950,40032,Predappio,73,6183,91.3883,67.65636301364617,0.7987893417428708,11.806566391719231,Medio,Medio,0
3951,40033,Premilcuore,10,716,98.5567,7.264853632477548,0.1014644362077869,13.966480446927374,Molto piccolo,Medio,0
3952,40036,Rocca San Casciano,20,1766,50.558,34.93017920012659,0.3955852684046046,11.32502831257078,Piccolo,Medio,1
3953,40037,Roncofreddo,24,3416,51.526,66.29662694561968,0.4657842642549392,7.02576112412178,Piccolo,Medio,1
3954,40041,San Mauro Pascoli,192,12184,17.2873,704.7948493981131,11.106419163200732,15.758371634931056,Medio,Piccolo,0
3955,40043,Santa Sofia,40,4053,148.8602,27.226888046637047,0.2687084929349819,9.869232667160128,Piccolo,Grande,1
3956,40044,Sarsina,40,3301,100.7182,32.77461273136335,0.397147685324003,12.117540139351712,Piccolo,Grande,0
3957,40045,Savignano sul Rubicone,331,17858,23.3027,766.3489638539739,14.2043625845932,18.53511031470489,Medio,Piccolo,0
3958,40046,Sogliano al Rubicone,34,3117,93.4291,33.362196574728856,0.3639123142575493,10.907924286172602,Piccolo,Medio,1
3959,40049,Tredozio,4,1142,62.1988,18.36048283889721,0.0643099223779237,3.502626970227671,Piccolo,Medio,1
3960,40050,Verghereto,25,1750,117.8823,14.845316048295633,0.2120759435470804,14.285714285714285,Piccolo,Grande,0
3961,41001,Acqualagna,47,4240,50.6846,83.6546012003646,0.9273033623625322,11.084905660377355,Piccolo,Medio,1
3962,41002,Apecchio,19,1749,103.1077,16.9628456458635,0.1842733374907984,10.863350485991996,Piccolo,Grande,1
3963,41005,Belforte all'Isauro,4,750,12.2898,61.02621686276424,0.3254731566014093,5.333333333333333,Molto piccolo,Piccolo,1
3964,41006,Borgo Pace,6,540,56.2216,9.604849381732288,0.1067205486859143,11.11111111111111,Molto piccolo,Medio,1
3965,41007,Cagli,86,8072,226.4575,35.64465738604374,0.3797622070366404,10.654112983151634,Medio,Grande,1
3966,41008,Cantiano,22,2021,83.2457,24.277530250811758,0.2642779146550512,10.885700148441366,Piccolo,Medio,1
3967,41009,Carpegna,3,1608,28.9389,55.5653462985808,0.1036666908555612,1.8656716417910448,Piccolo,Piccolo,1
3968,41010,Cartoceto,88,7974,23.2029,343.66393855940424,3.792629369604661,11.035866566340609,Medio,Piccolo,1
3969,41013,Fano,1220,60136,120.3167,499.81424025093776,10.139905765367567,20.287348676333643,Grande,Grande,0
3970,41014,Fermignano,93,8290,43.7022,189.6929674020988,2.128039320674932,11.218335343787697,Medio,Piccolo,1
3971,41015,Fossombrone,90,9123,106.8757,85.3608444202003,0.8420997476507757,9.865175928970734,Medio,Grande,1
3972,41016,Fratte Rosa,2,882,15.63,56.4299424184261,0.127959053103007,2.2675736961451247,Molto piccolo,Piccolo,1
3973,41017,Frontino,1,291,10.3673,28.06902472196232,0.0964571296287365,3.436426116838488,Molto piccolo,Piccolo,1
3974,41018,Frontone,7,1222,36.0741,33.874718981208126,0.1940450350805702,5.728314238952537,Piccolo,Piccolo,1
3975,41019,Gabicce Mare,115,5597,4.9349,1134.1668524184888,23.30341040345296,20.546721457923887,Medio,Molto piccolo,3
3976,41020,Gradara,43,4881,17.5257,278.5052808161728,2.453539658900928,8.809670149559516,Piccolo,Piccolo,1
3977,41021,Isola del Piano,4,556,23.3024,23.860203240867897,0.17165613842351,7.194244604316547,Molto piccolo,Piccolo,1
3978,41022,Lunano,5,1465,15.0143,97.57364645704428,0.3330158582151682,3.4129692832764507,Piccolo,Piccolo,1
3979,41023,Macerata Feltria,8,1904,40.0743,47.51174693007738,0.1996291887818377,4.201680672268908,Piccolo,Piccolo,1
3980,41025,Mercatello sul Metauro,6,1298,68.3532,18.98960107207856,0.0877793578062182,4.622496147919877,Piccolo,Medio,1
3981,41026,Mercatino Conca,4,1008,13.9454,72.28189940768999,0.2868329341575,3.968253968253968,Piccolo,Piccolo,1
3982,41027,Mombaroccio,21,2042,28.2059,72.39620079486916,0.7445250816318572,10.28403525954946,Piccolo,Piccolo,1
3983,41028,Mondavio,18,3663,29.6355,123.60176140102242,0.6073796629042871,4.914004914004914,Piccolo,Piccolo,1
3984,41029,Mondolfo,262,14307,24.3413,587.7664709773102,10.763599314744898,18.312714056056475,Medio,Piccolo,0
3985,41030,Montecalvo in Foglia,23,2723,18.247,149.23001041267057,1.2604811749876692,8.446566287183254,Piccolo,Piccolo,1
3986,41031,Monte Cerignone,1,636,18.2355,34.87702558196924,0.0548380905376874,1.572327044025157,Molto piccolo,Piccolo,1
3987,41033,Montecopiolo,0,1064,35.8116,29.71104334908242,0.0,0.0,Piccolo,Piccolo,1
3988,41034,Montefelcino,17,2517,39.0064,64.52787234915296,0.4358259157471594,6.754072308303536,Piccolo,Piccolo,1
3989,41035,Monte Grimano Terme,8,1075,23.9678,44.85184288920969,0.3337811563848163,7.44186046511628,Piccolo,Piccolo,1
3990,41036,Montelabbate,84,6933,19.565,354.3572706363404,4.293381037567084,12.115967113803547,Medio,Piccolo,0
3991,41038,Monte Porzio,17,2801,18.2874,153.16556754924153,0.9296018023338471,6.069260978222063,Piccolo,Piccolo,1
3992,41041,Peglio,5,651,21.3607,30.47652932722242,0.2340747260155332,7.680491551459293,Molto piccolo,Piccolo,1
3993,41043,Pergola,52,5849,112.3954,52.03949627831744,0.4626523861296814,8.890408616857583,Medio,Grande,1
3994,41044,Pesaro,2215,95950,152.8116,627.8973585774902,14.494972894727889,23.084940072954662,Grande,Grande,0
3995,41045,Petriano,23,2768,11.2713,245.5794806277892,2.0405809445228145,8.309248554913294,Piccolo,Piccolo,1
3996,41047,Piandimeleto,9,2054,39.9011,51.47727756878883,0.2255576913919666,4.381694255111977,Piccolo,Piccolo,1
3997,41048,Pietrarubbia,7,610,13.2885,45.90435338826805,0.5267712683899612,11.475409836065571,Molto piccolo,Piccolo,1
3998,41049,Piobbico,16,1839,48.1975,38.15550599097464,0.3319674256963535,8.700380641653071,Piccolo,Piccolo,1
3999,41051,San Costanzo,54,4583,40.886,112.09215868512447,1.320745487452918,11.782675103643902,Piccolo,Piccolo,0
4000,41054,San Lorenzo in Campo,26,3176,28.798,110.28543648864505,0.9028404750329884,8.18639798488665,Piccolo,Piccolo,1
4001,41057,Sant'Angelo in Vado,32,3919,67.3367,58.20006029401501,0.4752237635642971,8.165348303138556,Piccolo,Medio,1
4002,41058,Sant'Ippolito,16,1463,19.8757,73.60747042871446,0.8050030942306435,10.93643198906357,Piccolo,Piccolo,1
4003,41060,Sassofeltrio,1,1352,21.0784,64.14149081524215,0.0474419310763625,0.7396449704142012,Piccolo,Piccolo,1
4004,41061,Serra Sant'Abbondio,3,944,32.8009,28.779698118039445,0.0914609050361423,3.177966101694916,Molto piccolo,Piccolo,1
4005,41064,Tavoleto,4,852,12.4065,68.67367911981623,0.32241163906017,4.694835680751174,Molto piccolo,Piccolo,1
4006,41065,Tavullia,106,7878,42.0639,187.28648556125324,2.5199755609917296,13.455191673013456,Medio,Piccolo,0
4007,41066,Urbania,75,6886,77.5329,88.81390996596284,0.9673312877501036,10.891664246296834,Medio,Medio,1
4008,41067,Urbino,232,14007,226.4923,61.84316199711866,1.0243173829750505,16.563146997929607,Medio,Grande,0
4009,41068,Vallefoglia,210,14908,39.5691,376.7586323671754,5.307171505038022,14.086396565602362,Medio,Piccolo,0
4010,41069,Colli al Metauro,108,12202,46.1679,264.29618847727534,2.339287686899339,8.85100803147025,Medio,Piccolo,1
4011,41070,Terre Roveresche,26,5143,70.3655,73.08979542531496,0.3694992574486076,5.055415127357573,Medio,Medio,1
4012,41071,Sassocorvaro Auditore,33,4870,87.5458,55.62802555919302,0.3769455530705071,6.776180698151951,Piccolo,Medio,1
4013,42001,Agugliano,48,4747,21.8901,216.8560216718973,2.1927720750476243,10.111649462818622,Piccolo,Piccolo,1
4014,42002,Ancona,2073,99273,124.8683,795.0216347944194,16.601491331266622,20.88181076425614,Grande,Grande,3
4015,42003,Arcevia,22,4272,128.331,33.28891694134699,0.1714316883683599,5.1498127340823965,Piccolo,Grande,1
4016,42004,Barbara,4,1281,11.0386,116.04732484191835,0.3623647926367473,3.12256049960968,Piccolo,Piccolo,1
4017,42005,Belvedere Ostrense,18,2133,29.4501,72.42759786893762,0.6112033575437774,8.438818565400844,Piccolo,Piccolo,1
4018,42006,Camerano,155,7160,20.0041,357.9266250418664,7.748411575626996,21.648044692737432,Medio,Piccolo,0
4019,42007,Camerata Picena,21,2525,11.8916,212.33475730767933,1.765952437014363,8.316831683168317,Piccolo,Piccolo,1
4020,42008,Castelbellino,32,4956,6.0471,819.5664037307139,5.29179276016603,6.45682001614205,Piccolo,Molto piccolo,1
4021,42010,Castelfidardo,334,18517,33.3901,554.5655748260713,10.002964950688977,18.03747907328401,Medio,Piccolo,0
4022,42011,Castelleone di Suasa,5,1597,15.9198,100.31533059460546,0.3140742974157967,3.1308703819661865,Piccolo,Piccolo,1
4023,42012,Castelplanio,50,3465,15.3181,226.20298862130423,3.26411238991781,14.43001443001443,Piccolo,Piccolo,0
4024,42013,Cerreto d'Esi,35,3486,16.9129,206.11485907206924,2.069426295904309,10.040160642570282,Piccolo,Piccolo,1
4025,42014,Chiaravalle,197,14389,17.602,817.4639245540279,11.19191001022611,13.691013969004102,Medio,Piccolo,0
4026,42015,Corinaldo,27,4848,49.2789,98.37881933241204,0.5479018403414038,5.569306930693069,Piccolo,Piccolo,1
4027,42016,Cupramontana,30,4418,27.4029,161.2238120782837,1.0947746406402243,6.790402897238569,Piccolo,Piccolo,1
4028,42017,Fabriano,233,29484,272.0776,108.36614260049338,0.8563733287856111,7.902591235924569,Grande,Molto grande,1
4029,42018,Falconara Marittima,426,25727,25.8148,996.598850271937,16.502161550738336,16.558479418509737,Grande,Piccolo,3
4030,42019,Filottrano,78,9034,71.2015,126.8793494519076,1.095482538991454,8.634049147664378,Medio,Medio,1
4031,42020,Genga,43,1679,73.1543,22.951487472370044,0.5877986666539082,25.610482430017868,Piccolo,Medio,0
4032,42021,Jesi,765,39440,108.9032,362.1564839233374,7.024586972650941,19.39655172413793,Grande,Grande,0
4033,42022,Loreto,150,12825,17.8954,716.6646177229903,8.382042312549594,11.695906432748536,Medio,Piccolo,0
4034,42023,Maiolati Spontini,81,6150,21.4923,286.1489928951299,3.768791613740735,13.170731707317072,Medio,Piccolo,0
4035,42024,Mergo,9,991,7.2775,136.17313637925113,1.2366884232222604,9.081735620585269,Molto piccolo,Molto piccolo,1
4036,42025,Monsano,62,3299,14.6644,224.9665857450697,4.2279261340388965,18.79357381024553,Piccolo,Piccolo,0
4037,42026,Montecarotto,8,1845,24.3854,75.66002608117972,0.3280651537395326,4.336043360433604,Piccolo,Piccolo,1
4038,42027,Montemarciano,137,9896,22.3106,443.5559778759872,6.140578917644527,13.843977364591757,Medio,Piccolo,0
4039,42029,Monte Roberto,41,3052,13.5694,224.9178298229841,3.021504266953587,13.43381389252949,Piccolo,Piccolo,0
4040,42030,Monte San Vito,49,6744,21.8135,309.16634194420885,2.2463153551699637,7.265717674970344,Medio,Piccolo,1
4041,42031,Morro d'Alba,8,1813,19.4605,93.16307391896406,0.4110891292618381,4.41257584114727,Piccolo,Piccolo,1
4042,42032,Numana,118,3741,10.9349,342.115611482501,10.791136635908876,31.542368350708365,Piccolo,Piccolo,0
4043,42033,Offagna,7,2051,10.6305,192.93542166407977,0.6584826677954941,3.4129692832764507,Piccolo,Piccolo,1
4044,42034,Osimo,431,34826,106.7377,326.2764702630841,4.037935987003655,12.37581117555849,Grande,Grande,0
4045,42035,Ostra,66,6464,47.2517,136.79931092426304,1.396775142481646,10.21039603960396,Medio,Piccolo,1
4046,42036,Ostra Vetere,36,3125,30.0164,104.10975333484362,1.1993443584173984,11.52,Piccolo,Piccolo,0
4047,42037,Poggio San Marcello,3,648,13.3629,48.49246795231574,0.2245021664459062,4.62962962962963,Molto piccolo,Piccolo,1
4048,42038,Polverigi,50,4584,24.9832,183.4833007781229,2.001344903775337,10.907504363001744,Piccolo,Piccolo,1
4049,42040,Rosora,16,1890,9.4061,200.93343681228137,1.701023803701853,8.465608465608467,Piccolo,Molto piccolo,1
4050,42041,San Marcello,17,1983,25.7778,76.9266578218467,0.6594821901015603,8.572869389813414,Piccolo,Piccolo,1
4051,42042,San Paolo di Jesi,6,920,10.1118,90.98281216005064,0.5933661662611998,6.521739130434782,Molto piccolo,Piccolo,1
4052,42043,Santa Maria Nuova,25,4048,18.2869,221.3606461456015,1.3670988521838037,6.175889328063241,Piccolo,Piccolo,1
4053,42044,Sassoferrato,68,6876,137.2273,50.10664787545918,0.4955282221540465,9.889470622454915,Medio,Grande,1
4054,42045,Senigallia,1075,44323,117.7689,376.3557271911345,9.128046538602296,24.253773435913637,Grande,Grande,0
4055,42046,Serra de' Conti,38,3650,24.543,148.71857556125985,1.5483029784459927,10.41095890410959,Piccolo,Piccolo,1
4056,42047,Serra San Quirico,20,2596,49.333,52.62197717552146,0.405408144649626,7.704160246533128,Piccolo,Piccolo,1
4057,42048,Sirolo,60,4069,16.6769,243.99019002332568,3.5977909563527994,14.745637748832635,Piccolo,Piccolo,0
4058,42049,Staffolo,21,2112,27.4964,76.81005513449033,0.7637363436668072,9.943181818181818,Piccolo,Piccolo,1
4059,42050,Trecastelli,66,7467,39.3019,189.9908146934372,1.6793081250524782,8.8388911209321,Medio,Piccolo,1
4060,43002,Apiro,17,2073,53.7792,38.54650124955373,0.3161073426157325,8.200675349734682,Piccolo,Medio,1
4061,43003,Appignano,18,4065,22.6722,179.2944663508614,0.7939238362399768,4.428044280442804,Piccolo,Piccolo,1
4062,43004,Belforte del Chienti,19,1827,16.0545,113.79986919555265,1.1834688093680898,10.399562123700054,Piccolo,Piccolo,1
4063,43005,Bolognola,1,153,25.8647,5.9153982068224265,0.0386627333779243,6.5359477124183005,Molto piccolo,Piccolo,1
4064,43006,Caldarola,16,1684,29.2218,57.62820907678513,0.5475364282829942,9.501187648456057,Piccolo,Piccolo,1
4065,43007,Camerino,107,6312,129.8821,48.59792072964635,0.8238240681356399,16.951837769328264,Medio,Grande,0
4066,43008,Camporotondo di Fiastrone,4,511,8.8058,58.029934815689664,0.4542460650934611,7.8277886497064575,Molto piccolo,Molto piccolo,1
4067,43009,Castelraimondo,55,4364,44.8463,97.31014598751736,1.2264110974595452,12.603116406966087,Piccolo,Piccolo,0
4068,43010,Castelsantangelo sul Nera,3,241,70.6713,3.4101537682199137,0.0424500469073018,12.448132780082986,Molto piccolo,Medio,0
4069,43011,Cessapalombo,6,443,27.5803,16.06218931628735,0.2175465821619054,13.544018058690744,Molto piccolo,Piccolo,0
4070,43012,Cingoli,76,9797,148.1969,66.1079955113771,0.5128312400596774,7.757476778605696,Medio,Grande,1
4071,43013,Civitanova Marche,968,41894,46.0658,909.438238346018,21.013419934094276,23.105934023965244,Grande,Piccolo,3
4072,43014,Colmurano,18,1190,11.1987,106.26233402091312,1.607329422165073,15.126050420168069,Piccolo,Piccolo,0
4073,43015,Corridonia,223,14941,61.9643,241.1227109803548,3.5988464325426093,14.92537313432836,Medio,Medio,0
4074,43016,Esanatoglia,4,1917,47.909,40.01335865912459,0.0834916195286898,2.0865936358894106,Piccolo,Piccolo,1
4075,43017,Fiastra,14,642,84.4799,7.599440813732023,0.1657198931343432,21.80685358255452,Molto piccolo,Medio,0
4076,43019,Fiuminata,9,1288,76.2168,16.89916133975711,0.1180842019082406,6.987577639751553,Piccolo,Medio,1
4077,43020,Gagliole,11,538,24.0501,22.369969355636773,0.4573785555985214,20.44609665427509,Molto piccolo,Piccolo,0
4078,43021,Gualdo,4,736,22.2234,33.118244733029144,0.1799904605055932,5.434782608695652,Molto piccolo,Piccolo,1
4079,43022,Loro Piceno,10,2203,32.5783,67.62169910646044,0.3069527875917405,4.5392646391284615,Piccolo,Piccolo,1
4080,43023,Macerata,700,41079,92.5263,443.97106552407257,7.565416535622844,17.040336911804083,Grande,Medio,0
4081,43024,Matelica,82,9364,81.1,115.46239210850804,1.0110974106041923,8.756941478000854,Medio,Medio,1
4082,43025,Mogliano,29,4407,29.2582,150.62444032783972,0.991175123555106,6.580440208758793,Piccolo,Piccolo,1
4083,43026,Montecassiano,75,6961,33.3569,208.6824614997197,2.248410373865677,10.774314035339753,Medio,Piccolo,1
4084,43027,Monte Cavallo,1,108,38.5079,2.804619311881458,0.0259686973322357,9.25925925925926,Molto piccolo,Piccolo,1
4085,43028,Montecosaro,90,7384,21.8779,337.5095415922003,4.1137403498507625,12.18851570964247,Medio,Piccolo,0
4086,43029,Montefano,19,3315,33.9412,97.66890976158768,0.5597916396591752,5.731523378582201,Piccolo,Piccolo,1
4087,43030,Montelupone,47,3436,32.6715,105.16811288125736,1.438562661647001,13.678696158323632,Piccolo,Piccolo,0
4088,43031,Monte San Giusto,64,7543,20.0369,376.4554397137282,3.194106872819648,8.484687790003976,Medio,Piccolo,1
4089,43032,Monte San Martino,5,697,18.4669,37.74320541076196,0.2707547016553943,7.173601147776184,Molto piccolo,Piccolo,1
4090,43033,Morrovalle,141,9979,42.5803,234.35720274399196,3.311390478695547,14.129672311854897,Medio,Piccolo,0
4091,43034,Muccia,21,849,25.9085,32.769168419630624,0.8105448018989907,24.734982332155475,Molto piccolo,Piccolo,0
4092,43035,Penna San Giovanni,4,992,28.0835,35.3232325030712,0.142432389125287,4.032258064516129,Molto piccolo,Piccolo,1
4093,43036,Petriolo,8,1868,15.6459,119.39230085837184,0.5113160636332842,4.282655246252677,Piccolo,Piccolo,1
4094,43038,Pieve Torina,15,1284,74.7979,17.166257341449427,0.2005403895029138,11.682242990654204,Piccolo,Medio,0
4095,43039,Pioraco,12,1001,19.4522,51.45947502082026,0.6168968034463967,11.988011988011989,Piccolo,Piccolo,0
4096,43040,Poggio San Vicino,1,221,13.0308,16.959818276698286,0.0767412591705804,4.524886877828055,Molto piccolo,Piccolo,1
4097,43041,Pollenza,62,6350,39.5473,160.56721950676786,1.5677429306172608,9.763779527559056,Medio,Piccolo,1
4098,43042,Porto Recanati,229,12163,17.2489,705.1464151337187,13.276208917670113,18.82759187700403,Medio,Piccolo,0
4099,43043,Potenza Picena,228,15652,48.5522,322.3746812708796,4.6959767013647165,14.566828520316893,Medio,Piccolo,0
4100,43044,Recanati,314,20865,103.4588,201.6744829825979,3.035024570167062,15.04912532949916,Grande,Grande,0
4101,43045,Ripe San Ginesio,8,819,10.1694,80.5357248215234,0.7866737467303873,9.768009768009769,Molto piccolo,Piccolo,1
4102,43046,San Ginesio,42,3149,78.0195,40.36170444568346,0.5383269567223579,13.337567481740235,Piccolo,Medio,0
4103,43047,San Severino Marche,137,12009,194.2547,61.82089802717772,0.7052596410794694,11.40811058372887,Medio,Grande,1
4104,43048,Sant'Angelo in Pontano,7,1285,27.3837,46.92572588802828,0.2556265223472357,5.447470817120622,Piccolo,Piccolo,1
4105,43049,Sarnano,42,3080,63.1659,48.760486275031305,0.6649157219322451,13.636363636363637,Piccolo,Medio,0
4106,43050,Sefro,3,416,42.537,9.779721183910478,0.0705268354608928,7.211538461538462,Molto piccolo,Piccolo,1
4107,43051,Serrapetrona,15,910,37.6468,24.172041182783133,0.398440239276645,16.483516483516485,Molto piccolo,Piccolo,0
4108,43052,Serravalle di Chienti,24,1031,95.9871,10.74102665879061,0.2500335982647668,23.27837051406401,Piccolo,Medio,0
4109,43053,Tolentino,358,18498,95.1181,194.4740275510129,3.763742126892778,19.353443615526004,Medio,Medio,0
4110,43054,Treia,107,9123,93.5356,97.53505617112629,1.143949469506797,11.728598048887427,Medio,Medio,0
4111,43055,Urbisaglia,50,2448,22.8633,107.0711577068927,2.1869109008760765,20.42483660130719,Piccolo,Piccolo,0
4112,43056,Ussita,2,381,55.2948,6.890340502181036,0.0361697664156484,5.2493438320209975,Molto piccolo,Medio,1
4113,43057,Visso,12,1005,100.4148,10.008484805028742,0.1195042961794476,11.940298507462687,Piccolo,Grande,0
4114,43058,Valfornace,4,919,48.6127,18.90452494924166,0.0822830248062749,4.352557127312296,Molto piccolo,Piccolo,1
4115,44001,Acquasanta Terme,38,2575,138.3914,18.60664752289521,0.2745835362602011,14.75728155339806,Piccolo,Grande,0
4116,44002,Acquaviva Picena,24,3668,21.0624,174.14919477362503,1.1394712853236098,6.543075245365322,Piccolo,Piccolo,1
4117,44005,Appignano del Tronto,7,1708,23.1943,73.63878194211509,0.3017982866480126,4.0983606557377055,Piccolo,Piccolo,1
4118,44006,Arquata del Tronto,14,1040,92.1821,11.28201679067845,0.1518733029514406,13.461538461538462,Piccolo,Medio,0
4119,44007,Ascoli Piceno,900,46554,158.0203,294.6077181222919,5.695470771793245,19.332388194354944,Grande,Grande,0
4120,44010,Carassai,11,985,22.2382,44.29315322283279,0.4946443507118382,11.167512690355329,Molto piccolo,Piccolo,1
4121,44011,Castel di Lama,64,8458,10.9762,770.5763378947177,5.830797543776535,7.566800662095058,Medio,Piccolo,1
4122,44012,Castignano,7,2639,38.7952,68.02387924279292,0.1804346929517053,2.6525198938992043,Piccolo,Piccolo,1
4123,44013,Castorano,14,2270,14.0833,161.1838134528129,0.9940851931010488,6.167400881057269,Piccolo,Piccolo,1
4124,44014,Colli del Tronto,37,3655,5.939,615.4234719649772,6.230005051355447,10.12311901504788,Piccolo,Molto piccolo,1
4125,44015,Comunanza,20,2981,54.3954,54.80242814649768,0.3676781492552678,6.709158000670915,Piccolo,Medio,1
4126,44016,Cossignano,8,872,14.9507,58.32502825954638,0.5350920023811594,9.174311926605505,Molto piccolo,Piccolo,1
4127,44017,Cupra Marittima,118,5355,17.3366,308.88409492057264,6.80640956127499,22.03548085901027,Medio,Piccolo,0
4128,44020,Folignano,54,8916,14.8568,600.1292337515481,3.634699262290668,6.056527590847914,Medio,Piccolo,1
4129,44021,Force,5,1175,34.3072,34.24937039455275,0.1457420016789478,4.25531914893617,Piccolo,Piccolo,1
4130,44023,Grottammare,271,15960,17.9947,886.9278176351925,15.05998988591085,16.979949874686717,Medio,Piccolo,3
4131,44027,Maltignano,47,2305,8.1726,282.0399872745516,5.750923818613416,20.39045553145336,Piccolo,Molto piccolo,0
4132,44029,Massignano,28,1651,16.3038,101.26473582845718,1.7173910376721992,16.959418534221683,Piccolo,Piccolo,0
4133,44031,Monsampolo del Tronto,60,4486,15.4334,290.6682908497156,3.887672191480814,13.374944271065536,Piccolo,Piccolo,0
4134,44032,Montalto delle Marche,13,1964,33.94,57.86682380671774,0.3830288744843842,6.619144602851324,Piccolo,Piccolo,1
4135,44034,Montedinove,4,479,11.9333,40.1397769267512,0.3351964670292375,8.35073068893528,Molto piccolo,Piccolo,1
4136,44036,Montefiore dell'Aso,16,1991,28.2074,70.58431475428434,0.5672270397129832,8.03616273229533,Piccolo,Piccolo,1
4137,44038,Montegallo,6,463,48.4639,9.553502710264754,0.1238034908457635,12.958963282937365,Molto piccolo,Piccolo,0
4138,44044,Montemonaco,2,546,67.7926,8.05397639270363,0.0295017450282184,3.663003663003663,Molto piccolo,Medio,1
4139,44045,Monteprandone,198,12820,26.3736,486.09215275881945,7.5075075075075075,15.444617784711388,Medio,Piccolo,0
4140,44054,Offida,29,4770,49.6025,96.1645078373066,0.5846479512121365,6.079664570230608,Piccolo,Piccolo,1
4141,44056,Palmiano,0,165,12.6977,12.994479315151564,0.0,0.0,Molto piccolo,Piccolo,1
4142,44063,Ripatransone,53,4061,74.2773,54.67350051765479,0.7135423608558739,13.050972666830829,Piccolo,Medio,0
4143,44064,Roccafluvione,22,1926,60.6319,31.765456797494387,0.3628453009059587,11.422637590861893,Piccolo,Medio,1
4144,44065,Rotella,4,834,27.4373,30.396576922656383,0.145786939677009,4.796163069544364,Molto piccolo,Piccolo,1
4145,44066,San Benedetto del Tronto,1246,46976,25.4053,1849.06299079326,49.044884335158415,26.524182561307903,Grande,Piccolo,3
4146,44071,Spinetoli,73,7248,12.5824,576.0427263479146,5.80175483214649,10.071743929359824,Medio,Piccolo,1
4147,44073,Venarotta,7,1929,30.2096,63.853874265134266,0.2317144219056194,3.6288232244686367,Piccolo,Piccolo,1
4148,45001,Aulla,140,10781,59.9874,179.72107475903272,2.333823436254947,12.98580836657082,Medio,Medio,0
4149,45002,Bagnone,5,1735,73.9351,23.466526724113443,0.0676268781674739,2.881844380403458,Piccolo,Medio,1
4150,45003,Carrara,1288,60833,71.2778,853.4634907362461,18.0701424566976,21.17271875462331,Grande,Medio,3
4151,45004,Casola in Lunigiana,4,988,41.5412,23.783617228197546,0.0962899482922977,4.048582995951417,Molto piccolo,Piccolo,1
4152,45005,Comano,3,672,53.8314,12.483420457205272,0.0557295556125235,4.464285714285714,Molto piccolo,Medio,1
4153,45006,Filattiera,15,2209,48.7783,45.28653110091987,0.3075137919935709,6.790402897238569,Piccolo,Piccolo,1
4154,45007,Fivizzano,48,7300,181.1155,40.305771731298535,0.2650242524797712,6.575342465753425,Medio,Grande,1
4155,45008,Fosdinovo,24,4629,48.3949,95.65057475064522,0.4959200246306945,5.184705119896306,Piccolo,Piccolo,1
4156,45009,Licciana Nardi,48,4804,55.6777,86.28229973580086,0.8621045768772776,9.991673605328891,Piccolo,Medio,1
4157,45010,Massa,1847,66977,93.8397,713.7384284050354,19.682501116265293,27.57663078370187,Grande,Medio,3
4158,45011,Montignoso,184,10050,16.7091,601.4686607896297,11.01196354082506,18.308457711442788,Medio,Piccolo,0
4159,45012,Mulazzo,29,2293,62.5051,36.68500650346932,0.4639621406893197,12.64718709114697,Piccolo,Medio,0
4160,45013,Podenzana,21,2106,17.1035,123.13269213903588,1.2278188674832635,9.971509971509972,Piccolo,Piccolo,1
4161,45014,Pontremoli,111,6950,182.5158,38.078895087439,0.6081665258569394,15.971223021582736,Medio,Grande,0
4162,45015,Tresana,13,1925,44.4507,43.30640462354924,0.292458836418774,6.753246753246753,Piccolo,Piccolo,1
4163,45016,Villafranca in Lunigiana,62,4592,29.3197,156.6182464349908,2.1146191809602417,13.501742160278743,Piccolo,Piccolo,0
4164,45017,Zeri,6,992,73.6187,13.474837235648009,0.0815010316672258,6.048387096774193,Molto piccolo,Medio,1
4165,46001,Altopascio,215,15619,28.5991,546.1360672188985,7.517719089062243,13.765285869773992,Medio,Piccolo,0
4166,46002,Bagni di Lucca,40,5629,164.7064,34.1759640183988,0.2428563795942355,7.106057914372003,Medio,Grande,1
4167,46003,Barga,69,9574,66.4641,144.04768890273095,1.0381544322423684,7.207019009818257,Medio,Medio,1
4168,46004,Borgo a Mozzano,124,6719,72.2028,93.05733295661663,1.7173849213603904,18.45512725107903,Medio,Medio,0
4169,46005,Camaiore,910,31761,85.4275,371.7889438412689,10.652307512217964,28.651490822077392,Grande,Medio,0
4170,46006,Camporgiano,11,2062,27.0912,76.11327663595559,0.4060359083392393,5.33462657613967,Piccolo,Piccolo,1
4171,46007,Capannori,704,46389,156.1777,297.0270403521117,4.507685796371698,15.176011554463344,Grande,Grande,0
4172,46008,Careggine,5,522,24.081,21.676840662763176,0.2076325733981147,9.57854406130268,Molto piccolo,Piccolo,1
4173,46009,Castelnuovo di Garfagnana,54,5685,28.4824,199.59694407774623,1.8959076482318904,9.49868073878628,Medio,Piccolo,1
4174,46010,Castiglione di Garfagnana,7,1700,48.5253,35.03327130383532,0.1442546465452042,4.11764705882353,Piccolo,Piccolo,1
4175,46011,Coreglia Antelminelli,27,5161,52.9404,97.48698536467424,0.5100074801097083,5.231544274365433,Medio,Medio,1
4176,46013,Forte dei Marmi,449,7217,9.1872,785.5494601184256,48.87234413096482,62.214216433421086,Medio,Molto piccolo,2
4177,46014,Fosciandora,1,567,19.8594,28.55071150185806,0.0503539885394322,1.763668430335097,Molto piccolo,Piccolo,1
4178,46015,Gallicano,52,3580,31.0403,115.33393684983716,1.6752415408356234,14.52513966480447,Piccolo,Piccolo,0
4179,46017,Lucca,1885,89378,185.7334,481.2166255503857,10.14895543827874,21.09020116807268,Grande,Grande,0
4180,46018,Massarosa,405,21951,68.2379,321.6834046768731,5.935118167469984,18.45018450184502,Grande,Medio,0
4181,46019,Minucciano,6,1853,57.2823,32.34856142298756,0.1047443974840395,3.237992444684296,Piccolo,Medio,1
4182,46020,Molazzana,5,1018,31.3297,32.49312952246591,0.1595929740789091,4.911591355599214,Piccolo,Piccolo,1
4183,46021,Montecarlo,19,4353,15.63,278.50287907869483,1.2156110044785668,4.364805881001608,Piccolo,Piccolo,1
4184,46022,Pescaglia,15,3342,70.5479,47.37206918986958,0.212621495466201,4.488330341113106,Piccolo,Medio,1
4185,46023,Piazza al Serchio,6,2178,27.0295,80.57862705562441,0.2219796888584694,2.7548209366391188,Piccolo,Piccolo,1
4186,46024,Pietrasanta,681,23121,42.1153,548.9928838213191,16.16989550115991,29.453743350201115,Grande,Piccolo,0
4187,46025,Pieve Fosciana,14,2318,28.7546,80.61318884630633,0.4868786211597449,6.039689387402934,Piccolo,Piccolo,1
4188,46026,Porcari,83,8830,17.8894,493.58838194685126,4.639618992252395,9.399773499433747,Medio,Piccolo,1
4189,46027,San Romano in Garfagnana,7,1368,26.1567,52.30017548085194,0.2676178569926634,5.116959064327485,Piccolo,Piccolo,1
4190,46028,Seravezza,210,12556,39.4678,318.1327563228759,5.320793152899326,16.725071678878624,Medio,Piccolo,0
4191,46030,Stazzema,17,2898,80.1265,36.167809650989376,0.2121645148608762,5.866114561766736,Piccolo,Medio,1
4192,46031,Vagli Sotto,3,865,41.2192,20.985366043009083,0.0727816163341355,3.468208092485549,Molto piccolo,Piccolo,1
4193,46033,Viareggio,1608,61251,32.5275,1883.0528014756744,49.43509338252248,26.25263261007984,Grande,Piccolo,3
4194,46034,Villa Basilica,6,1494,36.5731,40.84969554125847,0.1640550021737288,4.016064257028112,Piccolo,Piccolo,1
4195,46035,Villa Collemandina,1,1241,34.79,35.671169876401265,0.0287438919229663,0.8058017727639001,Piccolo,Piccolo,1
4196,46036,Fabbriche di Vergemoli,1,751,42.5469,17.651109716571593,0.023503474988777,1.3315579227696406,Molto piccolo,Piccolo,1
4197,46037,Sillano Giuncugnano,2,1006,81.2949,12.374700011931868,0.0246017892881349,1.9880715705765408,Piccolo,Medio,1
4198,47002,Agliana,221,18112,11.6792,1550.7911500787725,18.92252894033838,12.201855123674912,Medio,Piccolo,3
4199,47003,Buggiano,87,8768,16.0642,545.8099376252786,5.415769225980752,9.922445255474452,Medio,Piccolo,1
4200,47005,Lamporecchio,69,7372,22.2518,331.29904097646033,3.1008727383852093,9.35973955507325,Medio,Piccolo,1
4201,47006,Larciano,64,6279,24.9667,251.4949913284495,2.563414468071471,10.192705844879756,Medio,Piccolo,1
4202,47007,Marliana,17,3130,43.0435,72.71713499134596,0.3949492954801538,5.431309904153355,Piccolo,Piccolo,1
4203,47008,Massa e Cozzile,117,7707,16.0119,481.3295111760628,7.307065370130965,15.18100428182172,Medio,Piccolo,0
4204,47009,Monsummano Terme,260,20899,32.6232,640.6177199048531,7.969788371465706,12.440786640509115,Grande,Piccolo,0
4205,47010,Montale,101,10757,32.1174,334.927484790176,3.1447128347873736,9.389234916798364,Medio,Piccolo,1
4206,47011,Montecatini-Terme,326,20452,17.6864,1156.368735299439,18.43224172245341,15.939761392528846,Grande,Piccolo,3
4207,47012,Pescia,184,19250,79.1246,243.2871698561509,2.325446194988664,9.558441558441558,Medio,Medio,1
4208,47013,Pieve a Nievole,204,9167,12.6668,723.702908390438,16.105093630593363,22.253736227773537,Medio,Piccolo,3
4209,47014,Pistoia,1801,89729,236.3969,379.5692752316126,7.618543221167452,20.07154877464365,Grande,Grande,0
4210,47016,Ponte Buggianese,124,8792,29.5227,297.8047400813611,4.200157844641581,14.10373066424022,Medio,Piccolo,0
4211,47017,Quarrata,301,26924,45.9127,586.4172658109848,6.555920257357986,11.17961669885604,Grande,Piccolo,0
4212,47018,Sambuca Pistoiese,21,1444,77.2396,18.69507351151482,0.2718812629790936,14.542936288088642,Piccolo,Medio,0
4213,47020,Serravalle Pistoiese,194,11664,42.0349,277.4837099648149,4.615212597151414,16.632373113854594,Medio,Piccolo,0
4214,47021,Uzzano,43,5612,7.8501,714.8953516515713,5.4776372275512415,7.662152530292231,Medio,Molto piccolo,1
4215,47022,Chiesina Uzzanese,103,4505,7.251,621.2936146738381,14.204937250034478,22.86348501664817,Piccolo,Molto piccolo,0
4216,47023,Abetone Cutigliano,19,1973,74.9918,26.309543176720656,0.2533610341397326,9.63000506842372,Piccolo,Medio,1
4217,47024,San Marcello Piteglio,74,7709,134.7274,57.21924419234692,0.5492572409175862,9.599169801530678,Medio,Grande,1
4218,48001,Bagno a Ripoli,633,25323,74.0913,341.7810188240724,8.543513206003944,24.99703826560834,Grande,Medio,0
4219,48002,Barberino di Mugello,331,10870,133.3254,81.52985102613606,2.482647717539193,30.45078196872125,Medio,Grande,0
4220,48004,Borgo San Lorenzo,320,18207,146.3627,124.39644800212076,2.186349390930886,17.57565771406602,Medio,Grande,0
4221,48005,Calenzano,596,18420,76.9699,239.3143293677139,7.743286661409201,32.35613463626493,Medio,Medio,0
4222,48006,Campi Bisenzio,1023,47871,28.7516,1664.985600801347,35.58062855632382,21.36993169142069,Grande,Piccolo,3
4223,48008,Capraia e Limite,64,7856,24.9167,315.2905481062902,2.5685584367111214,8.146639511201629,Medio,Piccolo,1
4224,48010,Castelfiorentino,221,17437,66.3437,262.8282715615801,3.331137696571038,12.674198543327408,Medio,Medio,0
4225,48011,Cerreto Guidi,128,10932,49.305,221.72193489504107,2.596085589696785,11.708744968898646,Medio,Piccolo,0
4226,48012,Certaldo,128,15632,75.2749,207.66550337496292,1.7004340092115695,8.18833162743091,Medio,Medio,1
4227,48013,Dicomano,52,5439,61.6319,88.24975378010413,0.8437189182874453,9.560580989152417,Medio,Medio,1
4228,48014,Empoli,906,48674,62.4217,779.7608844360215,14.514183368924588,18.61363356206599,Grande,Medio,3
4229,48015,Fiesole,210,13845,42.1928,328.13655410401776,4.977152499952599,15.167930660888407,Medio,Piccolo,0
4230,48017,Firenze,11019,368419,102.3156,3600.8096517051163,107.69618709170447,29.908880920907983,Grande,Grande,2
4231,48018,Firenzuola,142,4499,271.9594,16.542910449133217,0.5221367601193413,31.56256945987997,Piccolo,Molto grande,0
4232,48019,Fucecchio,291,22990,65.1757,352.73882750779813,4.464854232482352,12.657677250978686,Grande,Medio,0
4233,48020,Gambassi Terme,43,4792,83.2314,57.5744250367049,0.5166319441941383,8.973288814691152,Piccolo,Medio,1
4234,48021,Greve in Chianti,170,13426,169.3743,79.26822428196013,1.0036941850091778,12.661999106211828,Medio,Grande,0
4235,48022,Impruneta,292,14497,48.7144,297.5916772042764,5.994120834907132,20.142098365179,Medio,Piccolo,0
4236,48024,Lastra a Signa,483,19814,42.8991,461.8744915394496,11.258977461065616,24.37670334107197,Medio,Piccolo,0
4237,48025,Londa,8,1833,59.2885,30.916619580525733,0.1349334187911652,4.36442989634479,Piccolo,Medio,1
4238,48026,Marradi,35,2954,154.0525,19.175281154151996,0.2271952743382937,11.848341232227488,Piccolo,Grande,0
4239,48027,Montaione,26,3505,104.7585,33.457905563749,0.2481898843530596,7.417974322396576,Piccolo,Grande,1
4240,48028,Montelupo Fiorentino,168,14269,24.6575,578.6880259555917,6.813342796309439,11.77377531712103,Medio,Piccolo,0
4241,48030,Montespertoli,131,13242,124.8777,106.03974929070604,1.049026367397862,9.892765443286512,Medio,Grande,1
4242,48031,Palazzuolo sul Senio,14,1111,109.1026,10.183075380421732,0.1283195817514889,12.6012601260126,Piccolo,Grande,0
4243,48032,Pelago,136,7713,54.5602,141.36678384610028,2.492659484386054,17.632568391028133,Medio,Medio,0
4244,48033,Pontassieve,230,20477,114.3984,178.99725870291894,2.0105176296171976,11.232114079210822,Grande,Grande,1
4245,48035,Reggello,174,16534,121.6458,135.919201484967,1.430382306664102,10.523769202854725,Medio,Grande,1
4246,48036,Rignano sull'Arno,115,8615,54.1439,159.11303027672554,2.123969643856464,13.348810214741729,Medio,Medio,0
4247,48037,Rufina,103,7165,45.8797,156.1692861984712,2.2450016020157064,14.375436147941382,Medio,Piccolo,0
4248,48038,San Casciano in Val di Pesa,214,16690,107.8317,154.77823311697767,1.984574109468737,12.822049131216296,Medio,Grande,0
4249,48039,San Godenzo,23,1067,99.1989,10.756167659117189,0.2318574097091802,21.555763823805066,Piccolo,Medio,0
4250,48041,Scandicci,1046,50460,59.6923,845.335160481335,17.52319813443275,20.729290527150216,Grande,Medio,3
4251,48043,Sesto Fiorentino,1130,49315,48.811,1010.3255413738708,23.15051935014648,22.91392071377877,Grande,Piccolo,3
4252,48044,Signa,319,19211,18.8084,1021.4053295336128,16.960507007507285,16.60507001197231,Medio,Piccolo,3
4253,48046,Vaglia,73,5187,56.9411,91.09413060162169,1.2820265151182535,14.07364565259302,Medio,Medio,0
4254,48049,Vicchio,135,8056,138.861,58.01484938175586,0.9721952167995336,16.75769612711023,Medio,Grande,0
4255,48050,Vinci,203,14744,54.1848,272.1058304173864,3.746438115486262,13.7683125339121,Medio,Medio,0
4256,48052,Figline e Incisa Valdarno,435,23316,97.9012,238.1584699676817,4.44325503671048,18.656716417910445,Grande,Medio,0
4257,48053,Scarperia e San Piero,218,12071,115.8099,104.23115813069522,1.882395201101115,18.059812774418027,Medio,Grande,0
4258,48054,Barberino Tavarnelle,208,11953,122.9905,97.18636805281707,1.6911875307442443,17.401489165899775,Medio,Grande,0
4259,49001,Bibbona,68,3185,65.6114,48.54339337371249,1.0364052588422132,21.350078492935637,Piccolo,Medio,0
4260,49002,Campiglia Marittima,174,12585,83.276,151.12397329362602,2.0894375330227195,13.825983313468416,Medio,Medio,0
4261,49003,Campo nell'Elba,66,4710,55.7876,84.42736378693473,1.1830586008360282,14.012738853503183,Piccolo,Medio,0
4262,49004,Capoliveri,65,3857,39.5606,97.49599348847084,1.6430488920794932,16.852476017630284,Piccolo,Piccolo,0
4263,49005,Capraia Isola,0,391,19.3267,20.2310792840992,0.0,0.0,Molto piccolo,Piccolo,1
4264,49006,Castagneto Carducci,205,8792,142.3149,61.77849262445464,1.4404675828040494,23.31665150136488,Medio,Grande,0
4265,49007,Cecina,618,27982,42.4945,658.4852157338008,14.543058513454682,22.08562647416196,Grande,Piccolo,0
4266,49008,Collesalvetti,325,16381,107.9895,151.69067363030663,3.0095518545784543,19.8400586044808,Medio,Grande,0
4267,49009,Livorno,4295,155370,104.7138,1483.7585876933126,41.01656133193524,27.64368925790049,Grande,Grande,3
4268,49010,Marciana,29,2050,45.4509,45.10361731010828,0.6380511717039707,14.146341463414634,Piccolo,Piccolo,0
4269,49011,Marciana Marina,15,1894,5.859,323.26335552142,2.5601638504864312,7.91974656810982,Piccolo,Molto piccolo,1
4270,49012,Piombino,632,32648,130.3251,250.51198886476973,4.849411203214117,19.358000490075963,Grande,Grande,0
4271,49013,Porto Azzurro,43,3704,13.3301,277.8673828403388,3.225782252196157,11.609071274298056,Piccolo,Piccolo,0
4272,49014,Portoferraio,239,11914,48.0293,248.05691525797795,4.976129154495277,20.060433103911365,Medio,Piccolo,0
4273,49017,Rosignano Marittimo,679,30138,120.6514,249.79403471488936,5.627783846685575,22.52969672838277,Grande,Grande,0
4274,49018,San Vincenzo,154,6573,33.1539,198.2572186077656,4.645004056837959,23.42917997870075,Medio,Piccolo,0
4275,49019,Sassetta,3,489,26.7469,18.282492550538567,0.1121625309848991,6.134969325153374,Molto piccolo,Piccolo,1
4276,49020,Suvereto,21,2985,92.3809,32.31187399126876,0.2273197165214887,7.035175879396985,Piccolo,Medio,1
4277,49021,Rio,20,3348,36.5182,91.68031283031476,0.5476721196554047,5.973715651135007,Piccolo,Piccolo,1
4278,50001,Bientina,183,8544,29.4899,289.7263130766805,6.205514430364294,21.418539325842698,Medio,Piccolo,0
4279,50002,Buti,33,5538,23.0257,240.51386059924343,1.4331811845025342,5.958829902491875,Medio,Piccolo,1
4280,50003,Calci,33,6372,25.1051,253.8129702729724,1.314473951507861,5.178907721280603,Medio,Piccolo,1
4281,50004,Calcinaia,269,12700,14.8907,852.8813286145044,18.06496672419698,21.18110236220473,Medio,Piccolo,3
4282,50005,Capannoli,65,6363,22.725,280.0,2.86028602860286,10.215307245010216,Medio,Piccolo,1
4283,50006,Casale Marittimo,7,1053,14.3589,73.33430833838247,0.487502524566645,6.647673314339981,Piccolo,Piccolo,1
4284,50008,Cascina,771,45005,78.6061,572.5382635698757,9.808399093709014,17.131429841128764,Grande,Medio,0
4285,50009,Castelfranco di Sotto,140,13419,48.2483,278.12378881742984,2.9016566386794973,10.432968179447052,Medio,Piccolo,1
4286,50010,Castellina Marittima,12,1877,45.5735,41.18621567358223,0.2633109153345694,6.393180607352157,Piccolo,Piccolo,1
4287,50011,Castelnuovo di Val di Cecina,9,2121,89.0162,23.82712360222072,0.101105192088631,4.243281471004243,Piccolo,Medio,1
4288,50012,Chianni,8,1318,61.9916,21.2609450312623,0.1290497422231399,6.0698027314112295,Piccolo,Medio,1
4289,50014,Fauglia,30,3647,42.4313,85.95070148687408,0.7070252384442617,8.225939128050452,Piccolo,Piccolo,1
4290,50015,Guardistallo,11,1168,23.6101,49.47035378926815,0.4659023045222172,9.41780821917808,Piccolo,Piccolo,1
4291,50016,Lajatico,22,1272,72.6651,17.504964556575302,0.3027588209470571,17.29559748427673,Piccolo,Medio,0
4292,50019,Montecatini Val di Cecina,34,1683,154.9495,10.861603296557911,0.2194263292233921,20.202020202020204,Piccolo,Grande,0
4293,50020,Montescudaio,34,2134,20.1518,105.89624748161454,1.6871941960519654,15.932521087160262,Piccolo,Piccolo,0
4294,50021,Monteverdi Marittimo,8,747,98.0741,7.616689829424894,0.0815709754155276,10.7095046854083,Molto piccolo,Medio,1
4295,50022,Montopoli in Val d'Arno,132,11060,30.1734,366.5480191161752,4.374714152200283,11.93490054249548,Medio,Piccolo,0
4296,50023,Orciano Pisano,3,629,11.6218,54.12242509766129,0.258135572802836,4.769475357710651,Molto piccolo,Piccolo,1
4297,50024,Palaia,35,4519,73.644,61.362772255716685,0.4752593558198902,7.745076344323965,Piccolo,Medio,1
4298,50025,Peccioli,38,4649,92.5368,50.23947229642693,0.4106474397212784,8.173800817380082,Piccolo,Medio,1
4299,50026,Pisa,2590,89969,185.069,486.1376027319541,13.994780325176016,28.787693538885616,Grande,Grande,0
4300,50027,Pomarance,38,5473,227.8437,24.020852891697245,0.1667809994307501,6.94317558925635,Medio,Grande,1
4301,50028,Ponsacco,257,15466,19.8828,777.8582493411391,12.925744864908363,16.617095564463984,Medio,Piccolo,0
4302,50029,Pontedera,699,29270,46.0346,635.8260960234259,15.184230991471631,23.881106935428768,Grande,Piccolo,0
4303,50030,Riparbella,21,1554,58.9604,26.35667329258282,0.3561712607105786,13.513513513513514,Piccolo,Medio,0
4304,50031,San Giuliano Terme,303,30915,91.94,336.2519034152708,3.2956275832064392,9.80106744298884,Grande,Medio,1
4305,50032,San Miniato,414,27785,102.5828,270.85437324775694,4.035764280171724,14.900125967248515,Grande,Grande,0
4306,50033,Santa Croce sull'Arno,202,14549,16.7885,866.6051165976711,12.032045745599667,13.88411574678672,Medio,Piccolo,0
4307,50034,Santa Luce,7,1607,66.6216,24.12130600285793,0.1050710280149381,4.355942750466709,Piccolo,Medio,1
4308,50035,Santa Maria a Monte,122,13307,38.0351,349.8610493991077,3.207563539993322,9.168107011347413,Medio,Piccolo,1
4309,50036,Terricciola,47,4439,43.283,102.5575861192616,1.0858766721345563,10.587970263572878,Piccolo,Piccolo,1
4310,50037,Vecchiano,245,11933,67.5491,176.65668380481753,3.626991329270117,20.53129975697645,Medio,Medio,0
4311,50038,Vicopisano,148,8541,26.8681,317.8862666135678,5.508390991547597,17.32818171174336,Medio,Piccolo,0
4312,50039,Volterra,86,9830,252.6378,38.90945852125058,0.3404082841126704,8.748728382502543,Medio,Molto grande,1
4313,50040,Casciana Terme Lari,167,12134,81.3978,149.07036799520378,2.051652501664664,13.762980056040876,Medio,Medio,0
4314,50041,Crespina Lorenzana,69,5393,46.4332,116.14534427952414,1.4860057028160885,12.794363063230112,Medio,Piccolo,0
4315,51001,Anghiari,67,5428,130.9192,41.46068720248826,0.5117660358450098,12.34340456890199,Medio,Grande,0
4316,51002,Arezzo,1684,97373,384.7537,253.0787878063291,4.376826005831783,17.294321834594804,Grande,Molto grande,0
4317,51003,Badia Tedalda,9,996,118.7171,8.389692807523094,0.0758104771764135,9.036144578313252,Molto piccolo,Grande,1
4318,51004,Bibbiena,103,11846,86.5122,136.92866439646662,1.1905835246358316,8.694918115819686,Medio,Medio,1
4319,51005,Bucine,63,9947,131.6157,75.57609008651703,0.478666298929383,6.333567909922589,Medio,Grande,1
4320,51006,Capolona,26,5211,47.5561,109.57584831388613,0.5467227127539895,4.989445403953176,Medio,Piccolo,1
4321,51007,Caprese Michelangelo,7,1361,66.5302,20.456875223582674,0.1052153758744149,5.143277002204262,Piccolo,Medio,1
4322,51008,Castel Focognano,29,2987,56.6283,52.74747785118041,0.5121114354483536,9.70873786407767,Piccolo,Medio,1
4323,51010,Castel San Niccolò,16,2544,83.2702,30.551145547867065,0.1921455694834406,6.289308176100629,Piccolo,Medio,1
4324,51011,Castiglion Fibocchi,9,2086,25.4628,81.92343340088286,0.3534568075781139,4.314477468839885,Piccolo,Piccolo,1
4325,51012,Castiglion Fiorentino,132,13012,111.4256,116.77747304030672,1.18464697520139,10.144482016600062,Medio,Grande,1
4326,51013,Cavriglia,50,9447,60.8681,155.20445027855314,0.82144834486373,5.292685508627077,Medio,Medio,1
4327,51014,Chitignano,1,880,14.8936,59.08578181232208,0.0671429338776387,1.1363636363636362,Molto piccolo,Piccolo,1
4328,51015,Chiusi della Verna,26,1894,102.3216,18.51026567215524,0.2541007959218777,13.727560718057022,Piccolo,Grande,0
4329,51016,Civitella in Val di Chiana,170,8808,100.326,87.79379223730639,1.694476008213225,19.30063578564941,Medio,Grande,0
4330,51017,Cortona,321,21413,342.7316,62.477460496785234,0.936592949118202,14.990893382524636,Grande,Molto grande,0
4331,51018,Foiano della Chiana,115,9224,40.7826,226.17488831021072,2.819830025550112,12.46747614917606,Medio,Piccolo,0
4332,51020,Loro Ciuffenna,23,5837,86.5219,67.46268863721208,0.2658286514743666,3.940380332362516,Medio,Medio,1
4333,51021,Lucignano,42,3458,44.9309,76.96262483057316,0.9347687226385404,12.145748987854253,Piccolo,Piccolo,0
4334,51022,Marciano della Chiana,35,3433,23.6944,144.88655547302315,1.47714227834425,10.195164579085349,Piccolo,Piccolo,1
4335,51023,Montemignaio,3,521,25.943,20.082488532552134,0.1156381297459815,5.758157389635317,Molto piccolo,Piccolo,1
4336,51024,Monterchi,14,1718,29.4156,58.40438406831749,0.4759379376929248,8.149010477299184,Piccolo,Piccolo,1
4337,51025,Monte San Savino,114,8626,89.8062,96.05127485630167,1.2694001082330617,13.215859030837004,Medio,Medio,0
4338,51026,Montevarchi,297,24161,56.6641,426.38990118964216,5.241413875804963,12.292537560531434,Grande,Medio,0
4339,51027,Ortignano Raggiolo,7,845,36.3016,23.277210921832648,0.1928289662163651,8.284023668639053,Molto piccolo,Piccolo,1
4340,51030,Pieve Santo Stefano,38,3015,156.0867,19.31618773412469,0.2434544391033957,12.603648424543946,Piccolo,Grande,0
4341,51031,Poppi,65,5957,97.0817,61.36068898669883,0.6695391613455471,10.911532650663084,Medio,Medio,1
4342,51033,San Giovanni Valdarno,219,16637,21.4497,775.6285635696537,10.209933006056028,13.163430907014488,Medio,Piccolo,0
4343,51034,Sansepolcro,215,15444,91.1928,169.35547543227096,2.357642270003772,13.92126392126392,Medio,Medio,0
4344,51035,Sestino,4,1227,80.2296,15.293607346914357,0.0498569106663874,3.2599837000814995,Piccolo,Medio,1
4345,51037,Subbiano,56,6297,77.8418,80.89484056124087,0.7194078245878178,8.893123709703033,Medio,Medio,1
4346,51038,Talla,6,980,59.8867,16.364234462743816,0.1001891905882274,6.122448979591836,Molto piccolo,Medio,1
4347,51039,Terranuova Bracciolini,233,12105,85.8786,140.95478966820605,2.7131322587932267,19.248244527054936,Medio,Medio,0
4348,51040,Castelfranco Piandiscò,52,9812,55.991,175.24244967941277,0.9287206872533086,5.299633102323685,Medio,Medio,1
4349,51041,Pratovecchio Stia,42,5469,138.2261,39.56561025739712,0.303849996491256,7.679648930334613,Medio,Grande,1
4350,51042,Laterina Pergine Valdarno,105,6502,70.5358,92.18014114818293,1.4886057859980324,16.148877268532758,Medio,Medio,0
4351,52001,Abbadia San Salvatore,29,6121,58.9933,103.75754534837009,0.4915812473619886,4.737787943146545,Medio,Medio,1
4352,52002,Asciano,30,6933,215.6315,32.152074256312275,0.1391262408321604,4.327131112072696,Medio,Grande,1
4353,52003,Buonconvento,20,3058,64.8436,47.159627164438746,0.3084344484266759,6.540222367560497,Piccolo,Medio,1
4354,52004,Casole d'Elsa,29,3720,148.7041,25.016122622039337,0.1950181602255754,7.795698924731182,Piccolo,Grande,1
4355,52005,Castellina in Chianti,51,2733,99.799,27.385043938316013,0.5110271646008476,18.66081229418221,Piccolo,Medio,0
4356,52006,Castelnuovo Berardenga,84,8960,177.1077,50.59068578046014,0.4742876791918138,9.375,Medio,Grande,1
4357,52007,Castiglione d'Orcia,16,2157,141.5389,15.23962670333032,0.1130431280729184,7.417709782104775,Piccolo,Grande,1
4358,52008,Cetona,15,2516,53.5433,46.99000621926552,0.2801470959018215,5.961844197138316,Piccolo,Medio,1
4359,52009,Chianciano Terme,71,6813,36.5614,186.34406778733856,1.9419387660209948,10.42125348598268,Medio,Piccolo,1
4360,52010,Chiusdino,29,1801,141.5667,12.72191836074444,0.2048504344595162,16.102165463631316,Piccolo,Grande,0
4361,52011,Chiusi,104,8124,58.0687,139.9032525267485,1.7909820609037226,12.801575578532743,Medio,Medio,0
4362,52012,Colle di Val d'Elsa,320,21752,92.0349,236.3451255990934,3.47694189921432,14.71129091577786,Grande,Medio,0
4363,52013,Gaiole in Chianti,32,2638,128.8832,20.46814480087397,0.2482868209355447,12.130401819560271,Piccolo,Grande,0
4364,52015,Montepulciano,214,13484,165.5399,81.45468252668995,1.2927396959887012,15.870661524770096,Medio,Grande,0
4365,52016,Monteriggioni,151,10011,99.7309,100.38012291075285,1.514074374140813,15.083408250923984,Medio,Medio,0
4366,52017,Monteroni d'Arbia,53,9040,105.8556,85.39935534822911,0.5006820612230246,5.86283185840708,Medio,Grande,1
4367,52018,Monticiano,13,1535,109.5005,14.018200830133196,0.1187209190825612,8.469055374592834,Piccolo,Grande,1
4368,52019,Murlo,16,2417,114.6246,21.08622407406438,0.1395860923396897,6.6197765825403385,Piccolo,Grande,1
4369,52020,Piancastagnaio,22,4016,69.6264,57.67927108108418,0.3159721025358197,5.478087649402391,Piccolo,Medio,1
4370,52021,Pienza,34,2022,122.8667,16.4568593443138,0.2767226595977592,16.81503461918892,Piccolo,Grande,0
4371,52022,Poggibonsi,441,28781,70.6019,407.65191871606856,6.246290822201669,15.322608665439006,Grande,Medio,0
4372,52023,Radda in Chianti,18,1505,80.4148,18.71546033814671,0.2238393927485985,11.960132890365449,Piccolo,Medio,0
4373,52024,Radicofani,2,1071,117.975,9.078194532739989,0.0169527442254714,1.8674136321195145,Piccolo,Grande,1
4374,52025,Radicondoli,3,919,132.5264,6.934467396684736,0.0226369991186661,3.264417845484222,Molto piccolo,Grande,1
4375,52026,Rapolano Terme,47,5174,83.0208,62.32173142152328,0.5661231884057971,9.083880943177428,Medio,Medio,1
4376,52027,San Casciano dei Bagni,12,1546,92.1425,16.778359606044987,0.1302330629188485,7.7619663648124195,Piccolo,Medio,1
4377,52028,San Gimignano,104,7574,138.5687,54.65880823014144,0.7505302423996183,13.731185635067336,Medio,Grande,0
4378,52030,San Quirico d'Orcia,18,2636,42.2351,62.4125431217163,0.426185802803829,6.828528072837633,Piccolo,Piccolo,1
4379,52031,Sarteano,26,4528,84.8432,53.36903841439267,0.3064476587398872,5.742049469964664,Piccolo,Medio,1
4380,52032,Siena,1107,54123,118.5306,456.61626617936633,9.339360468942196,20.453411673410564,Grande,Grande,0
4381,52033,Sinalunga,158,12195,78.6758,155.003190307566,2.008241416038985,12.956129561295612,Medio,Medio,0
4382,52034,Sovicille,102,9944,143.5768,69.25910035604639,0.7104211822522859,10.257441673370876,Medio,Grande,1
4383,52035,Torrita di Siena,67,7078,58.339,121.32535696532337,1.1484598638989356,9.465950833568805,Medio,Medio,1
4384,52036,Trequanda,11,1203,63.9492,18.811806871704416,0.1720115341552357,9.14380714879468,Piccolo,Medio,1
4385,52037,Montalcino,44,5673,310.3936,18.27679436689416,0.1417555001134044,7.756037369998237,Medio,Molto grande,1
4386,53001,Arcidosso,34,4302,93.2541,46.13201993263567,0.3645952295931224,7.903300790330079,Piccolo,Medio,1
4387,53002,Campagnatico,28,2378,162.2885,14.65291748953253,0.172532249666489,11.774600504625736,Piccolo,Grande,0
4388,53003,Capalbio,63,3914,187.3488,20.89151358322017,0.3362711690707386,16.096065406234032,Piccolo,Grande,0
4389,53004,Castel del Piano,54,4813,67.7697,71.01993958952157,0.7968162763004706,11.219613546644505,Piccolo,Medio,1
4390,53005,Castell'Azzara,5,1350,64.2308,21.017954003375326,0.0778442740865752,3.703703703703704,Piccolo,Medio,1
4391,53006,Castiglione della Pescaia,157,7134,209.1009,34.117500211620325,0.7508336884250618,22.007289038407627,Medio,Grande,0
4392,53007,Cinigiano,29,2414,161.5518,14.942575693987935,0.1795089872102941,12.013256006628003,Piccolo,Grande,0
4393,53008,Civitella Paganico,56,3020,192.9001,15.65577208098907,0.290305707462049,18.543046357615896,Piccolo,Grande,0
4394,53009,Follonica,405,20648,56.0491,368.3912854978938,7.2258073724645,19.61449050755521,Grande,Medio,0
4395,53010,Gavorrano,100,8264,164.0818,50.36512276193948,0.609452114737893,12.100677637947724,Medio,Grande,0
4396,53011,Grosseto,1938,81643,473.5252,172.41532235243236,4.092707209669094,23.737491272981156,Grande,Molto grande,0
4397,53012,Isola del Giglio,18,1345,24.0114,56.01505951339781,0.7496439191384093,13.382899628252789,Piccolo,Piccolo,0
4398,53013,Magliano in Toscana,32,3373,250.8568,13.445918149318656,0.1275628167145558,9.487103468722204,Piccolo,Molto grande,1
4399,53014,Manciano,59,7105,372.4982,19.07391767262231,0.1583900271195941,8.304011259676283,Medio,Molto grande,1
4400,53015,Massa Marittima,84,8169,283.4428,28.820629770803848,0.2963560901882143,10.282776349614394,Medio,Molto grande,1
4401,53016,Monte Argentario,177,12064,60.4003,199.7341072809241,2.930449020948571,14.671750663129972,Medio,Medio,0
4402,53017,Montieri,6,1148,108.2049,10.609501048473776,0.0554503539118838,5.226480836236934,Piccolo,Grande,1
4403,53018,Orbetello,319,14450,226.8069,63.71058376089969,1.4064827833721107,22.07612456747405,Medio,Grande,0
4404,53019,Pitigliano,37,3641,101.9591,35.71039760060651,0.3628906100583469,10.162043394671796,Piccolo,Grande,1
4405,53020,Roccalbegna,6,947,124.8586,7.584579676530091,0.0480543590910037,6.335797254487857,Molto piccolo,Grande,1
4406,53021,Roccastrada,62,8756,284.4636,30.78073960956692,0.2179540721554533,7.08085883965281,Medio,Molto grande,1
4407,53022,Santa Fiora,17,2490,63.4512,39.24275663817233,0.2679224348790882,6.827309236947792,Piccolo,Medio,1
4408,53023,Scansano,38,4268,273.56,15.60169615440854,0.1389091972510601,8.903467666354265,Piccolo,Molto grande,1
4409,53024,Scarlino,108,3829,88.2265,43.39965883266365,1.2241220041597478,28.20579785844868,Piccolo,Medio,0
4410,53025,Seggiano,5,1006,49.4287,20.352548215915046,0.1011558062421224,4.970178926441352,Piccolo,Piccolo,1
4411,53026,Sorano,24,3118,174.5585,17.86220665278402,0.13748972407531,7.697241821680564,Piccolo,Grande,1
4412,53027,Monterotondo Marittimo,7,1269,102.6929,12.357232096863562,0.0681644008495231,5.516154452324665,Piccolo,Grande,1
4413,53028,Semproniano,5,988,81.6534,12.099924804111035,0.0612344372677683,5.060728744939271,Molto piccolo,Medio,1
4414,54001,Assisi,296,28004,187.1913,149.600969703186,1.5812700697094362,10.569918583059565,Grande,Grande,1
4415,54002,Bastia Umbra,242,21379,27.6014,774.5621598904403,8.767671205083799,11.319519154310305,Grande,Piccolo,0
4416,54003,Bettona,26,4297,45.0747,95.330640026445,0.5768202561525645,6.05073306958343,Piccolo,Piccolo,1
4417,54004,Bevagna,64,4833,56.2226,85.96187298346217,1.138332272075642,13.24229257190151,Piccolo,Medio,0
4418,54005,Campello sul Clitunno,31,2361,49.7616,47.44622359409665,0.6229703224976688,13.130029648454045,Piccolo,Piccolo,0
4419,54006,Cannara,20,4256,32.8087,129.72168967377556,0.6095944063617272,4.699248120300752,Piccolo,Piccolo,1
4420,54007,Cascia,32,2977,180.8336,16.462648534343177,0.1769582643933428,10.749076251259655,Piccolo,Grande,1
4421,54008,Castel Ritaldi,27,3072,22.4414,136.88985535661766,1.2031334943452725,8.7890625,Piccolo,Piccolo,1
4422,54009,Castiglione del Lago,197,15160,205.2661,73.85535166303642,0.9597298336159746,12.99472295514512,Medio,Grande,0
4423,54010,Cerreto di Spoleto,20,1014,74.7826,13.55930390224464,0.2674418915630106,19.723865877712036,Piccolo,Medio,0
4424,54011,Citerna,15,3419,23.5288,145.3112780932304,0.6375165754309612,4.387247733255338,Piccolo,Piccolo,1
4425,54012,Città della Pieve,87,7571,110.9444,68.24138938062669,0.784176578538439,11.491216483951922,Medio,Grande,1
4426,54013,Città di Castello,444,38657,387.317,99.8071347242698,1.146347823617347,11.485630028196704,Grande,Molto grande,0
4427,54014,Collazzone,50,3400,55.5632,61.191580038586686,0.8998761770380396,14.705882352941176,Piccolo,Medio,0
4428,54015,Corciano,265,21391,63.723,335.68727147183904,4.158624044693439,12.38838763966154,Grande,Medio,0
4429,54016,Costacciaro,7,1119,41.0597,27.2529999001454,0.1704834667569417,6.255585344057194,Piccolo,Piccolo,1
4430,54017,Deruta,77,9478,44.56,212.70197486535008,1.7280071813285456,8.12407680945347,Medio,Piccolo,1
4431,54018,Foligno,937,55831,264.656,210.9568647602926,3.5404449549604013,16.78279092260572,Grande,Molto grande,0
4432,54019,Fossato di Vico,27,2650,35.391,74.87779378938149,0.7629058235144529,10.18867924528302,Piccolo,Piccolo,1
4433,54020,Fratta Todina,17,1823,17.4281,104.6011900321894,0.9754362208158088,9.325287986834889,Piccolo,Piccolo,1
4434,54021,Giano dell'Umbria,22,3756,44.4751,84.45174940584732,0.4946588090864326,5.857294994675187,Piccolo,Piccolo,1
4435,54022,Gualdo Cattaneo,30,5759,96.6236,59.60241597290931,0.3104831531841082,5.209237714881056,Medio,Medio,1
4436,54023,Gualdo Tadino,131,14408,124.2833,115.9286887297006,1.0540434636029137,9.092171016102164,Medio,Grande,1
4437,54024,Gubbio,370,30923,525.7677,58.81494812252635,0.7037328462741245,11.965203893542023,Grande,Molto grande,0
4438,54025,Lisciano Niccone,4,590,35.1821,16.76989150732901,0.1136941797107051,6.779661016949152,Molto piccolo,Piccolo,1
4439,54026,Magione,196,14612,129.7327,112.63158787260268,1.5107987423371287,13.41363263071448,Medio,Grande,0
4440,54027,Marsciano,108,18201,161.5281,112.6800847654371,0.6686143154039452,5.9337399044008565,Medio,Grande,1
4441,54028,Massa Martana,26,3642,78.4082,46.449223423060346,0.3315979706204198,7.1389346512905,Piccolo,Medio,1
4442,54029,Monte Castello di Vibio,4,1455,31.9491,45.541188953679445,0.1251991448898404,2.7491408934707904,Piccolo,Piccolo,1
4443,54030,Montefalco,62,5461,69.5123,78.56163585437398,0.8919284788447512,11.3532320087896,Medio,Medio,1
4444,54031,Monteleone di Spoleto,9,574,62.165,9.233491514517816,0.1447759993565511,15.6794425087108,Molto piccolo,Medio,0
4445,54032,Monte Santa Maria Tiberina,2,1120,72.5288,15.442141604438511,0.0275752528650687,1.7857142857142856,Piccolo,Medio,1
4446,54033,Montone,13,1603,51.0941,31.37348539263829,0.2544325078629431,8.109794135995008,Piccolo,Medio,1
4447,54034,Nocera Umbra,39,5601,157.1641,35.63790967530117,0.248148273047089,6.963042313872522,Medio,Grande,1
4448,54035,Norcia,75,4617,275.57,16.7543636825489,0.2721631527379613,16.244314489928524,Piccolo,Molto grande,0
4449,54036,Paciano,5,950,16.9058,56.19373232854997,0.2957564859397367,5.263157894736842,Molto piccolo,Piccolo,1
4450,54037,Panicale,37,5421,79.2582,68.39670847937501,0.4668286688317423,6.8253089835823655,Medio,Medio,1
4451,54038,Passignano sul Trasimeno,89,5651,81.3321,69.48056179540427,1.0942788886552788,15.749424880552116,Medio,Medio,0
4452,54039,Perugia,2177,164721,449.6117,366.3627970535464,4.841955847679231,13.216286933663588,Grande,Molto grande,0
4453,54040,Piegaro,22,3419,99.0764,34.508722561578736,0.222050861759208,6.434630008774495,Piccolo,Medio,1
4454,54041,Pietralunga,2,1995,140.4153,14.207853417683117,0.0142434620728652,1.0025062656641603,Piccolo,Grande,1
4455,54042,Poggiodomo,1,94,40.0939,2.3444962949476107,0.0249414499462511,10.638297872340424,Molto piccolo,Piccolo,1
4456,54043,Preci,8,700,82.0201,8.534493374185109,0.0975370671335441,11.428571428571429,Molto piccolo,Medio,1
4457,54044,San Giustino,127,10975,79.9788,137.22386432404585,1.587920799011738,11.571753986332574,Medio,Medio,0
4458,54045,Sant'Anatolia di Narco,10,526,46.5485,11.300041891790285,0.2148296937602715,19.011406844106464,Molto piccolo,Piccolo,0
4459,54046,Scheggia e Pascelupo,4,1315,64.1501,20.4987989106798,0.0623537609450336,3.041825095057034,Piccolo,Medio,1
4460,54047,Scheggino,9,463,35.8493,12.915175470650752,0.2510509270752846,19.43844492440605,Molto piccolo,Piccolo,0
4461,54048,Sellano,3,1003,85.8384,11.684747152789429,0.0349493932785326,2.991026919242273,Piccolo,Medio,1
4462,54049,Sigillo,13,2319,26.4743,87.59438398748975,0.4910422560747593,5.60586459680897,Piccolo,Piccolo,1
4463,54050,Spello,112,8371,61.6445,135.79475865649005,1.816869307075246,13.379524549038347,Medio,Medio,0
4464,54051,Spoleto,533,36914,348.1366,106.033091608294,1.5310082306772688,14.438966245868777,Grande,Molto grande,0
4465,54052,Todi,162,15877,222.8556,71.24344194177755,0.7269281095022965,10.203438936826856,Medio,Grande,1
4466,54053,Torgiano,68,6644,37.6662,176.391565913206,1.805332101459664,10.234798314268511,Medio,Piccolo,1
4467,54054,Trevi,108,8130,71.1853,114.20897291997083,1.517167167940572,13.284132841328416,Medio,Medio,0
4468,54055,Tuoro sul Trasimeno,47,3738,55.8849,66.88747765496583,0.8410142990324756,12.573568753344034,Piccolo,Medio,0
4469,54056,Umbertide,146,16367,200.8295,81.49699122887823,0.7269848304158503,8.920388586790493,Medio,Grande,1
4470,54057,Valfabbrica,29,3253,92.3024,35.24285392362495,0.3141846799216488,8.91484783276975,Piccolo,Medio,1
4471,54058,Vallo di Nera,10,350,36.2211,9.662876058430031,0.2760821730980008,28.57142857142857,Molto piccolo,Piccolo,0
4472,54059,Valtopina,10,1296,40.5734,31.942109855225347,0.2464668970310597,7.716049382716049,Piccolo,Piccolo,1
4473,55001,Acquasparta,29,4456,81.6058,54.60396197329111,0.3553668979410777,6.508078994614004,Piccolo,Medio,1
4474,55002,Allerona,13,1686,82.6127,20.40848440978203,0.1573607931952351,7.71055753262159,Piccolo,Medio,1
4475,55003,Alviano,13,1403,23.8952,58.71472094814021,0.5440423181224682,9.265858873841768,Piccolo,Piccolo,1
4476,55004,Amelia,91,11682,132.4964,88.16843325554505,0.6868111133585516,7.789762027050163,Medio,Grande,1
4477,55005,Arrone,14,2558,41.032,62.34158705400663,0.3411971144472607,5.473025801407349,Piccolo,Piccolo,1
4478,55006,Attigliano,12,1950,10.512,185.50228310502283,1.1415525114155252,6.153846153846154,Piccolo,Piccolo,1
4479,55007,Baschi,62,2657,68.5686,38.74951508416389,0.9042039650802262,23.334587881068877,Piccolo,Medio,0
4480,55008,Calvi dell'Umbria,3,1693,46.0063,36.799307920871705,0.0652084605803987,1.772002362669817,Piccolo,Piccolo,1
4481,55009,Castel Giorgio,27,2037,42.1444,48.33382371086076,0.6406545116314386,13.254786450662738,Piccolo,Piccolo,0
4482,55010,Castel Viscardo,22,2758,26.2156,105.20453470452708,0.8391949831398099,7.976794778825235,Piccolo,Piccolo,1
4483,55011,Fabro,30,2648,34.5504,76.64165972029267,0.8682967490969713,11.32930513595166,Piccolo,Piccolo,1
4484,55012,Ferentillo,6,1820,69.5861,26.15464870139295,0.0862241165979987,3.2967032967032965,Piccolo,Medio,1
4485,55013,Ficulle,32,1583,64.6187,24.49755256605286,0.4952126861109864,20.21478205938092,Piccolo,Medio,0
4486,55014,Giove,15,1857,15.0882,123.07631128961704,0.9941543722909292,8.077544426494345,Piccolo,Piccolo,1
4487,55015,Guardea,7,1749,39.3808,44.41250558647869,0.1777515946857351,4.002287021154946,Piccolo,Piccolo,1
4488,55016,Lugnano in Teverina,8,1429,29.8297,47.905275614572055,0.2681890867155888,5.598320503848845,Piccolo,Piccolo,1
4489,55017,Montecastrilli,35,4821,62.4282,77.22471575345757,0.5606440679052095,7.2599045841111804,Piccolo,Medio,1
4490,55018,Montecchio,7,1592,49.2172,32.346415480766886,0.1422267012345277,4.396984924623116,Piccolo,Piccolo,1
4491,55019,Montefranco,9,1256,10.0869,124.51793910914157,0.8922463789667787,7.165605095541402,Piccolo,Piccolo,1
4492,55020,Montegabbione,6,1118,51.0591,21.896194801710173,0.1175108844456717,5.366726296958855,Piccolo,Medio,1
4493,55021,Monteleone d'Orvieto,7,1376,24.0978,57.10064819195114,0.2904829486509142,5.087209302325582,Piccolo,Piccolo,1
4494,55022,Narni,289,18405,197.9836,92.96224535769628,1.4597168654373394,15.702254822059222,Medio,Grande,0
4495,55023,Orvieto,302,19931,281.2704,70.8606380195001,1.073699898745122,15.152275349957351,Medio,Molto grande,0
4496,55024,Otricoli,10,1735,27.4114,63.29483353641186,0.3648117206709617,5.763688760806916,Piccolo,Piccolo,1
4497,55025,Parrano,0,498,40.0911,12.421709556485109,0.0,0.0,Molto piccolo,Piccolo,1
4498,55026,Penna in Teverina,4,1051,10.0033,105.06532844161428,0.39986804354563,3.805899143672693,Piccolo,Piccolo,1
4499,55027,Polino,2,219,19.5678,11.191856008340231,0.1022087306697738,9.1324200913242,Molto piccolo,Piccolo,1
4500,55028,Porano,10,1913,13.604,140.6204057630109,0.7350779182593355,5.227391531625719,Piccolo,Piccolo,1
4501,55029,San Gemini,58,4836,27.8956,173.36067336784294,2.0791809460990263,11.993382961124896,Piccolo,Piccolo,0
4502,55030,San Venanzo,9,2157,169.4518,12.729283489464262,0.0531124484956784,4.172461752433936,Piccolo,Grande,1
4503,55031,Stroncone,15,4685,71.1557,65.84152780451883,0.2108053184776483,3.2017075773746,Piccolo,Medio,1
4504,55032,Terni,1824,107982,212.4261,508.3273665524152,8.5865154988017,16.89170417291771,Grande,Grande,0
4505,55033,Avigliano Umbro,5,2405,51.3387,46.84575184022969,0.0973924154682529,2.079002079002079,Piccolo,Medio,1
4506,56001,Acquapendente,50,5346,131.6022,40.62242120572452,0.3799328582652873,9.35278713056491,Medio,Grande,1
4507,56002,Arlena di Castro,1,830,21.8706,37.95049061296901,0.0457234826662277,1.2048192771084338,Molto piccolo,Piccolo,1
4508,56003,Bagnoregio,31,3501,72.8081,48.085309189499526,0.4257768023063368,8.854612967723506,Piccolo,Medio,1
4509,56004,Barbarano Romano,6,1004,37.5635,26.7280737950404,0.1597295246715561,5.9760956175298805,Piccolo,Piccolo,1
4510,56005,Bassano Romano,11,4578,37.5457,121.93140625957167,0.2929762928910635,2.402795980777632,Piccolo,Piccolo,1
4511,56006,Bassano in Teverina,7,1251,12.1676,102.8140307044939,0.575298333278543,5.595523581135092,Piccolo,Piccolo,1
4512,56007,Blera,5,3035,92.9142,32.66454427848488,0.0538130877734512,1.6474464579901154,Piccolo,Medio,1
4513,56008,Bolsena,40,3757,63.5714,59.09890296579909,0.6292137659387712,10.646792653713067,Piccolo,Medio,1
4514,56009,Bomarzo,14,1684,39.6448,42.47719751392365,0.3531358463152797,8.31353919239905,Piccolo,Piccolo,1
4515,56010,Calcata,3,894,7.6322,117.13529519666676,0.3930714603914991,3.355704697986577,Molto piccolo,Molto piccolo,1
4516,56011,Canepina,14,2945,20.8477,141.26258532116253,0.671536908148141,4.753820033955857,Piccolo,Piccolo,1
4517,56012,Canino,33,5122,124.0375,41.29396351909705,0.2660485740199536,6.4427957828973055,Medio,Grande,1
4518,56013,Capodimonte,34,1647,61.2907,26.8719397885813,0.5547334261152181,20.643594414086216,Piccolo,Medio,0
4519,56014,Capranica,45,6357,40.9683,155.16875242565592,1.0984102342542894,7.078810759792354,Medio,Piccolo,1
4520,56015,Caprarola,34,5265,57.5769,91.442922422013,0.5905145987366461,6.4577397910731245,Medio,Medio,1
4521,56016,Carbognano,12,1932,17.411,110.96433289299868,0.6892194589627246,6.211180124223602,Piccolo,Piccolo,1
4522,56017,Castel Sant'Elia,12,2477,23.9151,103.5747289369478,0.5017750291656736,4.844570044408559,Piccolo,Piccolo,1
4523,56018,Castiglione in Teverina,13,2280,19.8891,114.63565470534112,0.653624347004138,5.701754385964913,Piccolo,Piccolo,1
4524,56019,Celleno,6,1304,23.8237,54.73541053656653,0.2518500484811343,4.601226993865031,Piccolo,Piccolo,1
4525,56020,Cellere,11,1076,37.195,28.92861943809652,0.2957386745530313,10.223048327137546,Piccolo,Piccolo,1
4526,56021,Civita Castellana,195,15455,84.2211,183.50508364293503,2.315334280839362,12.617275962471693,Medio,Medio,0
4527,56022,Civitella d'Agliano,17,1500,32.9552,45.51633733067923,0.5158518230810313,11.333333333333334,Piccolo,Piccolo,1
4528,56023,Corchiano,27,3574,33.0306,108.2026968931839,0.8174238433452616,7.554560716284275,Piccolo,Piccolo,1
4529,56024,Fabrica di Roma,65,8094,34.7859,232.6804826093331,1.86857318626225,8.030639980232271,Medio,Piccolo,1
4530,56025,Faleria,10,1984,25.6785,77.26308000856748,0.3894308468173764,5.040322580645161,Piccolo,Piccolo,1
4531,56026,Farnese,1,1385,52.3752,26.443813102384336,0.0190930058500969,0.7220216606498194,Piccolo,Medio,1
4532,56027,Gallese,10,2649,37.1735,71.26044090548375,0.2690088369402935,3.775009437523594,Piccolo,Piccolo,1
4533,56028,Gradoli,9,1276,43.8083,29.126900610158348,0.205440521545004,7.053291536050157,Piccolo,Piccolo,1
4534,56029,Graffignano,13,2151,29.1023,73.91168395625088,0.4467000889964023,6.04370060437006,Piccolo,Piccolo,1
4535,56030,Grotte di Castro,13,2450,33.42,73.30939557151406,0.3889886295631358,5.306122448979592,Piccolo,Piccolo,1
4536,56031,Ischia di Castro,7,2205,104.9432,21.01136614854512,0.066702749677921,3.1746031746031744,Piccolo,Grande,1
4537,56032,Latera,5,775,22.4294,34.55286365217081,0.2229217009817471,6.451612903225806,Molto piccolo,Piccolo,1
4538,56033,Lubriano,5,890,16.6891,53.328220215589816,0.2995967427842124,5.617977528089887,Molto piccolo,Piccolo,1
4539,56034,Marta,37,3283,33.5404,97.88195728136814,1.1031472492874266,11.270179713676516,Piccolo,Piccolo,1
4540,56035,Montalto di Castro,103,8770,189.6215,46.25002966435768,0.5431873495357857,11.744583808437856,Medio,Grande,0
4541,56036,Montefiascone,162,13005,104.93,123.93976937005624,1.5438864004574475,12.456747404844291,Medio,Grande,0
4542,56037,Monte Romano,18,1914,86.14,22.21964244253541,0.2089621546319944,9.404388714733544,Piccolo,Medio,1
4543,56038,Monterosi,16,4729,10.6834,442.64934384184807,1.4976505606829285,3.3833791499259886,Piccolo,Piccolo,1
4544,56039,Nepi,165,9185,83.7096,109.72457161424737,1.9711000888786951,17.964071856287426,Medio,Medio,0
4545,56040,Onano,2,944,24.5077,38.51850642859183,0.0816070051453216,2.1186440677966103,Molto piccolo,Piccolo,1
4546,56041,Oriolo Romano,14,3708,19.311,192.01491377971104,0.7249754026202683,3.7756202804746497,Piccolo,Piccolo,1
4547,56042,Orte,92,9081,69.5589,130.55123068363648,1.3226201104387794,10.131042836691996,Medio,Medio,1
4548,56043,Piansano,6,1922,26.6051,72.24178822857272,0.2255206708488222,3.1217481789802286,Piccolo,Piccolo,1
4549,56044,Proceno,2,522,42.0138,12.42448909643974,0.0476034064997691,3.8314176245210727,Molto piccolo,Piccolo,1
4550,56045,Ronciglione,83,8343,52.5258,158.83622905315104,1.5801758373980026,9.948459786647488,Medio,Medio,1
4551,56046,Villa San Giovanni in Tuscia,0,1213,5.2792,229.76966207001055,0.0,0.0,Piccolo,Molto piccolo,1
4552,56047,San Lorenzo Nuovo,22,1995,26.735,74.62128296240883,0.8228913409388442,11.027568922305765,Piccolo,Piccolo,1
4553,56048,Soriano nel Cimino,90,7992,78.5355,101.76289703382548,1.1459785702007372,11.26126126126126,Medio,Medio,1
4554,56049,Sutri,51,6539,60.9413,107.2999755502426,0.8368708905126737,7.799357699954121,Medio,Medio,1
4555,56050,Tarquinia,235,16153,279.3305,57.82755553009787,0.8412973162615612,14.548381105676963,Medio,Molto grande,0
4556,56051,Tessennano,2,296,14.7309,20.0938163995411,0.135769029726629,6.756756756756757,Molto piccolo,Piccolo,1
4557,56052,Tuscania,68,8168,208.691,39.13920581146288,0.3258405968633051,8.32517140058766,Medio,Grande,1
4558,56053,Valentano,19,2722,43.4947,62.582337618146575,0.4368348327497373,6.98016164584864,Piccolo,Piccolo,1
4559,56054,Vallerano,7,2445,15.4516,158.2360402806182,0.453027518185819,2.8629856850715747,Piccolo,Piccolo,1
4560,56055,Vasanello,6,3953,28.9623,136.48777894020847,0.2071658673516951,1.5178345560333923,Piccolo,Piccolo,1
4561,56056,Vejano,10,2157,44.3071,48.68294246294612,0.2256974615806496,4.6360686138154845,Piccolo,Piccolo,1
4562,56057,Vetralla,150,13446,113.771,118.18477467896037,1.318437914758594,11.155734047300312,Medio,Grande,1
4563,56058,Vignanello,23,4325,20.5289,210.67860430904724,1.1203717685799044,5.317919075144508,Piccolo,Piccolo,1
4564,56059,Viterbo,1528,66113,406.2267,162.74902659032506,3.7614465026547994,23.11194470073964,Grande,Molto grande,0
4565,56060,Vitorchiano,28,5234,30.143,173.63898749295026,0.9289055502106623,5.349636988918609,Medio,Piccolo,1
4566,57001,Accumoli,4,555,87.343,6.354258498105171,0.0457964576440012,7.207207207207207,Molto piccolo,Medio,1
4567,57002,Amatrice,23,2320,174.3849,13.303904179777035,0.1318921535064102,9.913793103448276,Piccolo,Grande,1
4568,57003,Antrodoco,25,2371,63.9041,37.10247073348971,0.3912112055408026,10.544074230282584,Piccolo,Medio,1
4569,57004,Ascrea,1,213,13.9761,15.240303088844527,0.0715507187269696,4.694835680751174,Molto piccolo,Piccolo,1
4570,57005,Belmonte in Sabina,2,637,23.6446,26.940612232814257,0.0845859096791656,3.1397174254317117,Molto piccolo,Piccolo,1
4571,57006,Borbona,2,589,47.9485,12.284013055674317,0.0417114195438856,3.395585738539898,Molto piccolo,Piccolo,1
4572,57007,Borgorose,52,4260,145.8039,29.21732546248763,0.3566434094012574,12.206572769953052,Piccolo,Grande,0
4573,57008,Borgo Velino,9,934,18.2929,51.058060777678776,0.4919941616692815,9.635974304068522,Molto piccolo,Piccolo,1
4574,57009,Cantalice,14,2481,37.624,65.94195194556666,0.3721029130342334,5.642885933091495,Piccolo,Piccolo,1
4575,57010,Cantalupo in Sabina,17,1634,10.6212,153.8432568824615,1.6005724400256092,10.40391676866585,Piccolo,Piccolo,1
4576,57011,Casaprota,20,699,14.5461,48.05411759853157,1.3749389870824482,28.61230329041488,Molto piccolo,Piccolo,0
4577,57012,Casperia,5,1210,25.3087,47.80964648520074,0.1975605226661187,4.132231404958678,Piccolo,Piccolo,1
4578,57013,Castel di Tora,1,267,15.4912,17.235591819871928,0.0645527783515802,3.745318352059925,Molto piccolo,Piccolo,1
4579,57014,Castelnuovo di Farfa,3,994,8.8422,112.4154622152858,0.3392820791205808,3.0181086519114686,Molto piccolo,Molto piccolo,1
4580,57015,Castel Sant'Angelo,23,1209,31.2697,38.66362644988599,0.7355363179051926,19.02398676592225,Piccolo,Piccolo,0
4581,57016,Cittaducale,75,6503,71.2532,91.26607647095148,1.0525843049856003,11.533138551437798,Medio,Medio,0
4582,57017,Cittareale,2,415,59.6601,6.956072819187363,0.0335232425021077,4.819277108433735,Molto piccolo,Medio,1
4583,57018,Collalto Sabino,3,395,22.3698,17.65773498198464,0.1341093796100099,7.594936708860759,Molto piccolo,Piccolo,1
4584,57019,Colle di Tora,2,359,14.3718,24.97947369153481,0.1391614133233137,5.571030640668524,Molto piccolo,Piccolo,1
4585,57020,Collegiove,0,135,10.6126,12.720728191018225,0.0,0.0,Molto piccolo,Piccolo,1
4586,57021,Collevecchio,13,1507,26.9475,55.923555060766304,0.4824195194359402,8.626410086264102,Piccolo,Piccolo,1
4587,57022,Colli sul Velino,11,465,12.7551,36.45600583296093,0.862400137984022,23.655913978494624,Molto piccolo,Piccolo,0
4588,57023,Concerviano,3,282,21.3896,13.18397725997681,0.1402550772337958,10.638297872340424,Molto piccolo,Piccolo,1
4589,57024,Configni,3,583,22.9256,25.430086889765157,0.1308580800502495,5.145797598627787,Molto piccolo,Piccolo,1
4590,57025,Contigliano,23,3772,53.5447,70.44581443168045,0.4295476489736612,6.097560975609756,Piccolo,Medio,1
4591,57026,Cottanello,6,531,36.6915,14.472016679612445,0.1635256121990106,11.299435028248588,Molto piccolo,Piccolo,1
4592,57027,Fara in Sabina,122,13738,54.9624,249.95269493326344,2.219699285329607,8.880477507643034,Medio,Medio,1
4593,57028,Fiamignano,3,1215,100.618,12.07537418752112,0.02981573873462,2.469135802469136,Piccolo,Grande,1
4594,57029,Forano,21,3024,17.6853,170.98946582755167,1.1874268460246644,6.944444444444444,Piccolo,Piccolo,1
4595,57030,Frasso Sabino,12,727,4.3898,165.61118957583489,2.7336097316506445,16.506189821182943,Molto piccolo,Molto piccolo,0
4596,57031,Greccio,3,1492,17.8535,83.5690480858095,0.1680342789929145,2.0107238605898123,Piccolo,Piccolo,1
4597,57032,Labro,2,375,11.7424,31.9355498024254,0.1703229322796021,5.333333333333333,Molto piccolo,Piccolo,1
4598,57033,Leonessa,11,2141,204.0152,10.494316109780057,0.05391755124128,5.137786081270434,Piccolo,Grande,1
4599,57034,Longone Sabino,6,553,34.3338,16.10657719215467,0.1747549062439928,10.8499095840868,Molto piccolo,Piccolo,1
4600,57035,Magliano Sabina,58,3527,43.1617,81.71596577521274,1.3437839566096794,16.444570456478594,Piccolo,Piccolo,0
4601,57036,Marcetelli,0,76,11.0838,6.856854147494541,0.0,0.0,Molto piccolo,Piccolo,1
4602,57037,Micigliano,7,114,36.8517,3.093480083686777,0.1899505314544512,61.40350877192982,Molto piccolo,Piccolo,0
4603,57038,Mompeo,1,494,10.8922,45.35355575549475,0.0918088173188153,2.0242914979757085,Molto piccolo,Piccolo,1
4604,57039,Montasola,2,382,12.7472,29.96736538220158,0.156897200953935,5.235602094240838,Molto piccolo,Piccolo,1
4605,57040,Montebuono,6,872,19.6813,44.30601637086981,0.3048579108087372,6.8807339449541285,Molto piccolo,Piccolo,1
4606,57041,Monteleone Sabino,1,1184,19.0398,62.18552715889873,0.0525215601004212,0.8445945945945946,Piccolo,Piccolo,1
4607,57042,Montenero Sabino,2,278,22.5865,12.308237221349035,0.0885484692183383,7.194244604316547,Molto piccolo,Piccolo,1
4608,57043,Monte San Giovanni in Sabina,2,648,30.757,21.06837467893488,0.0650258477744903,3.08641975308642,Molto piccolo,Piccolo,1
4609,57044,Montopoli di Sabina,21,4081,37.9405,107.56315810281887,0.5534982406663065,5.145797598627787,Piccolo,Piccolo,1
4610,57045,Morro Reatino,4,344,15.7311,21.867510854294995,0.254273382026686,11.627906976744184,Molto piccolo,Piccolo,0
4611,57046,Nespolo,1,191,8.6446,22.09471808990584,0.1156791523031719,5.235602094240838,Molto piccolo,Molto piccolo,1
4612,57047,Orvinio,3,390,24.6887,15.79670051481042,0.121513080883157,7.6923076923076925,Molto piccolo,Piccolo,1
4613,57048,Paganico Sabino,0,155,9.3138,16.641972127380875,0.0,0.0,Molto piccolo,Molto piccolo,1
4614,57049,Pescorocchiano,8,1925,94.7727,20.311756444630152,0.084412494315346,4.155844155844156,Piccolo,Medio,1
4615,57050,Petrella Salto,5,1055,102.9304,10.249644419918702,0.0485765138384772,4.739336492890995,Piccolo,Grande,1
4616,57051,Poggio Bustone,6,1986,22.3815,88.73399906172509,0.2680785470142752,3.0211480362537766,Piccolo,Piccolo,1
4617,57052,Poggio Catino,7,1240,14.9813,82.76985308351078,0.4672491706327221,5.64516129032258,Piccolo,Piccolo,1
4618,57053,Poggio Mirteto,41,6152,26.3948,233.0762119811478,1.5533362632033585,6.664499349804942,Medio,Piccolo,1
4619,57054,Poggio Moiano,30,2763,26.9469,102.53498547142716,1.1133006022956258,10.857763300760045,Piccolo,Piccolo,1
4620,57055,Poggio Nativo,12,2513,16.4995,152.30764568623292,0.7272947665080759,4.77516912057302,Piccolo,Piccolo,1
4621,57056,Poggio San Lorenzo,6,522,8.6696,60.21039032942696,0.6920734520623788,11.494252873563218,Molto piccolo,Molto piccolo,1
4622,57057,Posta,12,589,66.0132,8.922457932655893,0.1817818254530912,20.37351443123939,Molto piccolo,Medio,0
4623,57058,Pozzaglia Sabina,1,315,24.9787,12.61074435418977,0.0400341090609199,3.1746031746031744,Molto piccolo,Piccolo,1
4624,57059,Rieti,814,45907,206.455,222.3583831827759,3.942747814293672,17.731500642603525,Grande,Grande,0
4625,57060,Rivodutri,6,1138,26.7897,42.47901245627984,0.2239666737589446,5.272407732864675,Piccolo,Piccolo,1
4626,57061,Roccantica,2,552,16.7231,33.008234119272146,0.1195950511567831,3.6231884057971016,Molto piccolo,Piccolo,1
4627,57062,Rocca Sinibalda,13,783,49.5551,15.800593682587664,0.262334250157905,16.602809706257982,Molto piccolo,Piccolo,0
4628,57063,Salisano,2,514,17.5958,29.21151638459177,0.113663487877789,3.891050583657588,Molto piccolo,Piccolo,1
4629,57064,Scandriglia,24,3138,63.3505,49.5339421156897,0.3788446815731525,7.648183556405353,Piccolo,Medio,1
4630,57065,Selci,8,1081,7.7281,139.87914235064244,1.0351832921416648,7.400555041628122,Piccolo,Molto piccolo,1
4631,57066,Stimigliano,6,2211,11.3837,194.22507620545167,0.5270694062563139,2.7137042062415198,Piccolo,Piccolo,1
4632,57067,Tarano,11,1382,19.9796,69.17055396504433,0.5505615728042603,7.959479015918958,Piccolo,Piccolo,1
4633,57068,Toffia,0,1057,11.3292,93.29873247890409,0.0,0.0,Piccolo,Piccolo,1
4634,57069,Torricella in Sabina,24,1364,25.7914,52.88584566948673,0.9305427390525524,17.595307917888565,Piccolo,Piccolo,0
4635,57070,Torri in Sabina,6,1196,26.3048,45.46698701377695,0.2280952525774763,5.016722408026756,Piccolo,Piccolo,1
4636,57071,Turania,0,228,8.5099,26.79232423412731,0.0,0.0,Molto piccolo,Molto piccolo,1
4637,57072,Vacone,3,226,9.1848,24.605870568765788,0.3266266004703423,13.27433628318584,Molto piccolo,Molto piccolo,0
4638,57073,Varco Sabino,1,177,24.7527,7.150735071325552,0.0403996331713308,5.649717514124294,Molto piccolo,Piccolo,1
4639,58001,Affile,7,1439,15.1123,95.2204495675708,0.4631988512668489,4.864489228630994,Piccolo,Piccolo,1
4640,58002,Agosta,16,1703,9.4997,179.2688190153373,1.6842637135909553,9.39518496770405,Piccolo,Molto piccolo,1
4641,58003,Albano Laziale,311,39672,23.8082,1666.3166472055848,13.06272628758159,7.8392821133293,Grande,Piccolo,1
4642,58004,Allumiere,33,3831,92.1659,41.56634937650476,0.3580499946292501,8.613938919342209,Piccolo,Medio,1
4643,58005,Anguillara Sabazia,192,19018,75.2338,252.7853172377309,2.552044426840064,10.095698811652118,Medio,Medio,1
4644,58006,Anticoli Corrado,1,825,16.2155,50.87724707841264,0.0616693903980759,1.2121212121212122,Molto piccolo,Piccolo,1
4645,58007,Anzio,510,57838,43.6586,1324.779081326474,11.681547278199483,8.817732286731905,Grande,Piccolo,1
4646,58008,Arcinazzo Romano,9,1262,28.3109,44.5764705466799,0.3178987598416157,7.131537242472267,Piccolo,Piccolo,1
4647,58009,Ariccia,212,18307,18.5919,984.6761223973882,11.402815204470764,11.580269842136888,Medio,Piccolo,0
4648,58010,Arsoli,15,1402,12.1991,114.9265109721209,1.2295989048372422,10.699001426533524,Piccolo,Piccolo,1
4649,58011,Artena,146,13664,54.797,249.35671660857344,2.664379436830484,10.685011709601874,Medio,Medio,1
4650,58012,Bellegra,4,2727,18.7794,145.21230710246334,0.2129993503519814,1.466813348001467,Piccolo,Piccolo,1
4651,58013,Bracciano,221,18560,143.0603,129.73550314098318,1.5448031354610607,11.907327586206897,Medio,Grande,0
4652,58014,Camerata Nuova,2,403,40.4932,9.95228828544052,0.0493910088607469,4.962779156327543,Molto piccolo,Piccolo,1
4653,58015,Campagnano di Roma,82,10990,46.9371,234.14314050079787,1.747018882717509,7.461328480436761,Medio,Piccolo,1
4654,58016,Canale Monterano,18,4128,36.9174,111.81719189325358,0.487574964650815,4.3604651162790695,Piccolo,Piccolo,1
4655,58017,Canterano,0,349,7.373,47.3348704733487,0.0,0.0,Molto piccolo,Molto piccolo,1
4656,58018,Capena,141,10695,29.5069,362.4575946642988,4.77854332376495,13.18373071528752,Medio,Piccolo,0
4657,58019,Capranica Prenestina,1,316,20.3617,15.519332865134052,0.0491118128643482,3.1645569620253164,Molto piccolo,Piccolo,1
4658,58020,Carpineto Romano,15,4141,86.2892,47.989783194188846,0.1738340371680349,3.622313450857281,Piccolo,Medio,1
4659,58021,Casape,0,662,5.3793,123.06433922629338,0.0,0.0,Molto piccolo,Molto piccolo,1
4660,58022,Castel Gandolfo,179,8585,14.1906,604.9779431454625,12.613983904838417,20.85032032615026,Medio,Piccolo,0
4661,58023,Castel Madama,61,7133,28.8029,247.64867426543853,2.117842300601676,8.55180148605075,Medio,Piccolo,1
4662,58024,Castelnuovo di Porto,106,8423,30.5654,275.57303356082366,3.4679735910539367,12.584589813605604,Medio,Piccolo,0
4663,58025,Castel San Pietro Romano,8,839,15.2923,54.8642127083565,0.5231390961464266,9.535160905840286,Molto piccolo,Piccolo,1
4664,58026,Cave,65,10728,17.8793,600.0234908525501,3.635489085143154,6.0589112602535415,Medio,Piccolo,1
4665,58027,Cerreto Laziale,2,1080,12.0754,89.43803103830929,0.1656259834042764,1.851851851851852,Piccolo,Piccolo,1
4666,58028,Cervara di Roma,2,442,31.7432,13.92424204239018,0.063005620101313,4.524886877828055,Molto piccolo,Piccolo,1
4667,58029,Cerveteri,272,37504,134.3187,279.2165201122405,2.0250344888686382,7.252559726962458,Grande,Grande,1
4668,58030,Ciciliano,9,1259,18.8473,66.80001910087917,0.477521979275546,7.148530579825258,Piccolo,Piccolo,1
4669,58031,Cineto Romano,8,584,10.3668,56.33368059574797,0.7716942547362735,13.6986301369863,Molto piccolo,Piccolo,0
4670,58032,Civitavecchia,717,52069,73.7376,706.1390660938246,9.723668793125896,13.770189556165857,Grande,Medio,0
4671,58033,Civitella San Paolo,9,1993,20.7493,96.0514330603924,0.4337495722747273,4.515805318615153,Piccolo,Piccolo,1
4672,58034,Colleferro,217,20698,26.9893,766.8965108394808,8.040223347771153,10.484104744419753,Grande,Piccolo,1
4673,58035,Colonna,20,4224,3.5491,1190.1608858583866,5.635231467132512,4.734848484848485,Piccolo,Molto piccolo,1
4674,58036,Fiano Romano,218,15722,41.1862,381.7298027009047,5.293035045719197,13.865920366365604,Medio,Piccolo,0
4675,58037,Filacciano,3,457,5.6584,80.76488053159903,0.5301852113671709,6.564551422319474,Molto piccolo,Molto piccolo,1
4676,58038,Formello,68,13249,31.1449,425.39870091090353,2.183343019242316,5.132462827383199,Medio,Piccolo,1
4677,58039,Frascati,293,22624,22.4759,1006.589280073323,13.036185425277742,12.9508486562942,Grande,Piccolo,3
4678,58040,Gallicano nel Lazio,89,6408,25.6995,249.3433724391525,3.4631023949882294,13.888888888888888,Medio,Piccolo,0
4679,58041,Gavignano,12,1920,15.0431,127.63326707925891,0.7977079192453682,6.25,Piccolo,Piccolo,1
4680,58042,Genazzano,37,5724,32.065,178.51239669421489,1.1539061281771403,6.464011180992313,Medio,Piccolo,1
4681,58043,Genzano di Roma,231,23221,17.9002,1297.2480754404978,12.904883744315704,9.947891994315489,Grande,Piccolo,3
4682,58044,Gerano,2,1163,10.1242,114.87327393769384,0.197546472807728,1.7196904557179709,Piccolo,Piccolo,1
4683,58045,Gorga,0,698,26.1895,26.651902480001528,0.0,0.0,Molto piccolo,Piccolo,1
4684,58046,Grottaferrata,200,20337,18.396,1105.512067840835,10.87192868014786,9.834292176820574,Grande,Piccolo,1
4685,58047,Guidonia Montecelio,618,87875,79.4718,1105.7381360432253,7.77634330668237,7.0327169274537695,Grande,Medio,1
4686,58048,Jenne,2,355,31.4509,11.287435335713765,0.0635911849899367,5.633802816901409,Molto piccolo,Piccolo,1
4687,58049,Labico,73,6333,11.7531,538.8365622686781,6.211127277058819,11.526922469603663,Medio,Piccolo,0
4688,58050,Lanuvio,114,12851,43.763,293.6498868907525,2.6049402463268057,8.870904987938681,Medio,Piccolo,1
4689,58051,Licenza,0,880,17.985,48.92966360856269,0.0,0.0,Molto piccolo,Piccolo,1
4690,58052,Magliano Romano,5,1423,20.5174,69.3557663251679,0.2436955949584255,3.513703443429374,Piccolo,Piccolo,1
4691,58053,Mandela,7,921,13.7166,67.144919294869,0.5103305483866264,7.60043431053203,Molto piccolo,Piccolo,1
4692,58054,Manziana,75,7655,23.9991,318.9702947193853,3.125117191894696,9.797517962116263,Medio,Piccolo,1
4693,58055,Marano Equo,5,792,7.6536,103.48071495766698,0.6532873419044632,6.313131313131313,Molto piccolo,Molto piccolo,1
4694,58056,Marcellina,22,7095,15.356,462.0343839541548,1.4326647564469914,3.10077519379845,Medio,Piccolo,1
4695,58057,Marino,387,45321,24.1913,1873.442105219645,15.997486699763966,8.539087840074139,Grande,Piccolo,3
4696,58058,Mazzano Romano,14,2995,29.0667,103.03887266184329,0.4816508237949268,4.674457429048414,Piccolo,Piccolo,1
4697,58059,Mentana,191,22612,24.2684,931.7466334822238,7.870316955382308,8.446842384574563,Grande,Piccolo,1
4698,58060,Monte Compatri,157,11844,24.5711,482.0297015599627,6.389620326318317,13.25565687267815,Medio,Piccolo,0
4699,58061,Monteflavio,1,1214,16.8416,72.08341250237507,0.0593767813034391,0.8237232289950577,Piccolo,Piccolo,1
4700,58062,Montelanico,22,2062,35.1398,58.67990142231885,0.6260707232255164,10.66925315227934,Piccolo,Piccolo,1
4701,58063,Montelibretti,52,5107,45.4257,112.4253451240157,1.1447264434009825,10.182102995887996,Medio,Piccolo,1
4702,58064,Monte Porzio Catone,79,8557,9.125,937.7534246575342,8.657534246575343,9.23220754937478,Medio,Molto piccolo,1
4703,58065,Monterotondo,314,41258,40.9352,1007.885633879888,7.670659969903652,7.610645208202046,Grande,Piccolo,1
4704,58066,Montorio Romano,3,1992,23.3928,85.15440648404638,0.1282445880783831,1.5060240963855422,Piccolo,Piccolo,1
4705,58067,Moricone,6,2480,19.5872,126.61329848064042,0.30632249632413,2.419354838709677,Piccolo,Piccolo,1
4706,58068,Morlupo,58,8424,24.0841,349.77433244339625,2.408227834961655,6.885090218423552,Medio,Piccolo,1
4707,58069,Nazzano,32,1339,12.3969,108.01087368616348,2.5812904839113004,23.89843166542196,Piccolo,Piccolo,0
4708,58070,Nemi,16,1872,7.3249,255.5666288959576,2.1843301615039112,8.547008547008549,Piccolo,Molto piccolo,1
4709,58071,Nerola,24,1900,17.096,111.13710809546092,1.4038371548900328,12.63157894736842,Piccolo,Piccolo,0
4710,58072,Nettuno,620,48500,71.6278,677.1114008806637,8.655857083422918,12.783505154639176,Grande,Medio,0
4711,58073,Olevano Romano,31,6455,26.1597,246.75359426904745,1.185028880300615,4.802478698683191,Medio,Piccolo,1
4712,58074,Palestrina,225,21921,47.0165,466.24057511724607,4.785554007635617,10.264130286027097,Grande,Piccolo,1
4713,58075,Palombara Sabina,50,12835,75.8028,169.32092218229403,0.6596062414580991,3.895597974289053,Medio,Medio,1
4714,58076,Percile,1,217,17.7577,12.220051020120849,0.0563135991710638,4.608294930875576,Molto piccolo,Piccolo,1
4715,58077,Pisoniano,9,739,12.92,57.19814241486068,0.6965944272445821,12.178619756427604,Molto piccolo,Piccolo,0
4716,58078,Poli,8,2275,21.7449,104.62223325929298,0.3679023587139973,3.5164835164835164,Piccolo,Piccolo,1
4717,58079,Pomezia,806,63767,86.5727,736.5716906137848,9.31009429069441,12.639766650461835,Grande,Medio,0
4718,58080,Ponzano Romano,25,1117,19.5196,57.22453328961659,1.2807639500809442,22.381378692927484,Piccolo,Piccolo,0
4719,58081,Riano,87,10274,25.4484,403.7188978481948,3.4186825104918186,8.467977418726884,Medio,Piccolo,1
4720,58082,Rignano Flaminio,37,10005,38.5618,259.4536562089944,0.9594987785839874,3.698150924537731,Medio,Piccolo,1
4721,58083,Riofreddo,6,733,12.3841,59.188798540063466,0.4844922117876955,8.185538881309686,Molto piccolo,Piccolo,1
4722,58084,Rocca Canterano,0,184,15.8371,11.618288701845666,0.0,0.0,Molto piccolo,Piccolo,1
4723,58085,Rocca di Cave,0,355,11.0854,32.024103776137984,0.0,0.0,Molto piccolo,Piccolo,1
4724,58086,Rocca di Papa,105,16999,39.7161,428.0128209970264,2.643764115811976,6.17683393140773,Medio,Piccolo,1
4725,58087,Roccagiovine,1,251,8.4072,29.855362070606148,0.1189456656199448,3.98406374501992,Molto piccolo,Molto piccolo,1
4726,58088,Rocca Priora,69,11978,28.2646,423.7809839870368,2.4412162209972896,5.760561028552346,Medio,Piccolo,1
4727,58089,Rocca Santo Stefano,0,951,9.5724,99.34812586185282,0.0,0.0,Molto piccolo,Molto piccolo,1
4728,58090,Roiate,0,663,10.3501,64.05735210287824,0.0,0.0,Molto piccolo,Piccolo,1
4729,58091,Roma,59280,2770226,1287.3716,2151.8464443366624,46.04731065995242,21.398976112418264,Grande,Molto grande,2
4730,58092,Roviano,17,1258,8.5016,147.9721464194975,1.99962360026348,13.513513513513514,Piccolo,Molto piccolo,0
4731,58093,Sacrofano,11,7231,28.4283,254.35921247489296,0.3869383677532599,1.5212280459134284,Medio,Piccolo,1
4732,58094,Sambuci,3,851,8.3046,102.4733280350649,0.3612455747417094,3.5252643948296125,Molto piccolo,Molto piccolo,1
4733,58095,San Gregorio da Sassola,21,1454,35.4501,41.0153991102987,0.5923819678928973,14.442916093535077,Piccolo,Piccolo,0
4734,58096,San Polo dei Cavalieri,17,2762,42.5287,64.94437873718219,0.3997300646387028,6.154960173787111,Piccolo,Piccolo,1
4735,58097,Santa Marinella,217,18516,48.9057,378.6061747403677,4.437110602649589,11.719593864765608,Medio,Piccolo,0
4736,58098,Sant'Angelo Romano,50,4833,21.3566,226.30006648998437,2.341196632422764,10.345541071798054,Piccolo,Piccolo,1
4737,58099,Sant'Oreste,14,3504,43.8935,79.8295875243487,0.3189538314329,3.9954337899543377,Piccolo,Piccolo,1
4738,58100,San Vito Romano,5,3125,12.6619,246.8034023329832,0.3948854437327731,1.6,Piccolo,Piccolo,1
4739,58101,Saracinesco,0,171,11.1597,15.322992553563267,0.0,0.0,Molto piccolo,Piccolo,1
4740,58102,Segni,84,8985,60.8581,147.63852305609277,1.3802599818265768,9.348914858096828,Medio,Medio,1
4741,58103,Subiaco,70,8515,63.2313,134.66431972772978,1.1070466683430518,8.220786846741044,Medio,Medio,1
4742,58104,Tivoli,591,55150,68.644,803.420546588194,8.609638132975933,10.71622846781505,Grande,Medio,1
4743,58105,Tolfa,55,4828,168.2671,28.692477614459392,0.3268612818548605,11.39188069594035,Piccolo,Grande,1
4744,58106,Torrita Tiberina,5,1047,10.7793,97.13061144972308,0.4638520126538829,4.775549188156639,Piccolo,Piccolo,1
4745,58107,Trevignano Romano,35,5696,38.9862,146.10298002883073,0.8977535640816495,6.144662921348315,Medio,Piccolo,1
4746,58108,Vallepietra,4,251,52.9396,4.7412522950683424,0.075557805499097,15.93625498007968,Molto piccolo,Medio,0
4747,58109,Vallinfreda,0,290,16.7183,17.34626128254667,0.0,0.0,Molto piccolo,Piccolo,1
4748,58110,Valmontone,245,15662,40.9131,382.8113733742982,5.988302035289431,15.642957476695186,Medio,Piccolo,0
4749,58111,Velletri,829,52312,118.2667,442.3223105066768,7.009580887942253,15.847224346230313,Grande,Grande,0
4750,58112,Vicovaro,25,3676,35.9435,102.27162073810284,0.6955360496334525,6.800870511425463,Piccolo,Piccolo,1
4751,58113,Vivaro Romano,0,165,12.5375,13.160518444666002,0.0,0.0,Molto piccolo,Piccolo,1
4752,58114,Zagarolo,140,18010,28.0351,642.4089801712853,4.993739990226538,7.773459189339256,Medio,Piccolo,1
4753,58115,Lariano,98,13191,22.4985,586.3057537169144,4.355845945285242,7.429307861420665,Medio,Piccolo,1
4754,58116,Ladispoli,304,40160,25.9515,1547.5020711712232,11.714159104483365,7.569721115537849,Grande,Piccolo,1
4755,58117,Ardea,588,48667,72.0684,675.2890309761283,8.15891569675475,12.0821090266505,Grande,Medio,0
4756,58118,Ciampino,423,38675,12.9981,2975.4348712504134,32.54321785491725,10.937297996121526,Grande,Piccolo,3
4757,58119,San Cesareo,231,15714,23.6431,664.6336563310226,9.770292389745846,14.700267277586864,Medio,Piccolo,0
4758,58120,Fiumicino,1361,79995,213.8908,373.9992556949621,6.36306002876234,17.013563347709233,Grande,Grande,0
4759,58122,Fonte Nuova,242,32139,19.9404,1611.7530240115543,12.13616577400654,7.529792463984568,Grande,Piccolo,1
4760,59001,Aprilia,1326,73429,178.123,412.2376110889666,7.4442941113724785,18.05826036034809,Grande,Grande,0
4761,59002,Bassiano,5,1439,32.4003,44.413169013867154,0.1543195587695175,3.4746351633078527,Piccolo,Piccolo,1
4762,59003,Campodimele,1,587,38.3826,15.29338814983873,0.0260534721462329,1.7035775127768311,Molto piccolo,Piccolo,1
4763,59004,Castelforte,10,4172,29.7046,140.44962733044713,0.3366481959023181,2.3969319271332696,Piccolo,Piccolo,1
4764,59005,Cisterna di Latina,389,36481,144.1568,253.06471841772293,2.6984505760394235,10.663084893506207,Grande,Grande,1
4765,59006,Cori,71,10482,85.3114,122.86751829181094,0.832245163014556,6.773516504483877,Medio,Medio,1
4766,59007,Fondi,738,39237,143.913,272.64388901628064,5.128098226011549,18.808777429467085,Grande,Grande,0
4767,59008,Formia,638,37341,74.1642,503.49090261878376,8.602533297736645,17.085777027931766,Grande,Medio,0
4768,59009,Gaeta,336,19755,29.2033,676.4646461187606,11.505549030417797,17.008352315869402,Medio,Piccolo,0
4769,59010,Itri,102,10344,101.097,102.31757618920444,1.008932015786819,9.860788863109049,Medio,Grande,1
4770,59011,Latina,2070,127560,277.6174,459.4812861153516,7.456304972238772,16.227657572906868,Grande,Molto grande,0
4771,59012,Lenola,14,4075,45.2423,90.07057554545193,0.309444922119344,3.4355828220858897,Piccolo,Piccolo,1
4772,59013,Maenza,7,2996,42.1331,71.10798873095025,0.1661401605863323,2.336448598130841,Piccolo,Piccolo,1
4773,59014,Minturno,287,19971,42.1345,473.98212865941207,6.811520250625971,14.370837714686296,Medio,Piccolo,0
4774,59015,Monte San Biagio,47,6159,65.1013,94.6064057092562,0.7219517889811725,7.631108946257509,Medio,Medio,1
4775,59016,Norma,5,3708,31.2214,118.76469344744312,0.1601465661373289,1.348435814455232,Piccolo,Piccolo,1
4776,59017,Pontinia,215,14849,112.1023,132.45936970071088,1.917891069139527,14.479089500976498,Medio,Grande,0
4777,59018,Ponza,24,3301,10.1563,325.0199383633804,2.3630652895247284,7.270524083611027,Piccolo,Piccolo,1
4778,59019,Priverno,136,13763,56.9808,241.5375003509954,2.38676887653385,9.88156651892756,Medio,Medio,1
4779,59020,Prossedi,30,1167,35.3661,32.997701188426205,0.8482699534299795,25.70694087403599,Piccolo,Piccolo,0
4780,59021,Roccagorga,10,4199,24.4927,171.4388368779269,0.4082849175468609,2.3815194093831864,Piccolo,Piccolo,1
4781,59022,Rocca Massima,2,1088,18.1656,59.893424935042056,0.1100982076011802,1.838235294117647,Piccolo,Piccolo,1
4782,59023,Roccasecca dei Volsci,13,1057,23.5035,44.97202544301913,0.5531091114089391,12.298959318826869,Piccolo,Piccolo,0
4783,59024,Sabaudia,231,19938,145.3721,137.15148917845997,1.5890256796180289,11.585916340656034,Medio,Grande,0
4784,59025,San Felice Circeo,133,10129,32.6307,310.41319983941503,4.075916238389002,13.130615065653076,Medio,Piccolo,0
4785,59026,Santi Cosma e Damiano,49,6813,31.6104,215.53033178953763,1.550122744413231,7.192132687509173,Medio,Piccolo,1
4786,59027,Sermoneta,44,9977,44.9962,221.72983496384137,0.9778603526520016,4.410143329658214,Medio,Piccolo,1
4787,59028,Sezze,213,23576,100.471,234.6547760050164,2.1200147306187853,9.034611469290803,Grande,Grande,1
4788,59029,Sonnino,31,7433,63.8186,116.47074677288438,0.4857518027659647,4.17059060944437,Medio,Medio,1
4789,59030,Sperlonga,60,3116,19.4897,159.8793208720504,3.0785491823886466,19.255455712451862,Piccolo,Piccolo,0
4790,59031,Spigno Saturnia,19,2851,38.7401,73.59299537172078,0.4904478821686057,6.664328305857595,Piccolo,Piccolo,1
4791,59032,Terracina,759,44495,136.5876,325.7616357561008,5.556873391142387,17.058096415327565,Grande,Grande,0
4792,59033,Ventotene,3,736,1.7454,421.6798441617967,1.7188037126160192,4.076086956521739,Molto piccolo,Molto piccolo,1
4793,60001,Acquafondata,2,280,25.3174,11.059587477387094,0.0789970534099078,7.142857142857142,Molto piccolo,Piccolo,1
4794,60002,Acuto,12,1883,13.4662,139.83157832202104,0.8911199893065601,6.372809346787042,Piccolo,Piccolo,1
4795,60003,Alatri,362,27768,96.9573,286.394113697473,3.733602317721306,13.036588879285508,Grande,Medio,0
4796,60004,Alvito,12,2526,51.7134,48.84614045875924,0.2320481732007564,4.750593824228028,Piccolo,Medio,1
4797,60005,Amaseno,17,4102,77.7258,52.77526895831242,0.2187175944152392,4.144319843978547,Piccolo,Medio,1
4798,60006,Anagni,353,20853,112.8135,184.8448988817828,3.1290581357727576,16.928019949167986,Grande,Grande,0
4799,60007,Aquino,67,4992,19.2368,259.5026199783748,3.4829077601264244,13.421474358974358,Piccolo,Piccolo,0
4800,60008,Arce,54,5403,39.5217,136.70970631324056,1.366337986473254,9.994447529150472,Medio,Piccolo,1
4801,60009,Arnara,25,2222,12.2884,180.8209368184629,2.034438983106019,11.25112511251125,Piccolo,Piccolo,1
4802,60010,Arpino,24,6898,56.2398,122.65335225231952,0.4267440495876585,3.4792693534357784,Medio,Medio,1
4803,60011,Atina,42,4139,29.8889,138.47950242397678,1.4052039385858963,10.147378593863252,Piccolo,Piccolo,1
4804,60012,Ausonia,19,2441,19.6376,124.3023587403756,0.9675316739316414,7.783695206882426,Piccolo,Piccolo,1
4805,60013,Belmonte Castello,2,692,14.0535,49.24040274664674,0.1423133027359732,2.890173410404624,Molto piccolo,Piccolo,1
4806,60014,Boville Ernica,30,8425,28.1885,298.880749241712,1.0642637955194494,3.560830860534125,Medio,Piccolo,1
4807,60015,Broccostella,24,2688,11.7934,227.92409313683925,2.035036545864636,8.928571428571429,Piccolo,Piccolo,1
4808,60016,Campoli Appennino,8,1596,32.4273,49.21778871506415,0.2467057078449331,5.012531328320802,Piccolo,Piccolo,1
4809,60017,Casalattico,1,535,28.3769,18.853363122821733,0.0352399310706948,1.8691588785046729,Molto piccolo,Piccolo,1
4810,60018,Casalvieri,14,2383,27.2708,87.38284172081494,0.5133696114525427,5.874947545111205,Piccolo,Piccolo,1
4811,60019,Cassino,480,35418,83.4187,424.5810591629934,5.754105494331607,13.55243096730476,Grande,Medio,0
4812,60020,Castelliri,32,3256,15.3207,212.5229264981365,2.088677410301096,9.828009828009828,Piccolo,Piccolo,1
4813,60021,Castelnuovo Parano,12,875,9.8819,88.5457250123964,1.2143413715985791,13.714285714285714,Molto piccolo,Molto piccolo,0
4814,60022,Castrocielo,78,3841,27.9148,137.5972602347142,2.794216687921819,20.307211663629264,Piccolo,Piccolo,0
4815,60023,Castro dei Volsci,26,4483,58.45,76.69803250641574,0.4448246364414029,5.799687709123355,Piccolo,Medio,1
4816,60024,Ceccano,253,22610,61.061,370.2854522526654,4.143397586020537,11.189739053516144,Grande,Medio,1
4817,60025,Ceprano,108,8408,38.0302,221.0874515516616,2.8398483310632074,12.844909609895335,Medio,Piccolo,0
4818,60026,Cervaro,28,7794,39.409,197.7720825192215,0.710497602070593,3.59250705671029,Medio,Piccolo,1
4819,60027,Colfelice,21,1822,14.5176,125.50283793464484,1.4465200859646223,11.525795828759604,Piccolo,Piccolo,0
4820,60028,Collepardo,1,903,24.6784,36.590702800829874,0.0405212655601659,1.1074197120708749,Molto piccolo,Piccolo,1
4821,60029,Colle San Magno,0,650,44.9886,14.448104630950953,0.0,0.0,Molto piccolo,Piccolo,1
4822,60030,Coreno Ausonio,5,1531,26.3838,58.028032353186425,0.1895102297622025,3.265839320705421,Piccolo,Piccolo,1
4823,60031,Esperia,17,3649,108.5646,33.61132450172524,0.1565887959795366,4.658810633050151,Piccolo,Grande,1
4824,60032,Falvaterra,2,540,12.7328,42.41015330485047,0.1570746418698165,3.703703703703704,Molto piccolo,Piccolo,1
4825,60033,Ferentino,289,20247,80.9996,249.964197354061,3.567918853920266,14.273719563392108,Grande,Medio,0
4826,60034,Filettino,3,507,78.0689,6.494263400662748,0.0384275940867618,5.9171597633136095,Molto piccolo,Medio,1
4827,60035,Fiuggi,108,10119,32.9774,306.8465070017648,3.2749701310594523,10.672991402312482,Medio,Piccolo,1
4828,60036,Fontana Liri,27,2757,16.1111,171.12425594776272,1.6758632247332583,9.793253536452664,Piccolo,Piccolo,1
4829,60037,Fontechiari,10,1246,16.1479,77.16173620099208,0.6192755714365336,8.025682182985554,Piccolo,Piccolo,1
4830,60038,Frosinone,693,44491,46.8443,949.7633650198636,14.793688879970455,15.576183947315188,Grande,Piccolo,3
4831,60039,Fumone,6,2002,14.8358,134.9438520335944,0.4044271289718114,2.997002997002997,Piccolo,Piccolo,1
4832,60040,Gallinaro,6,1192,17.737,67.20414951795682,0.3382759203924001,5.033557046979865,Piccolo,Piccolo,1
4833,60041,Giuliano di Roma,19,2358,33.5444,70.29489273917554,0.566413469908539,8.057675996607294,Piccolo,Piccolo,1
4834,60042,Guarcino,15,1520,40.3728,37.64911029207784,0.3715372726191892,9.86842105263158,Piccolo,Piccolo,1
4835,60043,Isola del Liri,72,10945,16.014,683.4644685899838,4.496065942300487,6.578346276838739,Medio,Piccolo,1
4836,60044,Monte San Giovanni Campano,63,12228,48.7118,251.0274717830177,1.293321125476784,5.152109911678116,Medio,Piccolo,1
4837,60045,Morolo,22,3172,26.571,119.37826954198184,0.8279703436076925,6.935687263556116,Piccolo,Piccolo,1
4838,60046,Paliano,115,7975,70.6362,112.90244945226384,1.6280603996251213,14.420062695924765,Medio,Medio,0
4839,60047,Pastena,5,1265,42.1606,30.004316826610623,0.1185941376545874,3.952569169960474,Piccolo,Piccolo,1
4840,60048,Patrica,36,3090,27.3072,113.15696959043768,1.3183336262963614,11.650485436893204,Piccolo,Piccolo,0
4841,60049,Pescosolido,0,1445,44.8889,32.19058609143909,0.0,0.0,Piccolo,Piccolo,1
4842,60050,Picinisco,3,1096,62.1469,17.635634279425037,0.0482727215677692,2.737226277372263,Piccolo,Medio,1
4843,60051,Pico,21,2683,32.9312,81.47288893207659,0.637693129919347,7.827059262020127,Piccolo,Piccolo,1
4844,60052,Piedimonte San Germano,51,6336,17.3244,365.7269515827388,2.943824894368636,8.049242424242424,Medio,Piccolo,1
4845,60053,Piglio,26,4386,35.3812,123.9641391473438,0.7348535380371497,5.927952576379389,Piccolo,Piccolo,1
4846,60054,Pignataro Interamna,23,2403,24.4058,98.4602020831114,0.9423989379573708,9.57136912193092,Piccolo,Piccolo,1
4847,60055,Pofi,36,3951,30.6809,128.77718710989572,1.173368447470576,9.111617312072893,Piccolo,Piccolo,1
4848,60056,Pontecorvo,90,12470,88.8006,140.42697909698808,1.0135066654955034,7.217321571772254,Medio,Medio,1
4849,60057,Posta Fibreno,3,1077,9.8043,109.84975979927177,0.3059881888559101,2.785515320334262,Piccolo,Molto piccolo,1
4850,60058,Ripi,44,5093,31.6134,161.1025704289953,1.391814863317454,8.639308855291578,Medio,Piccolo,1
4851,60059,Rocca d'Arce,0,921,11.5828,79.51445246399834,0.0,0.0,Molto piccolo,Piccolo,1
4852,60060,Roccasecca,84,7016,43.3317,161.9137952122811,1.938534606304392,11.972633979475486,Medio,Piccolo,0
4853,60061,San Biagio Saracinisco,0,308,31.2138,9.867430431411748,0.0,0.0,Molto piccolo,Piccolo,1
4854,60062,San Donato Val di Comino,8,1886,37.6342,50.11399206041313,0.2125726068310207,4.241781548250265,Piccolo,Piccolo,1
4855,60063,San Giorgio a Liri,43,3005,15.7054,191.3354642352312,2.7379118010365864,14.309484193011649,Piccolo,Piccolo,0
4856,60064,San Giovanni Incarico,19,3146,24.7104,127.3148148148148,0.768907018907019,6.039415130324222,Piccolo,Piccolo,1
4857,60065,Sant'Ambrogio sul Garigliano,0,906,9.0257,100.38002592596696,0.0,0.0,Molto piccolo,Molto piccolo,1
4858,60066,Sant'Andrea del Garigliano,3,1303,17.1068,76.16854116491687,0.1753688591671148,2.3023791250959325,Piccolo,Piccolo,1
4859,60067,Sant'Apollinare,8,1834,18.0186,101.78371238608992,0.4439856592632058,4.362050163576881,Piccolo,Piccolo,1
4860,60068,Sant'Elia Fiumerapido,46,5733,41.103,139.4788701554631,1.1191397221613997,8.023722309436595,Medio,Piccolo,1
4861,60069,Santopadre,1,1225,21.5978,56.7187398716536,0.0463010121401253,0.8163265306122449,Piccolo,Piccolo,1
4862,60070,San Vittore del Lazio,13,2505,27.5042,91.07699914922084,0.4726550854051381,5.189620758483034,Piccolo,Piccolo,1
4863,60071,Serrone,9,2982,15.3938,193.71435253153865,0.5846509633748652,3.0181086519114686,Piccolo,Piccolo,1
4864,60072,Settefrati,1,711,50.677,14.030033348461828,0.0197328176490321,1.4064697609001406,Molto piccolo,Medio,1
4865,60073,Sgurgola,10,2411,19.221,125.435721346444,0.5202642942614848,4.14765657403567,Piccolo,Piccolo,1
4866,60074,Sora,248,25133,72.1249,348.4649545441311,3.4384796374067763,9.867504874069947,Grande,Medio,1
4867,60075,Strangolagalli,7,2316,10.5679,219.15423120960645,0.6623832549513149,3.0224525043177897,Piccolo,Piccolo,1
4868,60076,Supino,11,4678,35.5901,131.44104680796065,0.3090747145975988,2.35143223599829,Piccolo,Piccolo,1
4869,60077,Terelle,1,311,31.6444,9.827963241521406,0.0316011679791685,3.215434083601286,Molto piccolo,Piccolo,1
4870,60078,Torre Cajetani,11,1310,11.9926,109.2340276503844,0.9172322932475028,8.396946564885496,Piccolo,Piccolo,1
4871,60079,Torrice,25,4772,18.0598,264.2332694714227,1.3842899699885935,5.238893545683152,Piccolo,Piccolo,1
4872,60080,Trevi nel Lazio,12,1741,54.3218,32.04974798331425,0.2209057873634526,6.892590465249857,Piccolo,Medio,1
4873,60081,Trivigliano,20,1619,12.6404,128.08138982943578,1.5822284104933388,12.353304508956146,Piccolo,Piccolo,0
4874,60082,Vallecorsa,10,2454,39.2762,62.48058620742332,0.2546071157596712,4.074979625101874,Piccolo,Piccolo,1
4875,60083,Vallemaio,2,902,18.5375,48.65812542144302,0.1078894133513149,2.217294900221729,Molto piccolo,Piccolo,1
4876,60084,Vallerotonda,1,1405,59.6558,23.551775351265093,0.0167628294315054,0.7117437722419929,Piccolo,Medio,1
4877,60085,Veroli,169,19868,119.6404,166.06430603709114,1.412566323750171,8.506140527481376,Medio,Grande,1
4878,60086,Vicalvi,13,743,8.2083,90.51813408379324,1.5837627767016311,17.496635262449526,Molto piccolo,Molto piccolo,0
4879,60087,Vico nel Lazio,18,2110,45.8421,46.02755981946726,0.3926521690760239,8.530805687203792,Piccolo,Piccolo,1
4880,60088,Villa Latina,0,1146,17.0226,67.3222656938423,0.0,0.0,Piccolo,Piccolo,1
4881,60089,Villa Santa Lucia,39,2547,17.7672,143.354045657166,2.195056058354721,15.31213191990577,Piccolo,Piccolo,0
4882,60090,Villa Santo Stefano,1,1649,20.0989,82.04429098109847,0.0497539666349899,0.6064281382656156,Piccolo,Piccolo,1
4883,60091,Viticuso,0,303,20.8595,14.525755650902466,0.0,0.0,Molto piccolo,Piccolo,1
4884,61001,Ailano,4,1252,16.0556,77.97902289543836,0.2491342584518797,3.1948881789137378,Piccolo,Piccolo,1
4885,61002,Alife,69,7337,64.3172,114.0752395937634,1.0728078958661136,9.404388714733544,Medio,Medio,1
4886,61003,Alvignano,32,4576,38.1268,120.02056296358468,0.8393046361089836,6.993006993006993,Piccolo,Piccolo,1
4887,61004,Arienzo,33,5265,14.0079,375.859336517251,2.355813505236331,6.267806267806267,Medio,Piccolo,1
4888,61005,Aversa,427,50640,8.8518,5720.870331458008,48.238776294087074,8.432069510268562,Grande,Molto piccolo,3
4889,61006,Baia e Latina,5,2021,24.4328,82.71667594381323,0.2046429390000327,2.474022761009401,Piccolo,Piccolo,1
4890,61007,Bellona,7,5958,11.7783,505.8454955299152,0.5943132710153418,1.1748909029875798,Medio,Piccolo,1
4891,61008,Caianello,20,1754,15.6782,111.87508770139428,1.2756566442576316,11.402508551881414,Piccolo,Piccolo,1
4892,61009,Caiazzo,24,5210,37.0404,140.65722832366822,0.6479411669420417,4.606525911708253,Medio,Piccolo,1
4893,61010,Calvi Risorta,30,5524,15.9577,346.1651741792363,1.8799701711399512,5.430847212165098,Medio,Piccolo,1
4894,61011,Camigliano,0,1975,6.0171,328.2312077246514,0.0,0.0,Piccolo,Molto piccolo,1
4895,61012,Cancello ed Arnone,50,5443,49.3014,110.40254434965335,1.014169983002511,9.186110600771633,Medio,Piccolo,1
4896,61013,Capodrise,84,10033,3.4356,2920.305041331936,24.449877750611247,8.372371175122097,Medio,Molto piccolo,3
4897,61014,Capriati a Volturno,1,1482,18.3864,80.60305443153636,0.0543880259322107,0.6747638326585694,Piccolo,Piccolo,1
4898,61015,Capua,99,17657,48.603,363.29033187251815,2.036911301771496,5.6068414792999945,Medio,Piccolo,1
4899,61016,Carinaro,53,7126,6.3159,1128.2635887205306,8.391519815069902,7.437552624193096,Medio,Molto piccolo,1
4900,61017,Carinola,57,7318,59.2291,123.55413133071411,0.9623647835270164,7.789013391637059,Medio,Medio,1
4901,61018,Casagiove,126,12983,6.3569,2042.347685192468,19.8209819251522,9.704998844642994,Medio,Molto piccolo,3
4902,61019,Casal di Principe,151,21077,23.5127,896.4091746162712,6.422061269016319,7.16420742989989,Grande,Piccolo,1
4903,61020,Casaluce,41,9442,9.5584,987.822229661868,4.289420823568798,4.3423003600932,Medio,Molto piccolo,1
4904,61021,Casapulla,71,8317,2.9044,2863.586282881146,24.445668640683103,8.536731994709632,Medio,Molto piccolo,3
4905,61022,Caserta,640,72813,54.0685,1346.6805996097544,11.836836605417204,8.789639212777939,Grande,Medio,1
4906,61023,Castel Campagnano,4,1478,17.4785,84.56103212518236,0.2288525903252567,2.7063599458728014,Piccolo,Piccolo,1
4907,61024,Castel di Sasso,1,1064,20.3231,52.35421761443874,0.0492050917428935,0.9398496240601504,Piccolo,Piccolo,1
4908,61025,Castello del Matese,4,1403,21.7729,64.43790216278033,0.1837146177128448,2.851033499643621,Piccolo,Piccolo,1
4909,61026,Castel Morrone,12,3644,25.3439,143.7821329787444,0.4734867167247345,3.293084522502744,Piccolo,Piccolo,1
4910,61027,Castel Volturno,367,26737,73.9413,361.5976457000351,4.96339664030792,13.726296891947488,Grande,Medio,0
4911,61028,Cervino,8,4818,8.2077,587.009759128623,0.9746944941944758,1.6604400166044002,Piccolo,Molto piccolo,1
4912,61029,Cesa,30,9310,2.737,3401.53452685422,10.960906101571062,3.22234156820623,Medio,Molto piccolo,1
4913,61030,Ciorlano,3,382,28.6508,13.332961034246862,0.1047091180700015,7.853403141361256,Molto piccolo,Piccolo,1
4914,61031,Conca della Campania,18,1177,26.467,44.47047266407224,0.6800921902746817,15.293118096856414,Piccolo,Piccolo,0
4915,61032,Curti,60,6766,1.6894,4004.9721794720017,35.51556765715639,8.867868755542418,Medio,Molto piccolo,3
4916,61033,Dragoni,9,1998,25.7843,77.48901463293554,0.3490496154636736,4.504504504504505,Piccolo,Piccolo,1
4917,61034,Fontegreca,2,767,9.7113,78.98015713653167,0.2059456509427162,2.607561929595828,Molto piccolo,Molto piccolo,1
4918,61035,Formicola,0,1356,15.6781,86.49007213884335,0.0,0.0,Piccolo,Piccolo,1
4919,61036,Francolise,41,4635,40.9244,113.25761648307612,1.0018473086960349,8.845738942826321,Piccolo,Piccolo,1
4920,61037,Frignano,51,9034,9.858,916.4130655305336,5.173463177115033,5.645339827319018,Medio,Molto piccolo,1
4921,61038,Gallo Matese,0,522,31.129,16.76892929422725,0.0,0.0,Molto piccolo,Piccolo,1
4922,61039,Galluccio,3,2016,32.1131,62.77811858711865,0.0934198193260694,1.488095238095238,Piccolo,Piccolo,1
4923,61040,Giano Vetusto,0,666,10.9275,60.947151681537406,0.0,0.0,Molto piccolo,Piccolo,1
4924,61041,Gioia Sannitica,14,3316,54.4234,60.92967363303285,0.2572422891623823,4.2219541616405305,Piccolo,Medio,1
4925,61042,Grazzanise,40,6785,47.05,144.20828905419768,0.8501594048884167,5.895357406042741,Medio,Piccolo,1
4926,61043,Gricignano di Aversa,96,12589,9.9776,1261.7262668377164,9.621552277100704,7.625704980538566,Medio,Molto piccolo,1
4927,61044,Letino,2,646,31.5888,20.45028617737933,0.0633135794965304,3.095975232198142,Molto piccolo,Piccolo,1
4928,61045,Liberi,0,1061,17.5891,60.32144907925932,0.0,0.0,Piccolo,Piccolo,1
4929,61046,Lusciano,95,15579,4.5573,3418.471463366467,20.84567616790644,6.097952371782528,Medio,Molto piccolo,3
4930,61047,Macerata Campania,43,10026,7.633,1313.507140049784,5.633433774400629,4.28884899261919,Medio,Molto piccolo,1
4931,61048,Maddaloni,388,37221,36.6723,1014.9622467093692,10.580192679488333,10.424222884930549,Grande,Piccolo,1
4932,61049,Marcianise,553,38740,30.236,1281.254134144728,18.289456277285357,14.27465152297367,Grande,Piccolo,3
4933,61050,Marzano Appio,26,2032,28.304,71.791972866026,0.9185980780101752,12.79527559055118,Piccolo,Piccolo,0
4934,61051,Mignano Monte Lungo,49,2981,53.0952,56.1444349018367,0.9228706173062724,16.437437101643745,Piccolo,Medio,0
4935,61052,Mondragone,442,28915,55.7257,518.8808754309052,7.931708350007267,15.286183641708456,Grande,Medio,0
4936,61053,Orta di Atella,86,26950,10.8339,2487.5621890547263,7.938046317577235,3.1910946196660483,Grande,Piccolo,1
4937,61054,Parete,36,11875,5.6084,2117.359674773554,6.418943014050353,3.031578947368421,Medio,Molto piccolo,1
4938,61055,Pastorano,26,2949,14.0206,210.33336661769115,1.854414219077643,8.816547982366904,Piccolo,Piccolo,1
4939,61056,Piana di Monte Verna,3,2160,23.4954,91.93288899103656,0.1276845680431063,1.3888888888888888,Piccolo,Piccolo,1
4940,61057,Piedimonte Matese,75,10373,41.4291,250.37956412280255,1.8103217303779229,7.230309457244769,Medio,Piccolo,1
4941,61058,Pietramelara,9,4478,23.9339,187.0986341549016,0.3760356648937281,2.009825815096025,Piccolo,Piccolo,1
4942,61059,Pietravairano,11,2800,33.4929,83.59980772044224,0.3284278160445945,3.928571428571429,Piccolo,Piccolo,1
4943,61060,Pignataro Maggiore,37,5785,32.3783,178.6690468616326,1.1427406627278145,6.395851339671564,Medio,Piccolo,1
4944,61061,Pontelatone,2,1569,32.2451,48.6585558736056,0.0620249278184902,1.2746972594008923,Piccolo,Piccolo,1
4945,61062,Portico di Caserta,42,7750,1.9126,4052.075708459688,21.959636097458954,5.419354838709678,Medio,Molto piccolo,3
4946,61063,Prata Sannita,1,1382,21.2092,65.1604020896592,0.0471493502819531,0.723589001447178,Piccolo,Piccolo,1
4947,61064,Pratella,6,1469,33.7444,43.53314920401608,0.1778072806154502,4.084411164057181,Piccolo,Piccolo,1
4948,61065,Presenzano,4,1687,31.8895,52.90142523401119,0.1254331362987817,2.3710729104919976,Piccolo,Piccolo,1
4949,61066,Raviscanina,3,1194,24.6402,48.45739888474931,0.1217522585043952,2.512562814070352,Piccolo,Piccolo,1
4950,61067,Recale,47,7657,3.2195,2378.319614847026,14.5985401459854,6.138174219668278,Medio,Molto piccolo,1
4951,61068,Riardo,3,2232,16.4795,135.4410024575988,0.1820443581419339,1.3440860215053765,Piccolo,Piccolo,1
4952,61069,Rocca d'Evandro,2,3032,49.532,61.212953242348384,0.0403779374949527,0.6596306068601583,Piccolo,Piccolo,1
4953,61070,Roccamonfina,12,3230,31.0384,104.06464250734574,0.3866178669003557,3.7151702786377703,Piccolo,Piccolo,1
4954,61071,Roccaromana,2,841,27.712,30.34786374133949,0.0721709006928406,2.378121284185493,Molto piccolo,Piccolo,1
4955,61072,Rocchetta e Croce,0,450,13.0055,34.60074583829918,0.0,0.0,Molto piccolo,Piccolo,1
4956,61073,Ruviano,4,1733,24.1506,71.75805155979562,0.1656273550139541,2.308136180034622,Piccolo,Piccolo,1
4957,61074,San Cipriano d'Aversa,40,13196,6.1901,2131.7910857659813,6.461931148123616,3.031221582297666,Medio,Molto piccolo,1
4958,61075,San Felice a Cancello,87,16884,27.179,621.2149085691159,3.201000772655359,5.152807391613362,Medio,Piccolo,1
4959,61076,San Gregorio Matese,4,890,56.4989,15.752519075592623,0.0707978385419893,4.49438202247191,Molto piccolo,Medio,1
4960,61077,San Marcellino,45,14274,4.6099,3096.3795310093496,9.761600034707913,3.152585119798234,Medio,Molto piccolo,1
4961,61078,San Nicola la Strada,143,22160,4.7271,4687.863595015971,30.251105328848556,6.453068592057761,Grande,Molto piccolo,3
4962,61079,San Pietro Infine,6,887,13.7174,64.66239958009535,0.4374006735970373,6.764374295377677,Molto piccolo,Piccolo,1
4963,61080,San Potito Sannitico,8,1918,23.1312,82.91830946946116,0.3458532198934772,4.171011470281544,Piccolo,Piccolo,1
4964,61081,San Prisco,79,12043,7.7852,1546.9095206288855,10.147459281714022,6.559827285560076,Medio,Molto piccolo,1
4965,61082,Santa Maria a Vico,94,14074,10.8351,1298.9266365792655,8.675508301723102,6.678982520960637,Medio,Piccolo,1
4966,61083,Santa Maria Capua Vetere,280,31968,15.9201,2008.0275877664085,17.587829222178254,8.75875875875876,Grande,Piccolo,3
4967,61084,Santa Maria la Fossa,13,2553,29.7297,85.87372223735859,0.4372731645458918,5.09204857030944,Piccolo,Piccolo,1
4968,61085,San Tammaro,56,5717,36.9668,154.6522825887012,1.5148728047869982,9.795347210075214,Medio,Piccolo,1
4969,61086,Sant'Angelo d'Alife,3,2095,33.5227,62.49496609759954,0.0894915982304528,1.431980906921241,Piccolo,Piccolo,1
4970,61087,Sant'Arpino,91,14869,3.2007,4645.546286749774,28.431280657356204,6.120115676911696,Medio,Molto piccolo,3
4971,61088,Sessa Aurunca,78,20414,162.187,125.86705469612237,0.4809263381158785,3.820907220534927,Grande,Grande,1
4972,61089,Sparanise,23,7182,18.7652,382.72973376249655,1.2256730543772516,3.2024505708716235,Medio,Piccolo,1
4973,61090,Succivo,92,8575,7.2119,1189.0070577795034,12.75669379775094,10.728862973760933,Medio,Molto piccolo,3
4974,61091,Teano,74,11518,89.4301,128.79332573708405,0.8274618948206477,6.424726515019969,Medio,Medio,1
4975,61092,Teverola,92,14338,6.6991,2140.2875013061457,13.733188040184505,6.416515553075743,Medio,Molto piccolo,1
4976,61093,Tora e Piccilli,18,821,12.3939,66.2422643397155,1.4523273545857236,21.92448233861145,Molto piccolo,Piccolo,0
4977,61094,Trentola Ducenta,89,19881,6.6551,2987.3330227945485,13.373202506348514,4.476635984105427,Medio,Molto piccolo,1
4978,61095,Vairano Patenora,16,6365,43.5233,146.2435063517702,0.3676191832880319,2.5137470542026707,Medio,Piccolo,1
4979,61096,Valle Agricola,0,784,24.4196,32.105357991121885,0.0,0.0,Molto piccolo,Piccolo,1
4980,61097,Valle di Maddaloni,15,2631,10.9014,241.34514832957237,1.3759700588915185,5.701254275940707,Piccolo,Piccolo,1
4981,61098,Villa di Briano,28,7217,8.5469,844.3997238764931,3.2760416057283925,3.879728419010669,Medio,Molto piccolo,1
4982,61099,Villa Literno,159,11989,61.8249,193.9186314899013,2.5717793316285187,13.262156977229129,Medio,Medio,0
4983,61100,Vitulazio,56,7568,22.9698,329.476094698256,2.4379837874078136,7.399577167019027,Medio,Piccolo,1
4984,61101,Falciano del Massico,44,3358,46.72,71.875,0.9417808219178082,13.103037522334724,Piccolo,Piccolo,0
4985,61102,Cellole,54,7985,36.7814,217.0934222188389,1.4681333500084282,6.762680025046963,Medio,Piccolo,1
4986,61103,Casapesenna,16,6816,3.0481,2236.1471080345136,5.249171615104491,2.347417840375587,Medio,Molto piccolo,1
4987,61104,San Marco Evangelista,60,6470,5.6867,1137.7424516855117,10.550934636959925,9.27357032457496,Medio,Molto piccolo,1
4988,62001,Airola,26,8105,14.8972,544.0619713771715,1.7452944177429317,3.207896360271437,Medio,Piccolo,1
4989,62002,Amorosi,24,2645,11.2218,235.7019373006113,2.138694327113297,9.073724007561436,Piccolo,Piccolo,1
4990,62003,Apice,12,5426,49.0381,110.6486588999166,0.2447076864723551,2.21157390342794,Medio,Piccolo,1
4991,62004,Apollosa,5,2502,21.1195,118.46871374795806,0.236748029072658,1.9984012789768184,Piccolo,Piccolo,1
4992,62005,Arpaia,10,1994,4.961,401.9350937311026,2.0157226365652083,5.015045135406218,Piccolo,Molto piccolo,1
4993,62006,Arpaise,0,734,6.6568,110.26318952049031,0.0,0.0,Molto piccolo,Molto piccolo,1
4994,62007,Baselice,1,2135,47.8169,44.6494858512367,0.0209131081270429,0.468384074941452,Piccolo,Piccolo,1
4995,62008,Benevento,565,57500,130.834,439.48820642952137,4.3184493327422535,9.82608695652174,Grande,Grande,1
4996,62009,Bonea,6,1349,11.4626,117.68708669935268,0.5234414530734737,4.447739065974796,Piccolo,Piccolo,1
4997,62010,Bucciano,4,2016,7.9402,253.8978867031057,0.5037656482204479,1.984126984126984,Piccolo,Molto piccolo,1
4998,62011,Buonalbergo,2,1583,25.0788,63.121042474121566,0.0797486323109558,1.2634238787113077,Piccolo,Piccolo,1
4999,62012,Calvi,5,2525,22.3059,113.19875010647408,0.2241559408048991,1.98019801980198,Piccolo,Piccolo,1
5000,62013,Campolattaro,1,983,17.5858,55.89737174311093,0.0568640607763081,1.017293997965412,Molto piccolo,Piccolo,1
5001,62014,Campoli del Monte Taburno,2,1599,9.8038,163.10002244027825,0.2040025296313674,1.250781738586617,Piccolo,Molto piccolo,1
5002,62015,Casalduni,0,1242,23.3398,53.21382359746013,0.0,0.0,Piccolo,Piccolo,1
5003,62016,Castelfranco in Miscano,0,845,43.3975,19.47116769399159,0.0,0.0,Molto piccolo,Piccolo,1
5004,62017,Castelpagano,0,1365,38.2547,35.68189006840989,0.0,0.0,Piccolo,Piccolo,1
5005,62018,Castelpoto,0,1150,11.7795,97.6272337535549,0.0,0.0,Piccolo,Piccolo,1
5006,62019,Castelvenere,20,2545,15.4357,164.87752418095712,1.295697635999663,7.858546168958742,Piccolo,Piccolo,1
5007,62020,Castelvetere in Val Fortore,0,1056,34.573,30.54406617881005,0.0,0.0,Piccolo,Piccolo,1
5008,62021,Cautano,1,1931,19.7176,97.93281129549234,0.0507161114942995,0.5178663904712584,Piccolo,Piccolo,1
5009,62022,Ceppaloni,8,3166,23.8035,133.00565042955867,0.3360850295124666,2.526847757422615,Piccolo,Piccolo,1
5010,62023,Cerreto Sannita,24,3654,33.353,109.55536233622162,0.7195754504842142,6.568144499178982,Piccolo,Piccolo,1
5011,62024,Circello,0,2189,45.6637,47.937420752151056,0.0,0.0,Piccolo,Piccolo,1
5012,62025,Colle Sannita,0,2213,37.275,59.36955063715627,0.0,0.0,Piccolo,Piccolo,1
5013,62026,Cusano Mutri,6,3823,58.8586,64.9522754533747,0.1019392238347497,1.5694480774261053,Piccolo,Medio,1
5014,62027,Dugenta,11,2627,16.0522,163.65358019461507,0.6852643251392333,4.1872858774267225,Piccolo,Piccolo,1
5015,62028,Durazzano,6,2103,12.9049,162.9613557640896,0.4649396740772885,2.8530670470756063,Piccolo,Piccolo,1
5016,62029,Faicchio,17,3376,43.9892,76.74611040891855,0.386458494357706,5.035545023696683,Piccolo,Piccolo,1
5017,62030,Foglianise,8,3233,11.7656,274.7841164071531,0.6799483239273816,2.4744819053510674,Piccolo,Piccolo,1
5018,62031,Foiano di Val Fortore,2,1357,41.309,32.849984264930164,0.0484155995061608,1.4738393515106851,Piccolo,Piccolo,1
5019,62032,Forchia,3,1197,5.4545,219.4518287652397,0.550004583371528,2.506265664160401,Piccolo,Molto piccolo,1
5020,62033,Fragneto l'Abate,0,979,20.5738,47.58479230866442,0.0,0.0,Molto piccolo,Piccolo,1
5021,62034,Fragneto Monforte,3,1698,24.4921,69.32847734575638,0.1224884758758946,1.7667844522968197,Piccolo,Piccolo,1
5022,62035,Frasso Telesino,2,2102,21.8164,96.34953521204233,0.0916741533891934,0.9514747859181732,Piccolo,Piccolo,1
5023,62036,Ginestra degli Schiavoni,0,423,14.7871,28.60601470200377,0.0,0.0,Molto piccolo,Piccolo,1
5024,62037,Guardia Sanframondi,16,4656,21.0975,220.68965517241375,0.7583836947505629,3.436426116838488,Piccolo,Piccolo,1
5025,62038,Limatola,15,4072,18.3809,221.53431007186808,0.8160645017382173,3.6836935166994103,Piccolo,Piccolo,1
5026,62039,Melizzano,12,1739,17.5907,98.85905620583604,0.6821786512191101,6.900517538815411,Piccolo,Piccolo,1
5027,62040,Moiano,9,4026,20.2035,199.27240329645852,0.445467369515183,2.235469448584203,Piccolo,Piccolo,1
5028,62041,Molinara,0,1484,24.1636,61.4146898640931,0.0,0.0,Piccolo,Piccolo,1
5029,62042,Montefalcone di Val Fortore,1,1355,41.938,32.309599885545325,0.023844723162764,0.7380073800738007,Piccolo,Piccolo,1
5030,62043,Montesarchio,72,13098,26.5073,494.1280326551554,2.716232886789677,5.497022446174988,Medio,Piccolo,1
5031,62044,Morcone,6,4580,101.3315,45.19818615139418,0.0592115975782456,1.310043668122271,Piccolo,Grande,1
5032,62045,Paduli,12,3688,45.2987,81.41513994882855,0.264908264475581,3.2537960954446854,Piccolo,Piccolo,1
5033,62046,Pago Veiano,8,2290,23.749,96.42511263632151,0.3368562886858394,3.493449781659389,Piccolo,Piccolo,1
5034,62047,Pannarano,4,2024,11.7988,171.54286876631522,0.3390175272061566,1.976284584980237,Piccolo,Piccolo,1
5035,62048,Paolisi,6,2013,6.001,335.4440926512248,0.9998333611064822,2.980625931445604,Piccolo,Molto piccolo,1
5036,62049,Paupisi,10,1522,6.8327,222.75235265707556,1.4635502802698788,6.570302233902759,Piccolo,Molto piccolo,1
5037,62050,Pesco Sannita,4,1855,24.1537,76.79982776965848,0.1656060976165142,2.15633423180593,Piccolo,Piccolo,1
5038,62051,Pietraroja,1,507,35.813,14.156870410186244,0.0279228213218663,1.9723865877712032,Molto piccolo,Piccolo,1
5039,62052,Pietrelcina,5,2902,28.2535,102.71293822004354,0.1769692250517635,1.722949689869056,Piccolo,Piccolo,1
5040,62053,Ponte,2,2466,17.9153,137.64770894151928,0.1116364224992046,0.8110300081103001,Piccolo,Piccolo,1
5041,62054,Pontelandolfo,5,2018,29.0289,69.51692968042192,0.1722421448969819,2.4777006937561943,Piccolo,Piccolo,1
5042,62055,Puglianello,7,1297,8.7611,148.04077113604455,0.7989864286448048,5.397070161912104,Piccolo,Molto piccolo,1
5043,62056,Reino,0,1110,23.6384,46.95749289292,0.0,0.0,Piccolo,Piccolo,1
5044,62057,San Bartolomeo in Galdo,6,4457,82.6623,53.918170677564014,0.0725844792607996,1.346196993493381,Piccolo,Medio,1
5045,62058,San Giorgio del Sannio,22,9804,22.3386,438.8815771803068,0.9848423804535646,2.243982048143615,Medio,Piccolo,1
5046,62059,San Giorgio La Molara,0,2845,65.7653,43.25989541597165,0.0,0.0,Piccolo,Medio,1
5047,62060,San Leucio del Sannio,7,2920,9.959,293.202128727784,0.7028818154433176,2.397260273972603,Piccolo,Molto piccolo,1
5048,62061,San Lorenzello,28,2129,13.8833,153.349707922468,2.0168115649737453,13.151714419915454,Piccolo,Piccolo,0
5049,62062,San Lorenzo Maggiore,6,1944,16.2955,119.29673836335184,0.3681998097634316,3.08641975308642,Piccolo,Piccolo,1
5050,62063,San Lupo,0,730,15.3043,47.69901269577832,0.0,0.0,Molto piccolo,Piccolo,1
5051,62064,San Marco dei Cavoti,1,3058,49.187,62.17089881472747,0.020330575151971,0.3270111183780249,Piccolo,Piccolo,1
5052,62065,San Martino Sannita,1,1163,6.184,188.0659767141009,0.1617076326002587,0.8598452278589854,Piccolo,Molto piccolo,1
5053,62066,San Nazzaro,1,867,2.0421,424.5629499045101,0.4896919837422261,1.1534025374855823,Molto piccolo,Molto piccolo,1
5054,62067,San Nicola Manfredi,5,3577,19.2242,186.06756067872783,0.2600888463499131,1.397819401733296,Piccolo,Piccolo,1
5055,62068,San Salvatore Telesino,45,3845,18.3108,209.9853638289971,2.4575660266072483,11.703511053315996,Piccolo,Piccolo,0
5056,62069,Santa Croce del Sannio,0,874,16.241,53.81442029431685,0.0,0.0,Molto piccolo,Piccolo,1
5057,62070,Sant'Agata de' Goti,44,10426,63.3786,164.50347593667263,0.6942406427406096,4.220218684059083,Medio,Medio,1
5058,62071,Sant'Angelo a Cupolo,0,4148,11.0134,376.6321027112426,0.0,0.0,Piccolo,Piccolo,1
5059,62072,Sassinoro,0,642,13.2448,48.471853104614645,0.0,0.0,Molto piccolo,Piccolo,1
5060,62073,Solopaca,34,3536,31.1266,113.600585993973,1.092313326865125,9.615384615384617,Piccolo,Piccolo,1
5061,62074,Telese Terme,84,7665,9.9987,766.5996579555342,8.401092141978458,10.95890410958904,Medio,Molto piccolo,0
5062,62075,Tocco Caudio,1,1435,27.4911,52.19871158302141,0.036375408768656,0.6968641114982579,Piccolo,Piccolo,1
5063,62076,Torrecuso,13,3307,29.1549,113.42861748796945,0.4458941721631698,3.931055337163592,Piccolo,Piccolo,1
5064,62077,Vitulano,7,2779,35.9905,77.21482057765245,0.1944957697170086,2.5188916876574305,Piccolo,Piccolo,1
5065,62078,Sant'Arcangelo Trimonte,1,493,9.7986,50.31331006470312,0.102055395668769,2.028397565922921,Molto piccolo,Molto piccolo,1
5066,63001,Acerra,335,58334,54.7117,1066.2070452937853,6.123004768632669,5.74279151095416,Grande,Medio,1
5067,63002,Afragola,504,61861,17.9106,3453.876475383293,28.1397608120331,8.147297974491197,Grande,Piccolo,3
5068,63003,Agerola,18,7640,19.8316,385.2437523951673,0.9076423485750016,2.356020942408377,Medio,Piccolo,1
5069,63004,Anacapri,27,6940,6.4666,1073.206940277735,4.175300776296663,3.890489913544669,Medio,Molto piccolo,1
5070,63005,Arzano,187,32750,4.731,6922.426548298457,39.52652716127669,5.709923664122137,Grande,Molto piccolo,3
5071,63006,Bacoli,170,25436,13.4675,1888.695006497123,12.6229812511602,6.68344079257745,Grande,Piccolo,1
5072,63007,Barano d'Ischia,72,9845,10.9609,898.1926666605845,6.568803656634035,7.313357034027425,Medio,Piccolo,1
5073,63008,Boscoreale,196,26309,11.3981,2308.1917161632205,17.195848430878833,7.449922079896613,Grande,Piccolo,3
5074,63009,Boscotrecase,42,9810,7.5305,1302.7023438018723,5.577318903127282,4.281345565749236,Medio,Molto piccolo,1
5075,63010,Brusciano,96,15715,5.6161,2798.2051601645267,17.09371271879062,6.108813235762011,Medio,Molto piccolo,3
5076,63011,Caivano,251,35908,27.2212,1319.1189220166634,9.22075441200241,6.990085774757714,Grande,Piccolo,1
5077,63012,Calvizzano,10,12204,3.9831,3063.945168336221,2.510607315909718,0.8194034742707309,Medio,Molto piccolo,1
5078,63013,Camposano,36,5111,3.3276,1535.9418199302802,10.818608005769924,7.043631383290942,Medio,Molto piccolo,1
5079,63014,Capri,8,6937,4.0628,1707.4431426602343,1.9690853598503493,1.153236269280669,Medio,Molto piccolo,1
5080,63015,Carbonara di Nola,6,2464,3.6495,675.1609809562954,1.6440608302507191,2.435064935064935,Piccolo,Molto piccolo,1
5081,63016,Cardito,85,21598,3.1983,6752.962511334146,26.57661882875277,3.935549587924808,Grande,Molto piccolo,3
5082,63017,Casalnuovo di Napoli,176,47489,7.8354,6060.826505347525,22.46215891977436,3.706121417591442,Grande,Molto piccolo,3
5083,63018,Casamarciano,34,3112,6.3842,487.4534005826885,5.325647692741455,10.925449871465297,Piccolo,Molto piccolo,1
5084,63019,Casamicciola Terme,72,7802,5.8488,1333.948844207359,12.310217480508824,9.228402973596516,Medio,Molto piccolo,1
5085,63020,Casandrino,59,13397,3.1823,4209.848222983376,18.54004964962449,4.403971038292155,Medio,Molto piccolo,3
5086,63021,Casavatore,108,18146,1.5267,11885.766686316892,70.74081351935547,5.951724898049157,Medio,Molto piccolo,2
5087,63022,Casola di Napoli,9,3723,2.5932,1435.677926885701,3.4706154558074966,2.417405318291701,Piccolo,Molto piccolo,1
5088,63023,Casoria,601,74115,12.1384,6105.829433862782,49.51229157055296,8.109019766578966,Grande,Piccolo,3
5089,63024,Castellammare di Stabia,468,63694,17.8099,3576.325526813738,26.277519806399813,7.3476308600496125,Grande,Piccolo,3
5090,63025,Castello di Cisterna,112,7756,3.9214,1977.8650481970724,28.56122813280971,14.44043321299639,Medio,Molto piccolo,3
5091,63026,Cercola,73,17076,4.229,4037.834003310475,17.26176401040435,4.275005856172406,Medio,Molto piccolo,3
5092,63027,Cicciano,77,12334,7.3311,1682.4214647188007,10.503198701422706,6.242905788876277,Medio,Molto piccolo,1
5093,63028,Cimitile,22,6970,2.7406,2543.238706852514,8.027439246880245,3.1563845050215207,Medio,Molto piccolo,1
5094,63029,Comiziano,20,1692,2.4494,690.7814158569446,8.165264962848045,11.82033096926714,Piccolo,Molto piccolo,0
5095,63030,Crispano,24,11705,2.2191,5274.66089856248,10.815195349466,2.050405809483127,Medio,Molto piccolo,1
5096,63031,Forio,208,17410,13.0814,1330.8973045698472,15.900438790955096,11.947156806433084,Medio,Piccolo,3
5097,63032,Frattamaggiore,149,28828,5.3882,5350.209717530901,27.6530195612635,5.168586096850284,Grande,Molto piccolo,3
5098,63033,Frattaminore,34,15461,2.0417,7572.611059411274,16.65278934221482,2.19908156005433,Medio,Molto piccolo,1
5099,63034,Giugliano in Campania,888,122364,94.6321,1293.0496100160517,9.383708065233678,7.257036383249976,Grande,Medio,1
5100,63035,Gragnano,221,28293,14.6424,1932.265202425832,15.093154127738622,7.811119358145124,Grande,Piccolo,3
5101,63036,Grumo Nevano,68,17274,2.8769,6004.379714275783,23.636553234384237,3.9365520435336334,Medio,Molto piccolo,3
5102,63037,Ischia,168,19602,8.1402,2408.0489422864302,20.63831355494951,8.57055402509948,Medio,Molto piccolo,3
5103,63038,Lacco Ameno,54,4641,2.0768,2234.687981510016,26.001540832049308,11.635423400129282,Piccolo,Molto piccolo,3
5104,63039,Lettere,19,6055,12.0191,503.7814811425149,1.5808171992911284,3.137902559867878,Medio,Piccolo,1
5105,63040,Liveri,4,1516,2.7109,559.2238739901877,1.475524733483345,2.638522427440633,Piccolo,Molto piccolo,1
5106,63041,Marano di Napoli,218,57700,15.6525,3686.312090720333,13.927487621785655,3.778162911611785,Grande,Piccolo,1
5107,63042,Mariglianella,67,7738,3.2623,2371.946172945468,20.53765748091837,8.658568105453606,Medio,Molto piccolo,3
5108,63043,Marigliano,206,29182,22.5752,1292.6574293915448,9.12505758531486,7.0591460489342746,Grande,Piccolo,1
5109,63044,Massa Lubrense,128,14022,19.8362,706.8894243857189,6.452848831933535,9.128512337754955,Medio,Piccolo,1
5110,63045,Melito di Napoli,111,36216,3.7992,9532.533164876815,29.21667719519899,3.0649436713055005,Grande,Molto piccolo,3
5111,63046,Meta,114,7830,2.2511,3478.2994980231883,50.64190840033761,14.559386973180075,Medio,Molto piccolo,3
5112,63047,Monte di Procida,64,11952,3.7043,3226.520530194639,17.277218367842778,5.35475234270415,Medio,Molto piccolo,3
5113,63048,Mugnano di Napoli,223,34388,5.2636,6533.171213618056,42.36644121893761,6.484820286146331,Grande,Molto piccolo,3
5114,63049,Napoli,11219,922094,118.9441,7752.330716698011,94.32161830641452,12.166872357915787,Grande,Grande,2
5115,63050,Nola,283,33718,39.1853,860.4757396268499,7.22209604111746,8.393143128299425,Grande,Piccolo,1
5116,63051,Ottaviano,130,22981,20.0227,1147.7473068067743,6.492630863969395,5.656846960532613,Grande,Piccolo,1
5117,63052,Palma Campania,121,16618,20.6708,803.9359869961492,5.853667976082203,7.281261282946203,Medio,Piccolo,1
5118,63053,Piano di Sorrento,224,12549,7.3354,1710.7451536385202,30.536848706273688,17.850027890668578,Medio,Molto piccolo,3
5119,63054,Pimonte,23,5836,12.5394,465.4130181667384,1.8342185431519848,3.9410555174777246,Medio,Piccolo,1
5120,63055,Poggiomarino,85,21955,13.2007,1663.1693773815025,6.43905247448999,3.871555454338419,Grande,Piccolo,1
5121,63056,Pollena Trocchia,36,12968,8.0156,1617.8452018563803,4.491242077948002,2.7760641579272054,Medio,Molto piccolo,1
5122,63057,Pomigliano d'Arco,303,39673,11.7093,3388.1615468046766,25.87686710563398,7.637436039623926,Grande,Piccolo,3
5123,63058,Pompei,325,24233,12.4303,1949.5104703828547,26.14578891901241,13.411463706515908,Grande,Piccolo,3
5124,63059,Portici,371,52721,4.6013,11457.848868797948,80.62938734705409,7.037044062138427,Grande,Molto piccolo,2
5125,63060,Pozzuoli,923,77090,43.4339,1774.8809109934866,21.250682070916955,11.973018549747048,Grande,Piccolo,3
5126,63061,Procida,13,10183,4.2559,2392.6783993984823,3.054583049413756,1.2766375331434745,Medio,Molto piccolo,1
5127,63062,Qualiano,107,24804,7.4345,3336.337346156433,14.392359943506625,4.3138203515562,Grande,Molto piccolo,1
5128,63063,Quarto,240,40819,14.159,2882.901334840031,16.950349600960518,5.879614885225018,Grande,Piccolo,3
5129,63064,Ercolano,287,50617,19.8936,2544.3861342341256,14.42675031165802,5.670031807495505,Grande,Piccolo,1
5130,63065,Roccarainola,19,6601,28.3315,232.99154651183312,0.6706316291054127,2.878351764884109,Medio,Piccolo,1
5131,63066,San Gennaro Vesuviano,57,12183,7.0144,1736.8556113138686,8.126140510948906,4.678650578675204,Medio,Molto piccolo,1
5132,63067,San Giorgio a Cremano,145,43230,4.1538,10407.337859309548,34.90779527179932,3.354152209114041,Grande,Molto piccolo,3
5133,63068,San Giuseppe Vesuviano,139,30147,14.1713,2127.3277680946703,9.808556730857436,4.6107407038843,Grande,Piccolo,1
5134,63069,San Paolo Bel Sito,19,3367,2.948,1142.1302578018997,6.445047489823609,5.643005643005643,Piccolo,Molto piccolo,1
5135,63070,San Sebastiano al Vesuvio,51,8738,2.6395,3310.475468838795,19.32184125781398,5.836575875486381,Medio,Molto piccolo,3
5136,63071,Sant'Agnello,119,8685,4.1482,2093.67918615303,28.68714141073237,13.701784686240645,Medio,Molto piccolo,3
5137,63072,Sant'Anastasia,232,26411,18.7405,1409.3007123609295,12.379605666871214,8.78421869675514,Grande,Piccolo,1
5138,63073,Sant'Antimo,89,32446,5.9133,5486.953139532918,15.05081764835202,2.743019170313752,Grande,Molto piccolo,1
5139,63074,Sant'Antonio Abate,148,19247,7.9318,2426.56143624398,18.65906855946948,7.689510053514833,Medio,Molto piccolo,3
5140,63075,San Vitaliano,68,6371,5.3696,1186.494338498212,12.663885578069127,10.673363679171246,Medio,Molto piccolo,3
5141,63076,Saviano,100,15949,13.8775,1149.2704017294182,7.2059088452531075,6.269985579033168,Medio,Piccolo,1
5142,63077,Scisciano,31,6071,5.4791,1108.0286908433868,5.657863517731014,5.10624279360896,Medio,Molto piccolo,1
5143,63078,Serrara Fontana,24,3023,6.4432,469.1768065557487,3.724857213806804,7.939133311280185,Piccolo,Molto piccolo,1
5144,63079,Somma Vesuviana,213,33881,30.6664,1104.824824563692,6.945712571413664,6.286709365130899,Grande,Piccolo,1
5145,63080,Sorrento,245,15809,9.9556,1587.950500220981,24.609265137209206,15.497501423239926,Medio,Molto piccolo,3
5146,63081,Striano,41,8660,7.6518,1131.7598473561775,5.358216367390679,4.734411085450346,Medio,Molto piccolo,1
5147,63082,Terzigno,70,17482,23.4648,745.0308547270805,2.983191844805837,4.004118521908248,Medio,Piccolo,1
5148,63083,Torre Annunziata,291,40674,7.508,5417.421417155035,38.75865743207245,7.154447558636967,Grande,Molto piccolo,3
5149,63084,Torre del Greco,606,81655,30.6611,2663.1464624556847,19.764457243869263,7.421468373032882,Grande,Piccolo,3
5150,63085,Tufino,33,3401,5.207,653.1592087574419,6.337622431342424,9.703028521023228,Piccolo,Molto piccolo,1
5151,63086,Vico Equense,229,20322,29.3794,691.7091567560944,7.79457715269883,11.268575927566184,Grande,Piccolo,0
5152,63087,Villaricca,83,30710,6.8729,4468.273945496079,12.076416068908324,2.702702702702702,Grande,Molto piccolo,1
5153,63088,Visciano,5,4226,10.9036,387.5784144686159,0.458564143952456,1.183151916706105,Piccolo,Piccolo,1
5154,63089,Volla,122,24905,6.2063,4012.857902453958,19.65744485442212,4.898614735996787,Grande,Molto piccolo,3
5155,63090,Santa Maria la Carità,124,11685,3.9788,2936.8151201367245,31.165175429777825,10.611895592640137,Medio,Molto piccolo,3
5156,63091,Trecase,30,8643,6.2131,1391.0930131496357,4.828507508329175,3.471017007983339,Medio,Molto piccolo,1
5157,63092,Massa di Somma,9,5019,3.0421,1649.8471450642649,2.958482627132573,1.7931858936043037,Medio,Molto piccolo,1
5158,64001,Aiello del Sabato,4,3956,10.8723,363.8604527100982,0.3679074344894825,1.0111223458038423,Piccolo,Piccolo,1
5159,64002,Altavilla Irpina,11,4000,14.0831,284.028374434606,0.7810780296951666,2.75,Piccolo,Piccolo,1
5160,64003,Andretta,4,1700,43.6485,38.94750105960113,0.0916411789637673,2.352941176470588,Piccolo,Piccolo,1
5161,64004,Aquilonia,5,1518,56.145,27.03713598717606,0.0890551251224508,3.2938076416337285,Piccolo,Medio,1
5162,64005,Ariano Irpino,173,21422,186.7365,114.71779753824238,0.9264391267909594,8.075809915040612,Grande,Grande,1
5163,64006,Atripalda,90,10570,8.5931,1230.0566733774774,10.47351945165307,8.514664143803218,Medio,Molto piccolo,1
5164,64007,Avella,10,7553,29.389,257.0009187110824,0.3402633638436149,1.3239772275916857,Medio,Piccolo,1
5165,64008,Avellino,544,52819,30.55,1728.936170212766,17.80687397708674,10.299324106855488,Grande,Piccolo,3
5166,64009,Bagnoli Irpino,10,3030,68.8043,44.03794530283718,0.1453397534747101,3.3003300330033003,Piccolo,Medio,1
5167,64010,Baiano,15,4517,12.2951,367.3821278395458,1.219998210669291,3.320788133717069,Piccolo,Piccolo,1
5168,64011,Bisaccia,9,3604,102.1573,35.27892769288147,0.0880994309755641,2.4972253052164266,Piccolo,Grande,1
5169,64012,Bonito,8,2238,18.7774,119.18582977409012,0.4260440742594821,3.5746201966041107,Piccolo,Piccolo,1
5170,64013,Cairano,0,281,13.8104,20.34698488095928,0.0,0.0,Molto piccolo,Piccolo,1
5171,64014,Calabritto,11,2161,56.334,38.36049277523343,0.1952639613732381,5.090236001850995,Piccolo,Medio,1
5172,64015,Calitri,11,4341,101.0517,42.958208520984805,0.1088551701752667,2.533978346003225,Piccolo,Grande,1
5173,64016,Candida,2,1100,5.3488,205.65360454681425,0.3739156446305713,1.818181818181818,Piccolo,Molto piccolo,1
5174,64017,Caposele,7,3295,41.2828,79.81532260408693,0.1695621421027643,2.1244309559939305,Piccolo,Piccolo,1
5175,64018,Capriglia Irpina,8,2242,7.4879,299.4163917787364,1.0683903364094072,3.568242640499554,Piccolo,Molto piccolo,1
5176,64019,Carife,6,1306,16.7239,78.09183264669126,0.358767990719868,4.594180704441042,Piccolo,Piccolo,1
5177,64020,Casalbore,3,1626,28.0937,57.87774483247134,0.1067855070709803,1.8450184501845015,Piccolo,Piccolo,1
5178,64021,Cassano Irpino,7,920,13.0746,70.36544139017637,0.5353892279687332,7.608695652173913,Molto piccolo,Piccolo,1
5179,64022,Castel Baronia,5,1066,15.3663,69.37258806609267,0.3253873736683521,4.690431519699813,Piccolo,Piccolo,1
5180,64023,Castelfranci,9,1862,11.6888,159.29778933680103,0.7699678324549997,4.833512352309345,Piccolo,Piccolo,1
5181,64024,Castelvetere sul Calore,4,1532,17.17,89.22539312754805,0.23296447291788,2.610966057441253,Piccolo,Piccolo,1
5182,64025,Cervinara,34,8903,29.343,303.4113757966125,1.1587090617864568,3.81893743681905,Medio,Piccolo,1
5183,64026,Cesinali,19,2602,3.7261,698.3172754354418,5.099165347145809,7.302075326671791,Piccolo,Molto piccolo,1
5184,64027,Chianche,3,457,6.6074,69.16487574537639,0.4540363834488604,6.564551422319474,Molto piccolo,Molto piccolo,1
5185,64028,Chiusano di San Domenico,11,2128,24.6024,86.49562644294866,0.4471108509738887,5.169172932330826,Piccolo,Piccolo,1
5186,64029,Contrada,10,2961,10.3106,287.1801835004752,0.9698756619401392,3.377237419790611,Piccolo,Piccolo,1
5187,64030,Conza della Campania,16,1265,51.6343,24.499218542712885,0.309871538880163,12.648221343873518,Piccolo,Medio,0
5188,64031,Domicella,1,1833,6.399,286.4510079699953,0.1562744178777934,0.5455537370430987,Piccolo,Molto piccolo,1
5189,64032,Flumeri,39,2626,34.5501,76.00556872483726,1.1287955751213454,14.85148514851485,Piccolo,Piccolo,0
5190,64033,Fontanarosa,12,2880,16.7042,172.4117287867722,0.7183822032782174,4.166666666666667,Piccolo,Piccolo,1
5191,64034,Forino,15,5162,20.3896,253.1682818691882,0.7356691646721858,2.905850445563735,Medio,Piccolo,1
5192,64035,Frigento,32,3484,38.0394,91.5892469387004,0.8412330373244583,9.184845005740527,Piccolo,Piccolo,1
5193,64036,Gesualdo,14,3303,27.3349,120.83453753260484,0.5121657661085279,4.238570996064184,Piccolo,Piccolo,1
5194,64037,Greci,1,610,30.2633,20.156427091559745,0.0330433231009176,1.639344262295082,Molto piccolo,Piccolo,1
5195,64038,Grottaminarda,115,7722,29.1148,265.2259332023576,3.94988116009727,14.892514892514892,Medio,Piccolo,0
5196,64039,Grottolella,8,1833,7.1256,257.24149545301447,1.1227124733355789,4.36442989634479,Piccolo,Molto piccolo,1
5197,64040,Guardia Lombardi,15,1533,55.8729,27.43727281025327,0.2684664658537502,9.784735812133071,Piccolo,Medio,1
5198,64041,Lacedonia,8,2107,82.0825,25.669296134986144,0.097462918405263,3.796867584243,Piccolo,Medio,1
5199,64042,Lapio,2,1452,15.2465,95.23497196077788,0.1311776473288951,1.3774104683195594,Piccolo,Piccolo,1
5200,64043,Lauro,8,3303,11.2934,292.4717091398516,0.7083783448739972,2.4220405691795337,Piccolo,Piccolo,1
5201,64044,Lioni,47,6009,46.5111,129.19496636286823,1.0105114693051769,7.821600931935429,Medio,Piccolo,1
5202,64045,Luogosano,1,1094,6.0681,180.28707503172328,0.1647962294622699,0.9140767824497258,Piccolo,Molto piccolo,1
5203,64046,Manocalzati,33,3054,8.7453,349.216150389352,3.773455456073548,10.805500982318271,Piccolo,Molto piccolo,1
5204,64047,Marzano di Nola,5,1632,4.7196,345.7920162725655,1.059411814560556,3.063725490196078,Piccolo,Molto piccolo,1
5205,64048,Melito Irpino,3,1807,20.684,87.36221233803906,0.1450396441694063,1.6602102933038183,Piccolo,Piccolo,1
5206,64049,Mercogliano,82,11653,19.9169,585.0810116032114,4.117106577830888,7.036814554192054,Medio,Piccolo,1
5207,64050,Mirabella Eclano,55,6856,33.9585,201.8934876393245,1.619623952765876,8.022170361726955,Medio,Piccolo,1
5208,64051,Montaguto,3,357,18.3786,19.4247657601776,0.1632333257157781,8.403361344537815,Molto piccolo,Piccolo,1
5209,64052,Montecalvo Irpino,3,3406,54.0056,63.06753373724207,0.055549794836091,0.8807985907222549,Piccolo,Medio,1
5210,64053,Montefalcione,4,3140,15.294,205.3092716097816,0.2615404733882568,1.2738853503184713,Piccolo,Piccolo,1
5211,64054,Monteforte Irpino,53,11303,26.9575,419.2896225540202,1.966057683390522,4.689020613996284,Medio,Piccolo,1
5212,64055,Montefredane,11,2136,9.4461,226.1250674881697,1.164501752045818,5.1498127340823965,Piccolo,Molto piccolo,1
5213,64056,Montefusco,4,1232,8.2382,149.54723119127962,0.4855429584132456,3.246753246753247,Piccolo,Molto piccolo,1
5214,64057,Montella,25,7392,82.9536,89.11005670639973,0.3013732978436138,3.382034632034632,Medio,Medio,1
5215,64058,Montemarano,11,2667,34.0089,78.4206487125429,0.3234447453460712,4.1244844394450695,Piccolo,Piccolo,1
5216,64059,Montemiletto,15,5065,21.6348,234.11355778652916,0.6933274169393755,2.9615004935834155,Medio,Piccolo,1
5217,64060,Monteverde,3,734,39.566,18.55128140322499,0.0758226760349795,4.087193460490463,Molto piccolo,Piccolo,1
5218,64063,Morra De Sanctis,6,1163,30.412,38.241483624884914,0.1972905432066289,5.159071367153913,Piccolo,Piccolo,1
5219,64064,Moschiano,0,1573,13.4535,116.92124725907756,0.0,0.0,Piccolo,Piccolo,1
5220,64065,Mugnano del Cardinale,16,5132,12.2983,417.293447061789,1.3009928201458738,3.117692907248636,Medio,Piccolo,1
5221,64066,Nusco,22,3946,53.6004,73.61885359064485,0.4104446981738942,5.575266092245312,Piccolo,Medio,1
5222,64067,Ospedaletto d'Alpinolo,15,2113,5.6764,372.2429708970474,2.642519906983299,7.09891150023663,Piccolo,Molto piccolo,1
5223,64068,Pago del Vallo di Lauro,6,1699,4.6255,367.3116419846504,1.2971570641011785,3.531489111241907,Piccolo,Molto piccolo,1
5224,64069,Parolise,8,634,3.2187,196.9739335756672,2.4854755025320783,12.618296529968454,Molto piccolo,Molto piccolo,0
5225,64070,Paternopoli,6,2166,18.4254,117.55511413592107,0.3256374352795597,2.770083102493075,Piccolo,Piccolo,1
5226,64071,Petruro Irpino,0,288,3.1398,91.72558761704566,0.0,0.0,Molto piccolo,Molto piccolo,1
5227,64072,Pietradefusi,29,1974,9.2415,213.60168803765623,3.1380187199047773,14.690982776089156,Piccolo,Molto piccolo,0
5228,64073,Pietrastornina,1,1429,15.7281,90.85649251975764,0.0635804706226435,0.6997900629811056,Piccolo,Piccolo,1
5229,64074,Prata di Principato Ultra,6,2782,10.9911,253.11388305083204,0.5458962251276033,2.156721782890007,Piccolo,Piccolo,1
5230,64075,Pratola Serra,45,3664,8.8428,414.34839643551817,5.088885873252815,12.281659388646288,Piccolo,Molto piccolo,0
5231,64076,Quadrelle,1,1833,6.9311,264.4601866947526,0.1442772431504378,0.5455537370430987,Piccolo,Molto piccolo,1
5232,64077,Quindici,1,1888,23.9082,78.96872202842539,0.0418266536167507,0.5296610169491526,Piccolo,Piccolo,1
5233,64078,Roccabascerana,15,2299,12.4554,184.5785763604541,1.2042969314514187,6.524575902566332,Piccolo,Piccolo,1
5234,64079,Rocca San Felice,7,804,14.4116,55.78839268367149,0.4857198367981348,8.706467661691542,Molto piccolo,Piccolo,1
5235,64080,Rotondi,13,3449,7.8084,441.7038061574714,1.6648737257312638,3.7692084662220937,Piccolo,Molto piccolo,1
5236,64081,Salza Irpina,4,728,4.9594,146.79195063919025,0.8065491793362101,5.494505494505495,Molto piccolo,Molto piccolo,1
5237,64082,San Mango sul Calore,2,1094,14.5865,75.00085695677511,0.1371130840160422,1.828153564899452,Piccolo,Piccolo,1
5238,64083,San Martino Valle Caudina,24,4753,22.9153,207.41600589998825,1.0473351865347609,5.04944245739533,Piccolo,Piccolo,1
5239,64084,San Michele di Serino,12,2436,4.4659,545.466759219866,2.687028370541212,4.926108374384237,Piccolo,Molto piccolo,1
5240,64085,San Nicola Baronia,1,761,6.8989,110.3074403165722,0.1449506443056139,1.314060446780552,Molto piccolo,Molto piccolo,1
5241,64086,San Potito Ultra,7,1479,4.5378,325.92886420732515,1.5425977345850412,4.732927653820148,Piccolo,Molto piccolo,1
5242,64087,San Sossio Baronia,2,1529,19.1929,79.66487607396485,0.1042052008815759,1.3080444735120995,Piccolo,Piccolo,1
5243,64088,Santa Lucia di Serino,0,1406,3.9333,357.46065644624105,0.0,0.0,Piccolo,Molto piccolo,1
5244,64089,Sant'Andrea di Conza,3,1351,7.0432,191.81621990004544,0.4259427532939573,2.2205773501110286,Piccolo,Molto piccolo,1
5245,64090,Sant'Angelo all'Esca,0,729,5.4602,133.51159298194204,0.0,0.0,Molto piccolo,Molto piccolo,1
5246,64091,Sant'Angelo a Scala,1,709,10.7449,65.98479278541448,0.0930674087241388,1.4104372355430184,Molto piccolo,Piccolo,1
5247,64092,Sant'Angelo dei Lombardi,45,3946,55.1046,71.60926673998178,0.8166287387985758,11.403953370501776,Piccolo,Medio,1
5248,64093,Santa Paolina,2,1201,8.4343,142.39474526635286,0.2371269696358915,1.6652789342214822,Piccolo,Molto piccolo,1
5249,64095,Santo Stefano del Sole,7,2071,10.7802,192.1114636092095,0.6493386022522772,3.380009657170449,Piccolo,Piccolo,1
5250,64096,Savignano Irpino,2,1048,38.4722,27.240448947551737,0.0519855895945643,1.9083969465648851,Piccolo,Piccolo,1
5251,64097,Scampitella,2,1087,15.1053,71.96149695802136,0.1324038582484293,1.8399264029438824,Piccolo,Piccolo,1
5252,64098,Senerchia,0,762,32.025,23.793911007025763,0.0,0.0,Molto piccolo,Piccolo,1
5253,64099,Serino,35,6789,52.4994,129.31576360872694,0.6666742858013616,5.155398438650758,Medio,Medio,1
5254,64100,Sirignano,2,2795,6.1867,451.77558310569447,0.3232741202903001,0.7155635062611807,Piccolo,Molto piccolo,1
5255,64101,Solofra,60,12124,22.2135,545.7942242330115,2.7010601661152003,4.948861761794787,Medio,Piccolo,1
5256,64102,Sorbo Serpico,2,554,8.1034,68.36636473578992,0.2468099809956314,3.6101083032490977,Molto piccolo,Molto piccolo,1
5257,64103,Sperone,19,3650,4.6968,777.1248509623574,4.045307443365696,5.205479452054795,Piccolo,Molto piccolo,1
5258,64104,Sturno,8,2859,16.6733,171.47175424181174,0.4798090360036705,2.798181182231549,Piccolo,Piccolo,1
5259,64105,Summonte,3,1491,12.3678,120.55498956968904,0.2425653713675835,2.012072434607646,Piccolo,Piccolo,1
5260,64106,Taurano,1,1476,9.7662,151.13350125944586,0.1023939710429849,0.6775067750677507,Piccolo,Molto piccolo,1
5261,64107,Taurasi,8,2193,14.4115,152.1701419005655,0.5551122367553689,3.64797081623347,Piccolo,Piccolo,1
5262,64108,Teora,7,1450,23.2061,62.48357113000461,0.3016448261448498,4.827586206896552,Piccolo,Piccolo,1
5263,64109,Torella dei Lombardi,7,1973,26.5685,74.26087283813538,0.263469898564089,3.5478966041561075,Piccolo,Piccolo,1
5264,64110,Torre Le Nocelle,5,1211,10.0416,120.59831102613128,0.4979286169534735,4.128819157720892,Piccolo,Piccolo,1
5265,64111,Torrioni,1,460,4.2199,109.00732244839924,0.2369724401052157,2.1739130434782608,Molto piccolo,Molto piccolo,1
5266,64112,Trevico,4,880,11.0025,79.98182231311065,0.3635537377868666,4.545454545454545,Molto piccolo,Piccolo,1
5267,64113,Tufo,1,796,5.9641,133.4652336479938,0.1676698915175802,1.256281407035176,Molto piccolo,Molto piccolo,1
5268,64114,Vallata,12,2570,47.9136,53.63821545448474,0.2504508114606291,4.669260700389105,Piccolo,Piccolo,1
5269,64115,Vallesaccarda,7,1246,14.1237,88.22050879018954,0.4956208358999412,5.617977528089887,Piccolo,Piccolo,1
5270,64116,Venticano,26,2336,14.1566,165.0113727872512,1.836599183419748,11.13013698630137,Piccolo,Piccolo,1
5271,64117,Villamaina,2,924,9.0366,102.25084655733352,0.2213221786955271,2.1645021645021645,Molto piccolo,Molto piccolo,1
5272,64118,Villanova del Battista,1,1496,19.9992,74.80299211968479,0.0500020000800032,0.6684491978609626,Piccolo,Piccolo,1
5273,64119,Volturara Irpina,11,3062,32.4183,94.45282448493596,0.3393145229700508,3.5924232527759634,Piccolo,Piccolo,1
5274,64120,Zungoli,0,1003,19.2142,52.20097636123283,0.0,0.0,Piccolo,Piccolo,1
5275,64121,Montoro,130,19305,40.1409,480.93092083137145,3.238592059470515,6.7340067340067336,Medio,Piccolo,1
5276,65001,Acerno,3,2533,72.4968,34.93947319054083,0.0413811368225907,1.1843663639952626,Piccolo,Medio,1
5277,65002,Agropoli,287,21214,32.7665,647.4295393160697,8.758945874597531,13.528801734703498,Grande,Piccolo,0
5278,65003,Albanella,50,6287,40.2302,156.27563372789595,1.242847413137394,7.95291872117067,Medio,Piccolo,1
5279,65004,Alfano,0,977,4.8222,202.6046202977894,0.0,0.0,Molto piccolo,Molto piccolo,1
5280,65005,Altavilla Silentina,63,6907,52.4817,131.607779473607,1.200418431567575,9.121181410163604,Medio,Medio,1
5281,65006,Amalfi,54,4921,5.7001,863.3181874002211,9.473518008455992,10.973379394432026,Piccolo,Molto piccolo,0
5282,65007,Angri,200,33889,13.7655,2461.879336021213,14.52907631397334,5.9016199946885415,Grande,Piccolo,1
5283,65008,Aquara,7,1358,32.7339,41.48604352063152,0.2138455851578944,5.154639175257732,Piccolo,Piccolo,1
5284,65009,Ascea,73,5757,37.4528,153.71347402597402,1.94911995898838,12.680215389960049,Medio,Piccolo,0
5285,65010,Atena Lucana,61,2392,26.0072,91.9745301301178,2.3455043218800946,25.50167224080268,Piccolo,Piccolo,0
5286,65011,Atrani,1,808,0.1206,6699.8341625207295,8.291873963515755,1.2376237623762376,Molto piccolo,Molto piccolo,1
5287,65012,Auletta,23,2165,35.6828,60.67348974856233,0.6445682513704082,10.623556581986142,Piccolo,Piccolo,1
5288,65013,Baronissi,207,16912,17.9298,943.2341688139298,11.545025599839374,12.239829706717124,Medio,Piccolo,0
5289,65014,Battipaglia,744,49805,56.8494,876.0866429548948,13.087209363687217,14.938259210922595,Grande,Medio,0
5290,65015,Bellosguardo,3,734,16.7467,43.82953059408719,0.1791397708205198,4.087193460490463,Molto piccolo,Piccolo,1
5291,65016,Bracigliano,8,5327,14.4087,369.7071907944506,0.5552201100723868,1.5017833677492023,Medio,Piccolo,1
5292,65017,Buccino,38,4697,65.9179,71.25530394627256,0.5764746753158095,8.090270385352353,Piccolo,Medio,1
5293,65018,Buonabitacolo,7,2425,15.5398,156.05091442618308,0.4504562478281574,2.88659793814433,Piccolo,Piccolo,1
5294,65019,Caggiano,6,2577,35.4297,72.73558624543816,0.1693494441104497,2.328288707799767,Piccolo,Piccolo,1
5295,65020,Calvanico,3,1388,14.9092,93.09687977892844,0.2012180398680009,2.161383285302594,Piccolo,Piccolo,1
5296,65021,Camerota,18,6859,70.5768,97.18491062218746,0.2550413166933043,2.62428925499344,Medio,Medio,1
5297,65022,Campagna,178,16423,136.3035,120.48846874805122,1.305909239307868,10.838458259757656,Medio,Grande,1
5298,65023,Campora,3,359,29.153,12.314341577196172,0.1029053613693273,8.356545961002785,Molto piccolo,Piccolo,1
5299,65024,Cannalonga,1,990,17.7503,55.77370523315099,0.0563370759930818,1.0101010101010102,Molto piccolo,Piccolo,1
5300,65025,Capaccio Paestum,578,22276,113.0263,197.0868727013093,5.1138540322031245,25.94720775722751,Grande,Grande,0
5301,65026,Casalbuono,20,1077,34.8232,30.92765742378644,0.5743297571733786,18.570102135561743,Piccolo,Piccolo,0
5302,65027,Casaletto Spartano,2,1294,86.5703,14.94738957818097,0.02310261140368,1.5455950540958268,Piccolo,Medio,1
5303,65028,Casal Velino,84,5341,31.7096,168.4347957716275,2.649040038348008,15.727391874180864,Medio,Piccolo,0
5304,65029,Caselle in Pittari,12,1855,45.5545,40.72045571787639,0.2634207377975831,6.46900269541779,Piccolo,Piccolo,1
5305,65030,Castelcivita,2,1507,57.634,26.14776000277614,0.0347017385571017,1.3271400132714002,Piccolo,Medio,1
5306,65031,Castellabate,73,8624,37.4332,230.38372353953176,1.9501405169742367,8.464749536178108,Medio,Piccolo,1
5307,65032,Castelnuovo Cilento,48,2799,18.0593,154.9893960452509,2.657910328750284,17.14898177920686,Piccolo,Piccolo,0
5308,65033,Castelnuovo di Conza,1,596,14.0638,42.37830458339851,0.0711045378916082,1.6778523489932886,Molto piccolo,Piccolo,1
5309,65034,Castel San Giorgio,129,13606,13.5851,1001.5384502138372,9.495697492105322,9.481111274437747,Medio,Piccolo,1
5310,65035,Castel San Lorenzo,10,2263,14.2937,158.3214982824601,0.6996089186144945,4.4189129474149365,Piccolo,Piccolo,1
5311,65036,Castiglione del Genovesi,3,1301,10.4074,125.00720641082306,0.288256432922728,2.3059185242121445,Piccolo,Piccolo,1
5312,65037,Cava de' Tirreni,380,51257,36.5311,1403.1058467990288,10.402095748553972,7.413621554129191,Grande,Piccolo,1
5313,65038,Celle di Bulgheria,15,1774,31.6166,56.10976512338456,0.4744343161503767,8.455467869222096,Piccolo,Piccolo,1
5314,65039,Centola,19,4969,47.7508,104.06108379336054,0.3978990927900684,3.8237069832964377,Piccolo,Piccolo,1
5315,65040,Ceraso,12,2242,46.4579,48.258746090546495,0.2582983733659937,5.35236396074933,Piccolo,Piccolo,1
5316,65041,Cetara,20,1993,4.9681,401.15939695255736,4.025683863046235,10.035122930255897,Piccolo,Molto piccolo,1
5317,65042,Cicerale,3,1174,41.3734,28.375719665292195,0.0725103568959766,2.555366269165247,Piccolo,Piccolo,1
5318,65043,Colliano,11,3436,55.158,62.293774248522425,0.1994271003299612,3.20139697322468,Piccolo,Medio,1
5319,65044,Conca dei Marini,10,671,1.1281,594.8054250509706,8.864462370357238,14.903129657228018,Molto piccolo,Molto piccolo,0
5320,65045,Controne,3,805,7.7461,103.92326461057824,0.3872916693561921,3.7267080745341614,Molto piccolo,Molto piccolo,1
5321,65046,Contursi Terme,26,3244,28.9342,112.11645734113957,0.8985905952125858,8.014796547472256,Piccolo,Piccolo,1
5322,65047,Corbara,13,2490,6.7318,369.8862117115779,1.9311328322291212,5.220883534136546,Piccolo,Molto piccolo,1
5323,65048,Corleto Monforte,4,528,58.9663,8.954267098325655,0.0678353568054973,7.575757575757576,Molto piccolo,Medio,1
5324,65049,Cuccaro Vetere,7,555,17.6631,31.42143791293714,0.3963064241271351,12.612612612612612,Molto piccolo,Piccolo,0
5325,65050,Eboli,676,37908,137.5727,275.5488552598008,4.913765594482045,17.83264746227709,Grande,Grande,0
5326,65051,Felitto,0,1163,41.5341,28.0010882624157,0.0,0.0,Piccolo,Piccolo,1
5327,65052,Fisciano,164,13756,31.6874,434.1157684126814,5.175558739435864,11.9220703692934,Medio,Piccolo,0
5328,65053,Furore,13,719,1.8817,382.1012913854493,6.908646436732742,18.080667593880392,Molto piccolo,Molto piccolo,0
5329,65054,Futani,1,1094,14.8506,73.66705722327717,0.067337346639193,0.9140767824497258,Piccolo,Piccolo,1
5330,65055,Giffoni Sei Casali,28,4931,35.075,140.58446186742694,0.7982893799002138,5.678361387142568,Piccolo,Piccolo,1
5331,65056,Giffoni Valle Piana,61,11560,88.6125,130.45563549160673,0.6883904640993088,5.27681660899654,Medio,Medio,1
5332,65057,Gioi,0,1148,27.9883,41.017139304638015,0.0,0.0,Piccolo,Piccolo,1
5333,65058,Giungano,7,1296,11.7006,110.76355058714938,0.5982599182947883,5.401234567901234,Piccolo,Piccolo,1
5334,65059,Ispani,23,1000,8.343,119.86096128490952,2.7568021095529187,23.0,Piccolo,Molto piccolo,0
5335,65060,Laureana Cilento,20,1182,13.7442,85.99991269044398,1.4551592671817932,16.920473773265652,Piccolo,Piccolo,0
5336,65061,Laurino,3,1339,70.4538,19.00536237931808,0.0425810956967544,2.2404779686333085,Piccolo,Medio,1
5337,65062,Laurito,0,729,20.222,36.0498467016121,0.0,0.0,Molto piccolo,Piccolo,1
5338,65063,Laviano,3,1360,55.6766,24.426778934058472,0.0538826005898348,2.2058823529411766,Piccolo,Medio,1
5339,65064,Lustra,10,1001,15.2415,65.6759505298035,0.6561034018961388,9.99000999000999,Piccolo,Piccolo,1
5340,65065,Magliano Vetere,0,619,23.2957,26.571427344960657,0.0,0.0,Molto piccolo,Piccolo,1
5341,65066,Maiori,131,5420,16.6714,325.1076694218842,7.857768393776168,24.16974169741697,Medio,Piccolo,0
5342,65067,Mercato San Severino,251,21740,30.3331,716.7088098479878,8.274788926947789,11.54553817847286,Grande,Piccolo,0
5343,65068,Minori,31,2606,2.6624,978.8161057692308,11.643629807692308,11.895625479662318,Piccolo,Molto piccolo,0
5344,65069,Moio della Civitella,7,1816,17.1887,105.6508054710362,0.4072442942165492,3.854625550660793,Piccolo,Piccolo,1
5345,65070,Montano Antilia,3,1762,33.4423,52.68776370046318,0.0897067486387,1.70261066969353,Piccolo,Piccolo,1
5346,65071,Montecorice,16,2533,22.251,113.83758033346815,0.7190688058963641,6.316620607974733,Piccolo,Piccolo,1
5347,65072,Montecorvino Pugliano,109,10937,28.8816,378.6840064262368,3.7740291396598526,9.966169882051751,Medio,Piccolo,1
5348,65073,Montecorvino Rovella,83,12279,42.1614,291.23795699383794,1.9686253302784065,6.759508103265738,Medio,Piccolo,1
5349,65074,Monteforte Cilento,1,538,22.1659,24.271516157701694,0.0451143423005607,1.858736059479554,Molto piccolo,Piccolo,1
5350,65075,Monte San Giacomo,3,1438,51.6911,27.819102321289357,0.0580370702113129,2.086230876216968,Piccolo,Medio,1
5351,65076,Montesano sulla Marcellana,39,6295,110.2217,57.11216575320468,0.3538323215845881,6.19539316918189,Medio,Grande,1
5352,65077,Morigerati,3,614,21.1938,28.970736724891243,0.1415508309033774,4.885993485342019,Molto piccolo,Piccolo,1
5353,65078,Nocera Inferiore,428,44377,20.9447,2118.769903603298,20.4347639259574,9.64463573472745,Grande,Piccolo,3
5354,65079,Nocera Superiore,234,23917,14.6625,1631.1679454390453,15.959079283887467,9.783835765355189,Grande,Piccolo,3
5355,65080,Novi Velia,7,2267,34.7132,65.30656925895624,0.2016523973589297,3.0877812086457874,Piccolo,Piccolo,1
5356,65081,Ogliastro Cilento,11,2267,13.2426,171.18994759337292,0.8306525908809449,4.852227613586237,Piccolo,Piccolo,1
5357,65082,Olevano sul Tusciano,47,6483,26.7239,242.59183726926085,1.7587253357481505,7.249730063242326,Medio,Piccolo,1
5358,65083,Oliveto Citra,12,3655,31.6214,115.58628017734824,0.3794898391595565,3.283173734610123,Piccolo,Piccolo,1
5359,65084,Omignano,10,1637,10.1008,162.0663709805164,0.9900205924283224,6.108735491753207,Piccolo,Piccolo,1
5360,65085,Orria,6,991,26.5503,37.3253786209572,0.2259861470491858,6.054490413723511,Molto piccolo,Piccolo,1
5361,65086,Ottati,1,646,53.6115,12.049653525829346,0.0186527144362683,1.547987616099071,Molto piccolo,Medio,1
5362,65087,Padula,65,4972,67.1141,74.0827933325486,0.968499912835008,13.073209975864843,Piccolo,Medio,0
5363,65088,Pagani,286,34474,11.9763,2878.5184071875287,23.880497315531507,8.296107211231652,Grande,Piccolo,3
5364,65089,Palomonte,8,3787,28.298,133.82571206445687,0.2827054915541734,2.112490097702667,Piccolo,Piccolo,1
5365,65090,Pellezzano,78,10959,14.0374,780.7001296536396,5.556584552694943,7.117437722419928,Medio,Piccolo,1
5366,65091,Perdifumo,14,1710,23.8138,71.80710344422141,0.5878944141632163,8.187134502923977,Piccolo,Piccolo,1
5367,65092,Perito,2,856,23.9994,35.66755835562555,0.0833354167187513,2.336448598130841,Molto piccolo,Piccolo,1
5368,65093,Pertosa,3,656,6.1585,106.51944466996834,0.4871316067224162,4.573170731707317,Molto piccolo,Molto piccolo,1
5369,65094,Petina,9,1011,35.4697,28.503201323946914,0.2537376972458182,8.902077151335313,Piccolo,Piccolo,1
5370,65095,Piaggine,6,1183,62.7654,18.847964005646425,0.0955940693439379,5.07185122569738,Piccolo,Medio,1
5371,65096,Pisciotta,20,2453,31.238,78.52615404315257,0.6402458544080927,8.153281695882592,Piccolo,Piccolo,1
5372,65097,Polla,70,5177,48.0811,107.67224543531658,1.455873513709129,13.521344407958278,Medio,Piccolo,0
5373,65098,Pollica,19,2204,28.1653,78.25231756807135,0.6745889445523393,8.620689655172413,Piccolo,Piccolo,1
5374,65099,Pontecagnano Faiano,411,25797,37.1891,693.6709949958455,11.051625341834033,15.932085126177462,Grande,Piccolo,0
5375,65100,Positano,35,3782,8.6531,437.06879615397946,4.04479319550219,9.254362771020624,Piccolo,Molto piccolo,1
5376,65101,Postiglione,24,2002,48.2433,41.4979903945211,0.4974784063279253,11.988011988011989,Piccolo,Piccolo,0
5377,65102,Praiano,14,1994,2.6706,746.6486931775631,5.242267655208567,7.021063189568706,Piccolo,Molto piccolo,1
5378,65103,Prignano Cilento,16,1049,12.0409,87.11973357473278,1.3288043252580786,15.252621544327932,Piccolo,Piccolo,0
5379,65104,Ravello,48,2403,7.935,302.83553875236294,6.049149338374291,19.975031210986263,Piccolo,Molto piccolo,0
5380,65105,Ricigliano,1,1069,27.9286,38.27617567654662,0.0358055899687059,0.9354536950420954,Piccolo,Piccolo,1
5381,65106,Roccadaspide,51,6910,64.1579,107.7030264394564,0.7949137986124858,7.380607814761216,Medio,Medio,1
5382,65107,Roccagloriosa,11,1595,40.5575,39.32688158786908,0.2712198730197867,6.896551724137931,Piccolo,Piccolo,1
5383,65108,Roccapiemonte,63,8731,5.3133,1643.2349010972466,11.857037998983683,7.215668308326652,Medio,Molto piccolo,1
5384,65109,Rofrano,2,1312,63.5882,20.6327589080993,0.0314523763842977,1.524390243902439,Piccolo,Medio,1
5385,65110,Romagnano al Monte,1,385,9.67,39.81385729058945,0.1034126163391933,2.5974025974025974,Molto piccolo,Molto piccolo,1
5386,65111,Roscigno,2,657,15.1813,43.27692621843979,0.1317410234960115,3.0441400304414,Molto piccolo,Piccolo,1
5387,65112,Rutino,7,779,9.6883,80.40626322471435,0.7225209789127092,8.985879332477536,Molto piccolo,Molto piccolo,1
5388,65113,Sacco,0,451,23.657,19.064124783362217,0.0,0.0,Molto piccolo,Piccolo,1
5389,65114,Sala Consilina,178,11900,59.6928,199.35402594617776,2.981934169615096,14.95798319327731,Medio,Medio,0
5390,65115,Salento,8,1834,23.7851,77.1070964595482,0.3363450227243106,4.362050163576881,Piccolo,Piccolo,1
5391,65116,Salerno,2537,129206,59.8517,2158.769090936431,42.38810259357712,19.63531105366624,Grande,Medio,3
5392,65117,Salvitelle,2,500,9.5976,52.096357422689,0.208385429690756,4.0,Molto piccolo,Molto piccolo,1
5393,65118,San Cipriano Picentino,79,6532,17.3872,375.67866016379867,4.5435722830588015,12.094304960195958,Medio,Piccolo,0
5394,65119,San Giovanni a Piro,7,3636,37.9015,95.93287864596388,0.1846892603195124,1.9251925192519248,Piccolo,Piccolo,1
5395,65120,San Gregorio Magno,15,4004,50.0525,79.99600419559462,0.2996853304030767,3.746253746253746,Piccolo,Medio,1
5396,65121,San Mango Piemonte,21,2637,6.0237,437.77080531899,3.4862293938941185,7.963594994311717,Piccolo,Molto piccolo,1
5397,65122,San Marzano sul Sarno,55,10357,5.1894,1995.7991289937177,10.598527768142752,5.310418074732065,Medio,Molto piccolo,1
5398,65123,San Mauro Cilento,7,862,15.2807,56.41102829058878,0.4580941972553614,8.120649651972158,Molto piccolo,Piccolo,1
5399,65124,San Mauro la Bruca,1,548,19.0544,28.759761524897137,0.0524813166512721,1.8248175182481752,Molto piccolo,Piccolo,1
5400,65125,San Pietro al Tanagro,30,1663,15.5134,107.19764848453596,1.9338120592520012,18.039687312086592,Piccolo,Piccolo,0
5401,65126,San Rufo,7,1619,31.9585,50.65944897288672,0.2190340597962983,4.323656578134651,Piccolo,Piccolo,1
5402,65127,Santa Marina,36,3141,28.3605,110.75263130057652,1.2693711323848311,11.461318051575931,Piccolo,Piccolo,1
5403,65128,Sant'Angelo a Fasanella,2,531,32.6091,16.283798080903797,0.0613325728094305,3.766478342749529,Molto piccolo,Piccolo,1
5404,65129,Sant'Arsenio,14,2713,20.1435,134.68364484821407,0.6950132797180232,5.160339107998526,Piccolo,Piccolo,1
5405,65130,Sant'Egidio del Monte Albino,121,8806,7.2451,1215.4421609087522,16.700942706104815,13.740631387690213,Medio,Molto piccolo,3
5406,65131,Santomenna,0,405,8.9193,45.407150785375535,0.0,0.0,Molto piccolo,Molto piccolo,1
5407,65132,San Valentino Torio,57,10893,9.1563,1189.6726843812455,6.225221978310016,5.232718259432663,Medio,Molto piccolo,1
5408,65133,Sanza,16,2368,128.7442,18.39306159034737,0.1242774431780227,6.756756756756757,Piccolo,Grande,1
5409,65134,Sapri,44,6418,14.2001,451.9686481081119,3.0985697283821945,6.855718292302898,Medio,Piccolo,1
5410,65135,Sarno,203,30590,40.0006,764.7385289220662,5.074923876141858,6.636155606407322,Grande,Piccolo,1
5411,65136,Sassano,46,4641,47.7559,97.18170948511074,0.9632317682213088,9.9116569704805,Piccolo,Piccolo,1
5412,65137,Scafati,457,48612,19.8723,2446.2191090110355,22.99683479013501,9.40097095367399,Grande,Piccolo,3
5413,65138,Scala,1,1488,13.8627,107.33839728191478,0.0721360196787061,0.6720430107526882,Piccolo,Piccolo,1
5414,65139,Serramezzana,1,289,7.2296,39.97454907602081,0.138320239017373,3.460207612456748,Molto piccolo,Molto piccolo,1
5415,65140,Serre,37,3749,67.033,55.92767741261766,0.5519669416556024,9.869298479594558,Piccolo,Medio,1
5416,65141,Sessa Cilento,2,1210,18.0424,67.06424865871503,0.110849997783,1.6528925619834711,Piccolo,Piccolo,1
5417,65142,Siano,23,9464,8.5692,1104.4204826588243,2.684031181440508,2.430262045646661,Medio,Molto piccolo,1
5418,65143,Sicignano degli Alburni,57,3137,81.1133,38.674298789471024,0.7027207621931298,18.170226330889385,Piccolo,Medio,0
5419,65144,Stella Cilento,3,690,14.5173,47.52949928705751,0.20664999690025,4.3478260869565215,Molto piccolo,Piccolo,1
5420,65145,Stio,0,793,24.28,32.66062602965403,0.0,0.0,Molto piccolo,Piccolo,1
5421,65146,Teggiano,37,7221,61.8655,116.72095109552174,0.5980716231178929,5.123944052070351,Medio,Medio,1
5422,65147,Torchiara,7,1805,8.4617,213.31410945791035,0.8272569341858018,3.878116343490305,Piccolo,Molto piccolo,1
5423,65148,Torraca,2,1204,16.0132,75.18796992481202,0.1248969600079934,1.6611295681063123,Piccolo,Piccolo,1
5424,65149,Torre Orsaia,10,1987,21.0329,94.47104298503773,0.4754456113992839,5.032712632108707,Piccolo,Piccolo,1
5425,65150,Tortorella,0,480,34.2173,14.027991688414923,0.0,0.0,Molto piccolo,Piccolo,1
5426,65151,Tramonti,19,4022,24.826,162.00757270603398,0.7653266736485942,4.724017901541521,Piccolo,Piccolo,1
5427,65152,Trentinara,9,1548,23.4361,66.05194550287804,0.3840229389702211,5.813953488372093,Piccolo,Piccolo,1
5428,65153,Valle dell'Angelo,0,224,36.6021,6.119867439299931,0.0,0.0,Molto piccolo,Piccolo,1
5429,65154,Vallo della Lucania,91,8089,25.3214,319.45311080745927,3.593798131224972,11.249845469155645,Medio,Piccolo,1
5430,65155,Valva,5,1535,26.785,57.30819488519694,0.1866716445771887,3.257328990228013,Piccolo,Piccolo,1
5431,65156,Vibonati,33,3182,20.5428,154.89611932161148,1.6064022431216778,10.3708359522313,Piccolo,Piccolo,1
5432,65157,Vietri sul Mare,186,7306,9.5175,767.638560546362,19.54294720252167,25.458527237886667,Medio,Molto piccolo,3
5433,65158,Bellizzi,194,13366,8.022,1666.1680378957865,24.18349538768387,14.514439622923836,Medio,Molto piccolo,3
5434,66001,Acciano,1,300,32.2232,9.31006231535043,0.0310335410511681,3.333333333333333,Molto piccolo,Piccolo,1
5435,66002,Aielli,21,1437,37.5166,38.30304451895961,0.5597522163522282,14.613778705636742,Piccolo,Piccolo,0
5436,66003,Alfedena,17,917,39.95,22.953692115143927,0.4255319148936169,18.538713195201744,Molto piccolo,Piccolo,0
5437,66004,Anversa degli Abruzzi,16,318,32.4329,9.80485864662118,0.4933262212136442,50.31446540880504,Molto piccolo,Piccolo,0
5438,66005,Ateleta,6,1092,41.9252,26.046387375611808,0.1431120185473176,5.494505494505495,Piccolo,Piccolo,1
5439,66006,Avezzano,476,41283,104.0845,396.629661476973,4.573207345954489,11.530169803551098,Grande,Grande,0
5440,66007,Balsorano,9,3297,58.842,56.03140613847252,0.1529519730804527,2.72975432211101,Piccolo,Medio,1
5441,66008,Barete,1,623,24.5883,25.33725389717874,0.0406697494336737,1.6051364365971108,Molto piccolo,Piccolo,1
5442,66009,Barisciano,24,1678,78.4864,21.37950014269988,0.3057854609206181,14.302741358760429,Piccolo,Medio,0
5443,66010,Barrea,7,720,87.1069,8.265705701844515,0.0803610276568216,9.722222222222223,Molto piccolo,Medio,1
5444,66011,Bisegna,0,208,46.5929,4.46419948103681,0.0,0.0,Molto piccolo,Piccolo,1
5445,66012,Bugnara,6,1058,25.121,42.11615779626607,0.2388439950638907,5.671077504725898,Piccolo,Piccolo,1
5446,66013,Cagnano Amiterno,1,1190,61.3144,19.408165129235545,0.0163093824615424,0.8403361344537815,Piccolo,Medio,1
5447,66014,Calascio,2,128,39.4433,3.245164578014517,0.0507056965314768,15.625,Molto piccolo,Piccolo,0
5448,66015,Campo di Giove,3,780,28.904,26.98588430667036,0.1037918627179629,3.8461538461538463,Molto piccolo,Piccolo,1
5449,66016,Campotosto,1,464,51.7245,8.97060387243956,0.0193331980009473,2.155172413793103,Molto piccolo,Medio,1
5450,66017,Canistro,5,936,15.903,58.8568194680249,0.3144060869018424,5.3418803418803416,Molto piccolo,Piccolo,1
5451,66018,Cansano,5,221,37.6995,5.862146712821125,0.1326277536837358,22.62443438914027,Molto piccolo,Piccolo,0
5452,66019,Capestrano,8,858,43.6574,19.653025603906784,0.1832449939758208,9.324009324009324,Molto piccolo,Piccolo,1
5453,66020,Capistrello,21,4889,60.9626,80.19671077020993,0.3444734968652911,4.295356923706279,Piccolo,Medio,1
5454,66021,Capitignano,1,629,30.6391,20.529323642012983,0.0326380344070158,1.589825119236884,Molto piccolo,Piccolo,1
5455,66022,Caporciano,0,202,18.6151,10.8514055793415,0.0,0.0,Molto piccolo,Piccolo,1
5456,66023,Cappadocia,0,555,68.5707,8.093835997007467,0.0,0.0,Molto piccolo,Medio,1
5457,66024,Carapelle Calvisio,1,83,14.7863,5.613304207272948,0.0676301711719632,12.048192771084338,Molto piccolo,Piccolo,0
5458,66025,Carsoli,93,5130,95.7935,53.55269407632042,0.9708383136642884,18.128654970760238,Medio,Medio,0
5459,66026,Castel del Monte,1,450,58.0313,7.754435968175795,0.0172320799292795,2.2222222222222223,Molto piccolo,Medio,1
5460,66027,Castel di Ieri,0,298,18.8838,15.780722100424702,0.0,0.0,Molto piccolo,Piccolo,1
5461,66028,Castel di Sangro,68,6533,84.4298,77.37789263980254,0.805402831701603,10.408694321138832,Medio,Medio,1
5462,66029,Castellafiume,0,1050,24.1005,43.56756083898674,0.0,0.0,Piccolo,Piccolo,1
5463,66030,Castelvecchio Calvisio,1,128,15.3194,8.35541861952818,0.0652767079650639,7.8125,Molto piccolo,Piccolo,1
5464,66031,Castelvecchio Subequo,4,850,19.2942,44.05469001046946,0.2073161882845622,4.705882352941176,Molto piccolo,Piccolo,1
5465,66032,Celano,56,10431,82.7991,125.97963021337188,0.6763358538921317,5.368612788802608,Medio,Medio,1
5466,66033,Cerchio,11,1570,20.1647,77.8588325142452,0.5455077437303804,7.006369426751593,Piccolo,Piccolo,1
5467,66034,Civita d'Antino,6,944,28.3454,33.30346370134131,0.2116745574237795,6.355932203389831,Molto piccolo,Piccolo,1
5468,66035,Civitella Alfedena,3,285,29.4906,9.664096356127036,0.1017273300644951,10.526315789473683,Molto piccolo,Piccolo,1
5469,66036,Civitella Roveto,10,3068,45.4518,67.50007700465109,0.2200132888026436,3.259452411994785,Piccolo,Piccolo,1
5470,66037,Cocullo,4,217,31.6044,6.866132563820228,0.1265646555542899,18.433179723502302,Molto piccolo,Piccolo,0
5471,66038,Collarmele,7,843,23.9435,35.20788522981185,0.29235491887151,8.30367734282325,Molto piccolo,Piccolo,1
5472,66039,Collelongo,3,1120,54.0194,20.733292113574013,0.0555356038756446,2.6785714285714284,Piccolo,Medio,1
5473,66040,Collepietro,2,217,15.2092,14.267680088367568,0.1314993556531573,9.216589861751151,Molto piccolo,Piccolo,1
5474,66041,Corfinio,7,984,17.9499,54.81924690388247,0.389974317405668,7.113821138211382,Molto piccolo,Piccolo,1
5475,66042,Fagnano Alto,2,381,24.6437,15.460340776750243,0.0811566444973766,5.2493438320209975,Molto piccolo,Piccolo,1
5476,66043,Fontecchio,2,293,16.8595,17.378925828168093,0.1186274800557549,6.825938566552901,Molto piccolo,Piccolo,1
5477,66044,Fossa,0,695,8.7066,79.82450095329979,0.0,0.0,Molto piccolo,Molto piccolo,1
5478,66045,Gagliano Aterno,0,244,32.149,7.589660642632741,0.0,0.0,Molto piccolo,Piccolo,1
5479,66046,Gioia dei Marsi,7,1738,58.4035,29.758490501425428,0.1198558305581001,4.027617951668585,Piccolo,Medio,1
5480,66047,Goriano Sicoli,3,525,20.2376,25.941811281970192,0.1482389216112582,5.714285714285714,Molto piccolo,Piccolo,1
5481,66048,Introdacqua,15,1981,37.1068,53.38644129916889,0.4042385762178361,7.571933366986371,Piccolo,Piccolo,1
5482,66049,L'Aquila,822,69349,473.9064,146.33480366587156,1.7345197279462778,11.853090888116627,Grande,Molto grande,0
5483,66050,Lecce nei Marsi,0,1569,66.4694,23.604846741508126,0.0,0.0,Piccolo,Medio,1
5484,66051,Luco dei Marsi,40,6047,44.8647,134.783025407503,0.8915695413097603,6.61485033901108,Medio,Piccolo,1
5485,66052,Lucoli,9,873,103.4425,8.43947120380888,0.0870048577712255,10.309278350515465,Molto piccolo,Grande,1
5486,66053,Magliano de' Marsi,38,3530,70.9185,49.77544646319367,0.5358263358644078,10.76487252124646,Piccolo,Medio,1
5487,66054,Massa d'Albe,6,1385,68.5331,20.20921277455711,0.0875489362074676,4.332129963898917,Piccolo,Medio,1
5488,66055,Molina Aterno,1,362,12.2078,29.653172561804745,0.0819148413309523,2.7624309392265194,Molto piccolo,Piccolo,1
5489,66056,Montereale,9,2262,104.4084,21.664923511901343,0.0861999609226843,3.9787798408488064,Piccolo,Grande,1
5490,66057,Morino,3,1328,51.2701,25.90203646959924,0.0585136366030103,2.2590361445783134,Piccolo,Medio,1
5491,66058,Navelli,8,518,42.0036,12.33227628108067,0.1904598653448752,15.444015444015443,Molto piccolo,Piccolo,0
5492,66059,Ocre,3,1125,23.6036,47.66222101713298,0.1270992560456879,2.6666666666666665,Piccolo,Piccolo,1
5493,66060,Ofena,4,454,36.8978,12.304256622346047,0.1084075473334453,8.81057268722467,Molto piccolo,Piccolo,1
5494,66061,Opi,10,375,49.9042,7.514397585774343,0.2003839356206491,26.666666666666668,Molto piccolo,Piccolo,0
5495,66062,Oricola,27,1256,18.3576,68.41852965529263,1.470780494182246,21.4968152866242,Piccolo,Piccolo,0
5496,66063,Ortona dei Marsi,10,437,57.1661,7.64439064410551,0.1749288476912016,22.88329519450801,Molto piccolo,Medio,0
5497,66064,Ortucchio,16,1766,38.9993,45.28286405140605,0.4102637739651738,9.060022650056624,Piccolo,Piccolo,1
5498,66065,Ovindoli,8,1171,61.3767,19.07890127686891,0.1303426218744246,6.831767719897523,Piccolo,Medio,1
5499,66066,Pacentro,10,1101,72.5874,15.167921705419948,0.1377649564524972,9.082652134423252,Piccolo,Medio,1
5500,66067,Pereto,1,647,41.1547,15.721169149574656,0.0242985612821864,1.5455950540958268,Molto piccolo,Piccolo,1
5501,66068,Pescasseroli,7,2081,91.1585,22.82837036590115,0.0767893284773224,3.363767419509851,Piccolo,Medio,1
5502,66069,Pescina,24,3851,48.7943,78.92315290925374,0.491860729634404,6.2321474941573625,Piccolo,Piccolo,1
5503,66070,Pescocostanzo,7,1106,55.0623,20.086338565588434,0.1271287250986609,6.329113924050633,Piccolo,Medio,1
5504,66071,Pettorano sul Gizio,27,1343,62.8484,21.36888130803648,0.4296052087244862,20.104244229337304,Piccolo,Medio,0
5505,66072,Pizzoli,22,4259,56.4355,75.46668320472044,0.3898255530650034,5.165531814980042,Piccolo,Medio,1
5506,66073,Poggio Picenze,12,1055,11.4565,92.08746126652991,1.047440317723563,11.374407582938389,Piccolo,Piccolo,1
5507,66074,Prata d'Ansidonia,1,441,19.6544,22.43772386844676,0.0508791924454575,2.2675736961451247,Molto piccolo,Piccolo,1
5508,66075,Pratola Peligna,56,7187,28.6736,250.64868031917865,1.9530160147313207,7.791846389314039,Medio,Piccolo,1
5509,66076,Prezza,6,920,21.5962,42.6000870523518,0.2778266546892509,6.521739130434782,Molto piccolo,Piccolo,1
5510,66077,Raiano,26,2658,28.9925,91.6788824696042,0.8967836509442098,9.781790820165538,Piccolo,Piccolo,1
5511,66078,Rivisondoli,11,673,32.0009,21.030658512729328,0.343740332303154,16.34472511144131,Molto piccolo,Piccolo,0
5512,66079,Roccacasale,11,611,17.3068,35.30404234173851,0.6355883236646868,18.00327332242226,Molto piccolo,Piccolo,0
5513,66080,Rocca di Botte,4,848,31.1067,27.261008078645435,0.1285896607483275,4.716981132075471,Molto piccolo,Piccolo,1
5514,66081,Rocca di Cambio,3,486,27.6186,17.596836914253437,0.1086224500879841,6.172839506172839,Molto piccolo,Piccolo,1
5515,66082,Rocca di Mezzo,6,1387,90.5452,15.318316155908873,0.0662652465288055,4.325883201153569,Piccolo,Medio,1
5516,66083,Rocca Pia,13,181,44.961,4.02571117190454,0.2891394764351326,71.8232044198895,Molto piccolo,Piccolo,0
5517,66084,Roccaraso,28,1548,49.91,31.015828491284317,0.5610098176718092,18.08785529715762,Piccolo,Piccolo,0
5518,66085,San Benedetto dei Marsi,35,3761,16.7609,224.39129163708392,2.0881933547721183,9.30603562882212,Piccolo,Piccolo,1
5519,66086,San Benedetto in Perillis,2,97,19.0984,5.078959493989025,0.104720814309052,20.61855670103093,Molto piccolo,Piccolo,0
5520,66087,San Demetrio ne' Vestini,11,1880,16.4918,113.99604652008875,0.6669981445324342,5.8510638297872335,Piccolo,Piccolo,1
5521,66088,San Pio delle Camere,5,671,17.2122,38.9839764817978,0.2904916280312801,7.451564828614009,Molto piccolo,Piccolo,1
5522,66089,Sante Marie,33,1111,40.8133,27.22151847559497,0.8085599547206426,29.7029702970297,Piccolo,Piccolo,0
5523,66090,Sant'Eusanio Forconese,0,362,7.9441,45.56840925970217,0.0,0.0,Molto piccolo,Molto piccolo,1
5524,66091,Santo Stefano di Sessanio,1,116,33.6988,3.4422590715396395,0.0296746471684451,8.620689655172413,Molto piccolo,Piccolo,1
5525,66092,San Vincenzo Valle Roveto,4,2120,46.0389,46.04801591697456,0.086883048899952,1.8867924528301887,Piccolo,Piccolo,1
5526,66093,Scanno,4,1717,134.6765,12.749069065501406,0.0297008015503818,2.3296447291788005,Piccolo,Grande,1
5527,66094,Scontrone,4,542,21.3541,25.38154265457219,0.1873176579673224,7.380073800738007,Molto piccolo,Piccolo,1
5528,66095,Scoppito,21,3802,53.0036,71.73097676384246,0.3961995034299557,5.523408732246186,Piccolo,Medio,1
5529,66096,Scurcola Marsicana,55,2702,30.3815,88.93570100225466,1.81031219656699,20.355292376017765,Piccolo,Piccolo,0
5530,66097,Secinaro,1,329,33.341,9.86773042200294,0.029993101586635,3.0395136778115504,Molto piccolo,Piccolo,1
5531,66098,Sulmona,259,22643,57.9278,390.8831338321152,4.471082968799092,11.438413637768846,Grande,Medio,0
5532,66099,Tagliacozzo,53,6443,87.4574,73.67015255427214,0.6060093256831326,8.22598168555021,Medio,Medio,1
5533,66100,Tione degli Abruzzi,1,275,39.6548,6.9348477359613465,0.0252176281307685,3.636363636363636,Molto piccolo,Piccolo,1
5534,66101,Tornimparte,30,2865,65.9607,43.43495445014986,0.45481627696492,10.471204188481677,Piccolo,Medio,1
5535,66102,Trasacco,26,5978,51.443,116.20628656960132,0.5054137589176371,4.349280695884911,Medio,Medio,1
5536,66103,Villalago,7,509,33.1994,15.331602378356235,0.2108471839852527,13.7524557956778,Molto piccolo,Piccolo,0
5537,66104,Villa Santa Lucia degli Abruzzi,0,92,26.9897,3.408707766296032,0.0,0.0,Molto piccolo,Piccolo,1
5538,66105,Villa Sant'Angelo,0,474,5.2153,90.88643031081624,0.0,0.0,Molto piccolo,Molto piccolo,1
5539,66106,Villavallelonga,0,854,73.7329,11.582346550861285,0.0,0.0,Molto piccolo,Medio,1
5540,66107,Villetta Barrea,4,601,20.5246,29.28193484891301,0.1948880855168919,6.655574043261232,Molto piccolo,Piccolo,1
5541,66108,Vittorito,1,836,14.1945,58.8960512874705,0.0704498221141991,1.1961722488038278,Molto piccolo,Piccolo,1
5542,67001,Alba Adriatica,256,12631,9.5964,1316.222750197991,26.67667041807345,20.26759559813158,Medio,Molto piccolo,3
5543,67002,Ancarano,45,1886,13.9192,135.496292890396,3.232944422093224,23.86002120890774,Piccolo,Piccolo,0
5544,67003,Arsita,1,787,34.136,23.054839465666745,0.0292945863604405,1.2706480304955527,Molto piccolo,Piccolo,1
5545,67004,Atri,75,10179,92.1814,110.42357785844,0.8136131584028883,7.368110816386679,Medio,Medio,1
5546,67005,Basciano,19,2345,18.8534,124.38074830004136,1.0077757857999088,8.10234541577825,Piccolo,Piccolo,1
5547,67006,Bellante,46,6852,50.044,136.9195108304692,0.9191911118215972,6.713368359603035,Medio,Medio,1
5548,67007,Bisenti,2,1707,30.8746,55.28816567664035,0.0647781671665381,1.1716461628588166,Piccolo,Piccolo,1
5549,67008,Campli,38,6714,73.4239,91.4416150599464,0.5175426530053565,5.659815311289842,Medio,Medio,1
5550,67009,Canzano,18,1768,16.7371,105.63359243835548,1.075455126634841,10.180995475113123,Piccolo,Piccolo,1
5551,67010,Castel Castagna,5,463,18.159,25.496998733410432,0.2753455586761386,10.79913606911447,Molto piccolo,Piccolo,1
5552,67011,Castellalto,57,7426,34.1757,217.28889240015567,1.667851719203996,7.6757339078911935,Medio,Piccolo,1
5553,67012,Castelli,2,990,49.6808,19.927215342748102,0.0402570006924204,2.0202020202020203,Molto piccolo,Piccolo,1
5554,67013,Castiglione Messer Raimondo,10,2082,30.6851,67.85052028508952,0.3258910676517267,4.803073967339097,Piccolo,Piccolo,1
5555,67014,Castilenti,9,1379,23.7942,57.955300031100016,0.3782434374763598,6.5264684554024655,Piccolo,Piccolo,1
5556,67015,Cellino Attanasio,11,2320,43.9394,52.79999271724238,0.2503447930558906,4.741379310344827,Piccolo,Piccolo,1
5557,67016,Cermignano,1,1493,26.3628,56.63283111050419,0.0379322378503042,0.6697923643670461,Piccolo,Piccolo,1
5558,67017,Civitella del Tronto,21,4649,77.7369,59.80428856823465,0.2701419789057706,4.517100451710045,Piccolo,Medio,1
5559,67018,Colledara,31,2106,18.0131,116.91491192520998,1.7209697386901754,14.719848053181387,Piccolo,Piccolo,0
5560,67019,Colonnella,49,3649,21.6331,168.6767037548941,2.2650475428856707,13.428336530556315,Piccolo,Piccolo,0
5561,67020,Controguerra,27,2272,22.8145,99.5857897389818,1.1834578886234632,11.883802816901408,Piccolo,Piccolo,0
5562,67021,Corropoli,49,5145,22.1135,232.66330522079275,2.215841002102788,9.523809523809526,Medio,Piccolo,1
5563,67022,Cortino,2,596,62.9429,9.468899589945808,0.0317748308387443,3.355704697986577,Molto piccolo,Medio,1
5564,67023,Crognaleto,4,1146,124.3022,9.219466751191854,0.0321796396202158,3.4904013961605584,Piccolo,Grande,1
5565,67024,Fano Adriano,9,261,35.7722,7.296168533106715,0.2515920183829901,34.48275862068965,Molto piccolo,Piccolo,0
5566,67025,Giulianova,444,23464,28.0024,837.9281775847784,15.85578378996086,18.92260484145925,Grande,Piccolo,3
5567,67026,Isola del Gran Sasso d'Italia,31,4465,84.045,53.126301386162176,0.3688500208221786,6.942889137737962,Piccolo,Medio,1
5568,67027,Montefino,8,965,18.5937,51.89929922500632,0.4302532578238866,8.290155440414507,Molto piccolo,Piccolo,1
5569,67028,Montorio al Vomano,57,7657,53.5649,142.94808727356906,1.0641296819372388,7.444168734491315,Medio,Medio,1
5570,67029,Morro d'Oro,32,3583,28.7269,124.72630182859967,1.1139385036324838,8.931063354730673,Piccolo,Piccolo,1
5571,67030,Mosciano Sant'Angelo,120,9101,48.4475,187.85283038340472,2.476907993188503,13.185364245687284,Medio,Piccolo,0
5572,67031,Nereto,41,5296,7.0112,755.3628480146052,5.84778639890461,7.741691842900302,Medio,Molto piccolo,1
5573,67032,Notaresco,70,6433,38.1502,168.62296921117058,1.834852766171606,10.88139281828074,Medio,Piccolo,1
5574,67033,Penna Sant'Andrea,12,1668,11.0982,150.2946423744391,1.0812564199599934,7.194244604316547,Piccolo,Piccolo,1
5575,67034,Pietracamela,2,227,44.4851,5.102832184259448,0.0449588738701273,8.81057268722467,Molto piccolo,Piccolo,1
5576,67035,Pineto,199,14582,38.1092,382.63726344294815,5.221836197033787,13.646962007955011,Medio,Piccolo,0
5577,67036,Rocca Santa Maria,3,483,61.7982,7.815761624124974,0.0485451032554346,6.211180124223602,Molto piccolo,Medio,1
5578,67037,Roseto degli Abruzzi,354,25429,53.2664,477.3928780619678,6.645840529864981,13.921113689095128,Grande,Medio,0
5579,67038,Sant'Egidio alla Vibrata,93,9834,18.3618,535.5684083259812,5.064862921935759,9.45698596705308,Medio,Piccolo,1
5580,67039,Sant'Omero,83,5185,34.2024,151.59754871003204,2.426730287933011,16.00771456123433,Medio,Piccolo,0
5581,67040,Silvi,216,15251,20.6259,739.4101590718465,10.472270300932324,14.163005704543965,Medio,Piccolo,0
5582,67041,Teramo,618,52476,152.8396,343.34033849866137,4.043454706764478,11.776812257031786,Grande,Grande,0
5583,67042,Torano Nuovo,6,1523,10.2171,149.0638243728651,0.5872507854479255,3.939592908732764,Piccolo,Piccolo,1
5584,67043,Torricella Sicura,16,2497,54.3803,45.91736345698718,0.2942241951589087,6.407689227072487,Piccolo,Medio,1
5585,67044,Tortoreto,176,11810,22.9731,514.0795103838838,7.661134109023163,14.902624894157494,Medio,Piccolo,0
5586,67045,Tossicia,6,1253,27.1359,46.17499327459196,0.2211093053851171,4.788507581803671,Piccolo,Piccolo,1
5587,67046,Valle Castellana,9,878,131.7532,6.663974764939296,0.0683095363148675,10.250569476082005,Molto piccolo,Grande,1
5588,67047,Martinsicuro,288,16198,14.6579,1105.0696211599206,19.648107846280844,17.77997283615261,Medio,Piccolo,3
5589,68001,Abbateggio,2,365,15.4014,23.699144233641096,0.1298583245678964,5.47945205479452,Molto piccolo,Piccolo,1
5590,68002,Alanno,15,3424,32.5275,105.26477595880408,0.4611482591653216,4.380841121495327,Piccolo,Piccolo,1
5591,68003,Bolognano,6,1041,16.9583,61.3858700459362,0.3538090492561164,5.763688760806916,Piccolo,Piccolo,1
5592,68004,Brittoli,1,264,15.9862,16.51424353504898,0.0625539527842764,3.787878787878788,Molto piccolo,Piccolo,1
5593,68005,Bussi sul Tirino,10,2317,25.9116,89.41941061146359,0.385927538245419,4.315925766076823,Piccolo,Piccolo,1
5594,68006,Cappelle sul Tavo,38,3956,5.4127,730.8736859607959,7.020525800432316,9.605662285136502,Piccolo,Molto piccolo,1
5595,68007,Caramanico Terme,1,1823,84.9893,21.44975896965853,0.0117661870376623,0.5485463521667581,Piccolo,Medio,1
5596,68008,Carpineto della Nora,0,573,24.0819,23.793803645061228,0.0,0.0,Molto piccolo,Piccolo,1
5597,68009,Castiglione a Casauria,10,748,16.5745,45.12956650276026,0.6033364505716613,13.368983957219251,Molto piccolo,Piccolo,0
5598,68010,Catignano,14,1242,17.0253,72.95025638314743,0.8223056275072979,11.272141706924316,Piccolo,Piccolo,1
5599,68011,Cepagatti,132,10920,30.8178,354.3406732472792,4.2832389073846935,12.087912087912088,Medio,Piccolo,0
5600,68012,Città Sant'Angelo,241,14799,62.0216,238.6104195957537,3.885743031460008,16.284884113791474,Medio,Medio,0
5601,68013,Civitaquana,8,1190,21.8798,54.38806570443971,0.3656340551558972,6.722689075630252,Piccolo,Piccolo,1
5602,68014,Civitella Casanova,4,1650,31.0959,53.06165764618487,0.1286343215665087,2.4242424242424243,Piccolo,Piccolo,1
5603,68015,Collecorvino,33,5990,31.9847,187.27704183562767,1.0317433022663962,5.509181969949917,Medio,Piccolo,1
5604,68016,Corvara,0,218,13.7324,15.874865282106551,0.0,0.0,Molto piccolo,Piccolo,1
5605,68017,Cugnoli,1,1366,15.9615,85.58092911067256,0.0626507533753093,0.7320644216691069,Piccolo,Piccolo,1
5606,68018,Elice,12,1644,14.3097,114.88710455145812,0.8385920040252417,7.299270072992701,Piccolo,Piccolo,1
5607,68019,Farindola,8,1363,45.4721,29.974423877498516,0.1759320550403434,5.86940572267058,Piccolo,Piccolo,1
5608,68020,Lettomanoppello,9,2767,15.0704,183.6049474466504,0.5971971546873341,3.2526201662450305,Piccolo,Piccolo,1
5609,68021,Loreto Aprutino,57,7164,59.4993,120.40477787133632,0.9579944638004144,7.956448911222781,Medio,Medio,1
5610,68022,Manoppello,56,6784,39.2626,172.78529694925962,1.4262937248170016,8.254716981132075,Medio,Piccolo,1
5611,68023,Montebello di Bertona,0,914,21.5012,42.50925529737875,0.0,0.0,Molto piccolo,Piccolo,1
5612,68024,Montesilvano,789,53344,23.5815,2262.112249008757,33.4584313974938,14.790791841631671,Grande,Piccolo,3
5613,68025,Moscufo,21,3088,20.2564,152.44564680792243,1.0367093856756384,6.800518134715026,Piccolo,Piccolo,1
5614,68026,Nocciano,6,1750,13.7621,127.16082574607071,0.4359799739865282,3.4285714285714284,Piccolo,Piccolo,1
5615,68027,Penne,100,11470,91.1943,125.77540482245053,1.0965597630553665,8.718395815170009,Medio,Medio,1
5616,68028,Pescara,2147,118766,34.3332,3459.2173173488054,62.534223433877415,18.07756428607514,Grande,Piccolo,2
5617,68029,Pescosansonesco,0,482,18.3464,26.272184188723674,0.0,0.0,Molto piccolo,Piccolo,1
5618,68030,Pianella,43,8494,47.0484,180.53748905382545,0.9139524404655632,5.06239698610784,Medio,Piccolo,1
5619,68031,Picciano,2,1287,7.558,170.28314368880658,0.2646202699126753,1.554001554001554,Piccolo,Molto piccolo,1
5620,68032,Pietranico,0,442,14.771,29.923498747545864,0.0,0.0,Molto piccolo,Piccolo,1
5621,68033,Popoli,47,4784,35.0393,136.53240789627648,1.3413509973087363,9.824414715719064,Piccolo,Piccolo,1
5622,68034,Roccamorice,1,908,25.0563,36.238391143145634,0.0399101224043454,1.1013215859030838,Molto piccolo,Piccolo,1
5623,68035,Rosciano,30,3977,27.7943,143.08689191668796,1.0793579978628711,7.543374402816193,Piccolo,Piccolo,1
5624,68036,Salle,0,268,21.8034,12.29166093361586,0.0,0.0,Molto piccolo,Piccolo,1
5625,68037,Sant'Eufemia a Maiella,1,258,40.4182,6.383262985486736,0.0247413294011113,3.875968992248062,Molto piccolo,Piccolo,1
5626,68038,San Valentino in Abruzzo Citeriore,7,1860,16.3973,113.4333091423588,0.4268995505357589,3.763440860215054,Piccolo,Piccolo,1
5627,68039,Scafa,23,3542,10.3407,342.5300028044523,2.2242207974315087,6.493506493506494,Piccolo,Piccolo,1
5628,68040,Serramonacesca,1,537,23.8874,22.48047087585924,0.0418630742567211,1.86219739292365,Molto piccolo,Piccolo,1
5629,68041,Spoltore,231,18996,37.0138,513.213990457613,6.2409155504163305,12.160454832596336,Medio,Piccolo,0
5630,68042,Tocco da Casauria,18,2459,29.6676,82.8850328304278,0.6067224851352991,7.320048800325336,Piccolo,Piccolo,1
5631,68043,Torre de' Passeri,13,2905,5.9177,490.9001808134917,2.196799432211839,4.475043029259896,Piccolo,Molto piccolo,1
5632,68044,Turrivalignani,6,791,6.1122,129.41330453846408,0.9816432708353784,7.585335018963337,Molto piccolo,Molto piccolo,1
5633,68045,Vicoli,0,381,9.3297,40.83732595903405,0.0,0.0,Molto piccolo,Molto piccolo,1
5634,68046,Villa Celiera,1,571,13.1818,43.3173011273119,0.075862173602998,1.7513134851138354,Molto piccolo,Piccolo,1
5635,69001,Altino,21,3080,15.3302,200.91062086600303,1.3698451422682028,6.8181818181818175,Piccolo,Piccolo,1
5636,69002,Archi,9,2030,28.5443,71.11752609102342,0.3152993767582319,4.433497536945813,Piccolo,Piccolo,1
5637,69003,Ari,1,1071,11.3915,94.01746916560592,0.0877847517886143,0.9337068160597572,Piccolo,Piccolo,1
5638,69004,Arielli,4,1084,11.7167,92.51751773110176,0.3413930543583091,3.690036900369003,Piccolo,Piccolo,1
5639,69005,Atessa,118,10443,110.9761,94.10134254132196,1.0632920061166322,11.299435028248588,Medio,Grande,1
5640,69006,Bomba,7,755,17.2605,43.74149068682831,0.4055502447785405,9.271523178807948,Molto piccolo,Piccolo,1
5641,69007,Borrello,2,313,14.5091,21.572668187551265,0.1378445251600719,6.389776357827476,Molto piccolo,Piccolo,1
5642,69008,Bucchianico,12,5002,38.0774,131.3640111982436,0.3151475678486451,2.3990403838464616,Medio,Piccolo,1
5643,69009,Montebello sul Sangro,0,75,5.3819,13.93559895204296,0.0,0.0,Molto piccolo,Molto piccolo,1
5644,69010,Canosa Sannita,8,1270,13.9124,91.28547195307785,0.5750265949800178,6.299212598425196,Piccolo,Piccolo,1
5645,69011,Carpineto Sinello,1,536,29.8539,17.954103149002307,0.0334964610988849,1.8656716417910448,Molto piccolo,Piccolo,1
5646,69012,Carunchio,0,610,32.5642,18.732227415382532,0.0,0.0,Molto piccolo,Piccolo,1
5647,69013,Casacanditella,6,1174,12.5381,93.63460173391503,0.4785414057951364,5.110732538330494,Piccolo,Piccolo,1
5648,69014,Casalanguida,1,876,13.6687,64.08802592784976,0.0731598469496001,1.141552511415525,Molto piccolo,Piccolo,1
5649,69015,Casalbordino,69,5808,46.0149,126.21998526564222,1.4995142877633116,11.8801652892562,Medio,Piccolo,0
5650,69016,Casalincontrada,4,3004,16.0004,187.7453063673408,0.2499937501562461,1.3315579227696406,Piccolo,Piccolo,1
5651,69017,Casoli,43,5305,67.035,79.13776385470277,0.6414559558439621,8.105560791705939,Medio,Medio,1
5652,69018,Castel Frentano,22,4268,21.8861,195.0096179767067,1.0052042163747767,5.154639175257732,Piccolo,Piccolo,1
5653,69019,Castelguidone,2,327,15.0721,21.695715925451665,0.1326955102474107,6.116207951070336,Molto piccolo,Piccolo,1
5654,69020,Castiglione Messer Marino,3,1575,47.9829,32.82419361897676,0.0625222735599557,1.9047619047619049,Piccolo,Piccolo,1
5655,69021,Celenza sul Trigno,3,819,22.6778,36.11461429239168,0.1322879644409951,3.663003663003663,Molto piccolo,Piccolo,1
5656,69022,Chieti,575,49139,59.5668,824.9393957707985,9.65302819691506,11.701499827021308,Grande,Medio,0
5657,69023,Civitaluparella,0,297,22.4613,13.22274311816324,0.0,0.0,Molto piccolo,Piccolo,1
5658,69024,Civitella Messer Raimondo,3,797,12.7214,62.65033722703476,0.2358231012309966,3.764115432873275,Molto piccolo,Piccolo,1
5659,69025,Colledimacine,0,166,11.2952,14.696508251292585,0.0,0.0,Molto piccolo,Piccolo,1
5660,69026,Colledimezzo,3,440,11.0465,39.83162087539039,0.2715792332412981,6.8181818181818175,Molto piccolo,Piccolo,1
5661,69027,Crecchio,13,2648,19.2341,137.67215518272235,0.6758829370752985,4.909365558912387,Piccolo,Piccolo,1
5662,69028,Cupello,24,4752,48.3922,98.19764342187376,0.4959476940498675,5.050505050505051,Piccolo,Piccolo,1
5663,69029,Dogliola,2,323,11.8476,27.262905567372297,0.1688105607886829,6.191950464396285,Molto piccolo,Piccolo,1
5664,69030,Fara Filiorum Petri,14,1936,14.9639,129.3780364744485,0.9355849745053094,7.231404958677686,Piccolo,Piccolo,1
5665,69031,Fara San Martino,2,1312,44.692,29.356484381992303,0.0447507383871833,1.524390243902439,Piccolo,Piccolo,1
5666,69032,Filetto,2,884,13.5328,65.32277134074249,0.1477890754315441,2.2624434389140275,Molto piccolo,Piccolo,1
5667,69033,Fossacesia,72,6215,30.1407,206.1995905868145,2.388796544207666,11.58487530168946,Medio,Piccolo,0
5668,69034,Fraine,1,280,16.0895,17.40265390472047,0.0621523353740016,3.571428571428571,Molto piccolo,Piccolo,1
5669,69035,Francavilla al Mare,350,25677,23.1125,1110.9572742022715,15.143320713899405,13.630875881138762,Grande,Piccolo,3
5670,69036,Fresagrandinaria,7,908,25.1486,36.10538956442904,0.2783455142632194,7.709251101321586,Molto piccolo,Piccolo,1
5671,69037,Frisa,5,1634,11.4882,142.2328998450584,0.4352291916923451,3.0599755201958385,Piccolo,Piccolo,1
5672,69038,Furci,2,851,25.9896,32.74386677748022,0.0769538584664635,2.3501762632197414,Molto piccolo,Piccolo,1
5673,69039,Gamberale,1,289,15.5604,18.572787331945197,0.064265700110537,3.460207612456748,Molto piccolo,Piccolo,1
5674,69040,Gessopalena,2,1261,31.4701,40.069780521828655,0.0635523878220914,1.5860428231562251,Piccolo,Piccolo,1
5675,69041,Gissi,11,2545,36.6462,69.44785543930885,0.3001675480677396,4.322200392927309,Piccolo,Piccolo,1
5676,69042,Giuliano Teatino,1,1151,9.8874,116.41078544410058,0.1011388231486538,0.8688097306689835,Piccolo,Molto piccolo,1
5677,69043,Guardiagrele,23,8615,56.5009,152.4754472937599,0.4070731616664513,2.6697620429483457,Medio,Medio,1
5678,69044,Guilmi,0,417,12.5631,33.19244453996227,0.0,0.0,Molto piccolo,Piccolo,1
5679,69045,Lama dei Peligni,5,1102,31.371,35.127984444231934,0.159382869529183,4.537205081669692,Piccolo,Piccolo,1
5680,69046,Lanciano,405,34410,66.9494,513.9702521605869,6.049344729004293,11.769834350479512,Grande,Medio,0
5681,69047,Lentella,2,651,12.6165,51.59909642135299,0.158522569650854,3.072196620583717,Molto piccolo,Piccolo,1
5682,69048,Lettopalena,0,325,21.1285,15.382066876493836,0.0,0.0,Molto piccolo,Piccolo,1
5683,69049,Liscia,1,668,8.1795,81.66758359312915,0.122256861666361,1.497005988023952,Molto piccolo,Molto piccolo,1
5684,69050,Miglianico,59,4640,22.7343,204.09689324061,2.5951975649129286,12.71551724137931,Piccolo,Piccolo,0
5685,69051,Montazzoli,3,877,39.4634,22.223123197697102,0.0760198056933766,3.4207525655644244,Molto piccolo,Piccolo,1
5686,69052,Monteferrante,1,119,15.2862,7.784799361515616,0.065418482029543,8.403361344537815,Molto piccolo,Piccolo,1
5687,69053,Montelapiano,0,80,8.268,9.675858732462505,0.0,0.0,Molto piccolo,Molto piccolo,1
5688,69054,Montenerodomo,0,617,29.9986,20.567626489236165,0.0,0.0,Molto piccolo,Piccolo,1
5689,69055,Monteodorisio,7,2342,25.2122,92.89153663702494,0.277643363133721,2.9888983774551665,Piccolo,Piccolo,1
5690,69056,Mozzagrogna,27,2412,14.1032,171.0250155992966,1.9144591298428728,11.194029850746269,Piccolo,Piccolo,1
5691,69057,Orsogna,13,3639,25.446,143.00872435746285,0.510885797374833,3.572410002748008,Piccolo,Piccolo,1
5692,69058,Ortona,275,22287,70.8737,314.4607943426123,3.880141716885107,12.339031722528828,Grande,Medio,0
5693,69059,Paglieta,35,4157,33.7797,123.06207574371592,1.0361252468198356,8.419533317296127,Piccolo,Piccolo,1
5694,69060,Palena,3,1268,93.6299,13.542682412349048,0.0320410467169141,2.365930599369085,Piccolo,Medio,1
5695,69061,Palmoli,0,836,32.778,25.50491183110623,0.0,0.0,Molto piccolo,Piccolo,1
5696,69062,Palombaro,3,975,17.193,56.70912580701448,0.1744896178677368,3.076923076923077,Molto piccolo,Piccolo,1
5697,69063,Pennadomo,0,219,11.02,19.87295825771325,0.0,0.0,Molto piccolo,Piccolo,1
5698,69064,Pennapiedimonte,0,435,47.0312,9.249179268230453,0.0,0.0,Molto piccolo,Piccolo,1
5699,69065,Perano,5,1523,6.4826,234.93659951254128,0.7712954678678309,3.282994090610637,Piccolo,Molto piccolo,1
5700,69066,Pizzoferrato,2,1000,30.9206,32.340898947627146,0.0646817978952543,2.0,Piccolo,Piccolo,1
5701,69067,Poggiofiorito,5,828,9.9473,83.23866777919636,0.5026489600193017,6.038647342995169,Molto piccolo,Molto piccolo,1
5702,69068,Pollutri,18,2073,26.168,79.21889330479976,0.687863038826047,8.683068017366137,Piccolo,Piccolo,1
5703,69069,Pretoro,5,866,26.1259,33.14718344631189,0.1913809667800917,5.773672055427252,Molto piccolo,Piccolo,1
5704,69070,Quadri,1,734,7.4453,98.585684928747,0.1343129222462493,1.3623978201634876,Molto piccolo,Molto piccolo,1
5705,69071,Rapino,1,1230,20.2985,60.5956105130921,0.0492647239943838,0.8130081300813008,Piccolo,Piccolo,1
5706,69072,Ripa Teatina,28,4002,20.1629,198.48335308908932,1.3886891270600954,6.9965017491254375,Piccolo,Piccolo,1
5707,69073,Roccamontepiano,4,1573,18.2198,86.33464692257874,0.21954137806123,2.542911633820725,Piccolo,Piccolo,1
5708,69074,Rocca San Giovanni,47,2301,21.6995,106.03930966151292,2.165948524159542,20.425901781833986,Piccolo,Piccolo,0
5709,69075,Roccascalegna,0,1082,23.006,47.03120924976093,0.0,0.0,Piccolo,Piccolo,1
5710,69076,Roccaspinalveti,1,1208,33.0066,36.59874085788903,0.0302969709088485,0.8278145695364238,Piccolo,Piccolo,1
5711,69077,Roio del Sangro,0,95,11.8107,8.043553726705445,0.0,0.0,Molto piccolo,Piccolo,1
5712,69078,Rosello,0,202,19.2305,10.504147058058813,0.0,0.0,Molto piccolo,Piccolo,1
5713,69079,San Buono,6,891,25.2693,35.26017736937707,0.237442271847657,6.7340067340067336,Molto piccolo,Piccolo,1
5714,69080,San Giovanni Lipioni,1,149,8.6722,17.181338068771478,0.1153109937501441,6.711409395973154,Molto piccolo,Molto piccolo,1
5715,69081,San Giovanni Teatino,138,14174,17.7311,799.3863888873223,7.7829350688902545,9.736136588119091,Medio,Piccolo,1
5716,69082,San Martino sulla Marrucina,2,865,7.408,116.7656587473002,0.2699784017278617,2.3121387283237,Molto piccolo,Molto piccolo,1
5717,69083,San Salvo,202,19445,19.6996,987.0758797132936,10.254015309955532,10.388274620725122,Medio,Piccolo,1
5718,69084,Santa Maria Imbaro,21,2054,5.7079,359.85213476059494,3.679111406997319,10.223953261927946,Piccolo,Molto piccolo,1
5719,69085,Sant'Eusanio del Sangro,8,2308,23.8273,96.86368157533585,0.3357493295505575,3.466204506065857,Piccolo,Piccolo,1
5720,69086,San Vito Chietino,60,5189,17.0004,305.22811227971107,3.529328721677137,11.562921564848718,Medio,Piccolo,0
5721,69087,Scerni,14,3022,41.2545,73.25261486625702,0.3393569186391788,4.632693580410324,Piccolo,Piccolo,1
5722,69088,Schiavi di Abruzzo,0,702,45.5688,15.40527729499131,0.0,0.0,Molto piccolo,Piccolo,1
5723,69089,Taranta Peligna,0,343,21.8984,15.6632448032733,0.0,0.0,Molto piccolo,Piccolo,1
5724,69090,Tollo,28,3948,14.9591,263.9196208328041,1.8717703605163412,7.092198581560283,Piccolo,Piccolo,1
5725,69091,Torino di Sangro,52,2971,32.1175,92.50408655717288,1.6190550323032615,17.502524402558063,Piccolo,Piccolo,0
5726,69092,Tornareccio,6,1669,27.5279,60.62939781094817,0.217960687157393,3.59496704613541,Piccolo,Piccolo,1
5727,69093,Torrebruna,0,746,23.2887,32.032702555316526,0.0,0.0,Molto piccolo,Piccolo,1
5728,69094,Torrevecchia Teatina,20,4165,14.6762,283.7928074024611,1.3627505757621183,4.801920768307323,Piccolo,Piccolo,1
5729,69095,Torricella Peligna,1,1189,36.1143,32.92324647023478,0.0276898624644531,0.8410428931875525,Piccolo,Piccolo,1
5730,69096,Treglio,27,1687,4.8695,346.44213985008724,5.5447171167470986,16.004742145820984,Piccolo,Molto piccolo,0
5731,69097,Tufillo,2,370,21.4377,17.25931419881797,0.0932935902638809,5.405405405405405,Molto piccolo,Piccolo,1
5732,69098,Vacri,2,1550,12.2727,126.2965769553562,0.1629633251036854,1.2903225806451613,Piccolo,Piccolo,1
5733,69099,Vasto,509,40553,71.3449,568.4078329355007,7.13435718600769,12.5514758464232,Grande,Medio,0
5734,69100,Villalfonsina,3,908,9.1285,99.4686969381607,0.328641069178945,3.303964757709251,Molto piccolo,Molto piccolo,1
5735,69101,Villamagna,9,2180,12.7324,171.21673839967326,0.7068580943105778,4.128440366972478,Piccolo,Piccolo,1
5736,69102,Villa Santa Maria,3,1147,16.2298,70.67246669706343,0.1848451613698258,2.615518744551003,Piccolo,Piccolo,1
5737,69103,Pietraferrazzana,0,131,4.3672,29.99633632533431,0.0,0.0,Molto piccolo,Molto piccolo,1
5738,69104,Fallo,1,121,6.0991,19.838992638258105,0.1639586168451083,8.264462809917356,Molto piccolo,Molto piccolo,1
5739,70001,Acquaviva Collecroce,0,595,28.5993,20.804705010262488,0.0,0.0,Molto piccolo,Piccolo,1
5740,70002,Baranello,9,2510,24.9947,100.42128931333444,0.3600763361832708,3.585657370517928,Piccolo,Piccolo,1
5741,70003,Bojano,73,7569,52.6298,143.815860976101,1.3870468821846178,9.64460298586339,Medio,Medio,1
5742,70004,Bonefro,0,1236,31.2796,39.51457179759332,0.0,0.0,Piccolo,Piccolo,1
5743,70005,Busso,3,1163,23.8102,48.84461281299611,0.1259964217016236,2.5795356835769563,Piccolo,Piccolo,1
5744,70006,Campobasso,459,47535,56.1117,847.1495249653816,8.180112169119809,9.65604291574629,Grande,Medio,1
5745,70007,Campochiaro,11,599,35.701,16.77824150584017,0.3081146186381334,18.363939899833056,Molto piccolo,Piccolo,0
5746,70008,Campodipietra,9,2444,19.7217,123.92440813925778,0.4563501118057774,3.6824877250409167,Piccolo,Piccolo,1
5747,70009,Campolieto,1,817,24.4253,33.44892386173353,0.0409411552775196,1.2239902080783354,Molto piccolo,Piccolo,1
5748,70010,Campomarino,63,7629,76.676,99.49658302467526,0.8216391048046324,8.257963035784506,Medio,Medio,1
5749,70011,Casacalenda,0,1913,67.2764,28.43493409278737,0.0,0.0,Piccolo,Medio,1
5750,70012,Casalciprano,3,501,19.0649,26.2786586869063,0.1573572376461455,5.9880239520958085,Molto piccolo,Piccolo,1
5751,70013,Castelbottaccio,2,261,11.2235,23.25477792132579,0.1781975319641823,7.662835249042145,Molto piccolo,Piccolo,1
5752,70014,Castellino del Biferno,0,460,15.5442,29.593031484412197,0.0,0.0,Molto piccolo,Piccolo,1
5753,70015,Castelmauro,0,1279,43.6196,29.321681079147908,0.0,0.0,Piccolo,Piccolo,1
5754,70016,Castropignano,6,883,26.9572,32.75562743905153,0.2225750448859673,6.795016987542469,Molto piccolo,Piccolo,1
5755,70017,Cercemaggiore,6,3577,56.9107,62.85285543843249,0.1054283289434148,1.6773832820799552,Piccolo,Medio,1
5756,70018,Cercepiccola,1,627,16.7935,37.33587399886861,0.059546848483044,1.594896331738437,Molto piccolo,Piccolo,1
5757,70019,Civitacampomarano,0,323,38.8933,8.304772287257702,0.0,0.0,Molto piccolo,Piccolo,1
5758,70020,Colle d'Anchise,4,753,15.6946,47.97828552495763,0.2548647305442636,5.3120849933598935,Molto piccolo,Piccolo,1
5759,70021,Colletorto,1,1713,35.905,47.70923269739591,0.0278512741957944,0.5837711617046117,Piccolo,Piccolo,1
5760,70022,Duronia,1,395,22.4681,17.58048077051464,0.0445075462544674,2.5316455696202533,Molto piccolo,Piccolo,1
5761,70023,Ferrazzano,6,3181,16.7727,189.653424910718,0.3577241589010714,1.886199308393587,Piccolo,Piccolo,1
5762,70024,Fossalto,3,1198,28.3337,42.28180576486657,0.1058809827166942,2.5041736227045077,Piccolo,Piccolo,1
5763,70025,Gambatesa,7,1297,43.6825,29.69152406570137,0.160247238596692,5.397070161912104,Piccolo,Piccolo,1
5764,70026,Gildone,2,759,29.7548,25.50848938658637,0.0672160458144568,2.635046113306983,Molto piccolo,Piccolo,1
5765,70027,Guardialfiera,4,970,43.5261,22.28547928714036,0.0918988836583107,4.123711340206186,Molto piccolo,Piccolo,1
5766,70028,Guardiaregia,7,726,43.7156,16.607343831492646,0.1601259047113616,9.641873278236917,Molto piccolo,Piccolo,1
5767,70029,Guglionesi,23,4957,100.9461,49.10541368116253,0.2278443644677704,4.639903167238249,Piccolo,Grande,1
5768,70030,Jelsi,0,1678,28.7729,58.3187652270018,0.0,0.0,Piccolo,Piccolo,1
5769,70031,Larino,22,6452,88.7652,72.68614276766121,0.247844876145156,3.409795412275264,Medio,Medio,1
5770,70032,Limosano,1,711,28.2662,25.15371716042482,0.0353779425603724,1.4064697609001406,Molto piccolo,Piccolo,1
5771,70033,Lucito,1,642,31.5628,20.340400724904,0.0316828671727476,1.557632398753894,Molto piccolo,Piccolo,1
5772,70034,Lupara,1,440,25.8724,17.00653978757286,0.0386512267899383,2.2727272727272725,Molto piccolo,Piccolo,1
5773,70035,Macchia Valfortore,0,503,26.7323,18.81618865567123,0.0,0.0,Molto piccolo,Piccolo,1
5774,70036,Mafalda,3,1100,32.5053,33.84063521948728,0.0922926415076925,2.7272727272727275,Piccolo,Piccolo,1
5775,70037,Matrice,3,1063,20.4211,52.05400296751889,0.1469068757314738,2.822201317027281,Piccolo,Piccolo,1
5776,70038,Mirabello Sannitico,4,2067,21.4272,96.46617383512545,0.1866786140979689,1.935171746492501,Piccolo,Piccolo,1
5777,70039,Molise,1,161,5.1999,30.96213388719013,0.1923113906036654,6.211180124223602,Molto piccolo,Molto piccolo,1
5778,70040,Monacilioni,1,477,27.214,17.527743073418094,0.0367457926067465,2.0964360587002098,Molto piccolo,Piccolo,1
5779,70041,Montagano,10,1018,26.6236,38.23675235505341,0.3756066046665364,9.823182711198427,Piccolo,Piccolo,1
5780,70042,Montecilfone,1,1214,22.919,52.96915223177276,0.0436319211134866,0.8237232289950577,Piccolo,Piccolo,1
5781,70043,Montefalcone nel Sannio,2,1426,32.5674,43.78611740574931,0.0614111043558896,1.402524544179523,Piccolo,Piccolo,1
5782,70044,Montelongo,3,325,12.7631,25.46403303272716,0.2350526126097891,9.230769230769232,Molto piccolo,Piccolo,1
5783,70045,Montemitro,1,314,16.2928,19.27231660610822,0.0613768044780516,3.1847133757961785,Molto piccolo,Piccolo,1
5784,70046,Montenero di Bisaccia,37,6186,93.3125,66.29336905559276,0.3965170797052914,5.981247979308115,Medio,Medio,1
5785,70047,Montorio nei Frentani,2,383,31.6629,12.096175650366831,0.0631654080959103,5.221932114882507,Molto piccolo,Piccolo,1
5786,70048,Morrone del Sannio,4,540,45.84,11.780104712041885,0.0872600349040139,7.407407407407407,Molto piccolo,Piccolo,1
5787,70049,Oratino,3,1657,17.8849,92.64798796750333,0.1677392660847978,1.8105009052504528,Piccolo,Piccolo,1
5788,70050,Palata,4,1595,43.8179,36.40064904981754,0.0912868941688214,2.5078369905956115,Piccolo,Piccolo,1
5789,70051,Petacciato,36,3514,35.4006,99.26385428495564,1.0169319164081965,10.244735344336938,Piccolo,Piccolo,1
5790,70052,Petrella Tifernina,4,1062,26.5154,40.05219608227672,0.1508557291234528,3.766478342749529,Piccolo,Piccolo,1
5791,70053,Pietracatella,10,1256,50.2809,24.979664246264484,0.1988826771199401,7.961783439490445,Piccolo,Medio,1
5792,70054,Pietracupa,4,216,10.0789,21.430910119159822,0.3968687059103671,18.51851851851852,Molto piccolo,Piccolo,0
5793,70055,Portocannone,5,2331,13.1136,177.75439238653,0.3812835529526598,2.145002145002145,Piccolo,Piccolo,1
5794,70056,Provvidenti,0,105,14.0324,7.482682933781819,0.0,0.0,Molto piccolo,Piccolo,1
5795,70057,Riccia,13,4962,70.0393,70.84593935119284,0.1856100789128389,2.6199113260781943,Piccolo,Medio,1
5796,70058,Ripabottoni,0,465,31.9604,14.549254702694585,0.0,0.0,Molto piccolo,Piccolo,1
5797,70059,Ripalimosani,26,3017,33.827,89.18910929139446,0.768616785408106,8.617832283725555,Piccolo,Piccolo,1
5798,70060,Roccavivara,1,653,21.0439,31.030369845893585,0.0475197087992244,1.531393568147014,Molto piccolo,Piccolo,1
5799,70061,Rotello,5,1133,70.7399,16.01642071871744,0.07068146830855,4.41306266548985,Piccolo,Medio,1
5800,70062,Salcito,1,635,28.2595,22.470319715493904,0.0353863302606203,1.574803149606299,Molto piccolo,Piccolo,1
5801,70063,San Biase,0,150,11.846,12.662502110417018,0.0,0.0,Molto piccolo,Piccolo,1
5802,70064,San Felice del Molise,1,571,24.3719,23.4286206656026,0.0410308593092865,1.7513134851138354,Molto piccolo,Piccolo,1
5803,70065,San Giacomo degli Schiavoni,11,1375,11.0822,124.07283752323544,0.9925827001858836,8.0,Piccolo,Piccolo,1
5804,70066,San Giovanni in Galdo,0,537,19.4484,27.611525883877334,0.0,0.0,Molto piccolo,Piccolo,1
5805,70067,San Giuliano del Sannio,5,949,24.0508,39.4581469223477,0.2078932925308098,5.268703898840885,Molto piccolo,Piccolo,1
5806,70068,San Giuliano di Puglia,1,992,42.0477,23.59225355964773,0.0237825136689997,1.0080645161290325,Molto piccolo,Piccolo,1
5807,70069,San Martino in Pensilis,16,4601,100.652,45.71195803362079,0.1589635576044192,3.477504890241252,Piccolo,Grande,1
5808,70070,San Massimo,9,811,27.3299,29.67445910888807,0.3293096571886469,11.097410604192357,Molto piccolo,Piccolo,1
5809,70071,San Polo Matese,16,477,15.2841,31.208903370169,1.0468395260434045,33.54297693920336,Molto piccolo,Piccolo,0
5810,70072,Santa Croce di Magliano,2,4058,53.367,76.03950006558361,0.0374763430584443,0.4928536224741252,Piccolo,Medio,1
5811,70073,Sant'Angelo Limosano,0,328,16.8688,19.444180973157547,0.0,0.0,Molto piccolo,Piccolo,1
5812,70074,Sant'Elia a Pianisi,1,1605,68.2452,23.518137539343428,0.0146530451958526,0.6230529595015577,Piccolo,Medio,1
5813,70075,Sepino,10,1791,61.3707,29.183307343732437,0.1629442062743296,5.583472920156337,Piccolo,Medio,1
5814,70076,Spinete,3,1193,17.8338,66.89544572665388,0.168219897049423,2.5146689019279127,Piccolo,Piccolo,1
5815,70077,Tavenna,1,624,21.9697,28.40275470306832,0.045517235101071,1.6025641025641024,Molto piccolo,Piccolo,1
5816,70078,Termoli,443,32560,55.6345,585.2483620774879,7.962685024580072,13.605651105651106,Grande,Medio,0
5817,70079,Torella del Sannio,0,720,16.7316,43.03234598006168,0.0,0.0,Molto piccolo,Piccolo,1
5818,70080,Toro,3,1271,24.0582,52.83022004971278,0.1246976082998728,2.3603461841070024,Piccolo,Piccolo,1
5819,70081,Trivento,8,4499,73.6983,61.04618424034204,0.108550672132193,1.7781729273171816,Piccolo,Medio,1
5820,70082,Tufara,2,822,35.5163,23.144302756762382,0.0563121721575727,2.4330900243309004,Molto piccolo,Piccolo,1
5821,70083,Ururi,6,2514,31.6494,79.43278545564844,0.189577053593433,2.386634844868736,Piccolo,Piccolo,1
5822,70084,Vinchiaturo,47,3260,35.4776,91.888966559181,1.324779579227456,14.417177914110429,Piccolo,Piccolo,0
5823,71001,Accadia,2,2212,30.7359,71.96795929190296,0.0650704876056988,0.9041591320072332,Piccolo,Piccolo,1
5824,71002,Alberona,0,863,49.7469,17.34781463769602,0.0,0.0,Molto piccolo,Piccolo,1
5825,71003,Anzano di Puglia,0,1126,11.014,102.23352097330672,0.0,0.0,Piccolo,Piccolo,1
5826,71004,Apricena,92,12681,172.5024,73.51202070232067,0.5333259131467156,7.254948347922088,Medio,Grande,1
5827,71005,Ascoli Satriano,44,5986,336.6715,17.779942763197955,0.1306911930472285,7.350484463748747,Medio,Molto grande,1
5828,71006,Biccari,7,2634,106.6444,24.698905896605915,0.065638702079059,2.6575550493545936,Piccolo,Grande,1
5829,71007,Bovino,13,3044,84.9297,35.84140765833389,0.1530677725224509,4.270696452036794,Piccolo,Medio,1
5830,71008,Cagnano Varano,43,6711,166.8365,40.22501071408235,0.2577373656244287,6.407390850841901,Medio,Grande,1
5831,71009,Candela,31,2574,96.8096,26.588272237464054,0.3202161769080752,12.043512043512044,Piccolo,Medio,0
5832,71010,Carapelle,32,6703,25.0017,268.1017690797026,1.2799129659183175,4.773981799194391,Medio,Piccolo,1
5833,71011,Carlantino,0,845,34.7114,24.34358740932374,0.0,0.0,Molto piccolo,Piccolo,1
5834,71012,Carpino,13,3867,80.0494,48.3076700137665,0.1623997181740275,3.361779156969227,Piccolo,Medio,1
5835,71013,Casalnuovo Monterotaro,0,1395,48.3611,28.84549772441073,0.0,0.0,Piccolo,Piccolo,1
5836,71014,Casalvecchio di Puglia,3,1701,31.9321,53.26928075510224,0.0939493487744307,1.763668430335097,Piccolo,Piccolo,1
5837,71015,Castelluccio dei Sauri,12,2009,51.4736,39.02971620403469,0.2331292157533182,5.973120955699353,Piccolo,Medio,1
5838,71016,Castelluccio Valmaggiore,0,1218,26.7854,45.47253354439359,0.0,0.0,Piccolo,Piccolo,1
5839,71017,Castelnuovo della Daunia,7,1308,61.4861,21.27310074960032,0.1138468694550475,5.351681957186544,Piccolo,Medio,1
5840,71018,Celenza Valfortore,1,1426,65.4171,21.79858171640137,0.0152865229427779,0.7012622720897616,Piccolo,Medio,1
5841,71019,Celle di San Vito,1,152,18.4132,8.254947537636044,0.0543088653791845,6.578947368421052,Molto piccolo,Piccolo,1
5842,71020,Cerignola,752,57223,593.9196,96.34805788527606,1.2661646458544222,13.141568949548258,Grande,Molto grande,0
5843,71021,Chieuti,22,1557,61.5173,25.309953460246145,0.3576229776014227,14.129736673089274,Piccolo,Medio,0
5844,71022,Deliceto,7,3588,75.8521,47.30257962534986,0.0922848543415409,1.9509476031215165,Piccolo,Medio,1
5845,71023,Faeto,0,616,26.0981,23.603250811361747,0.0,0.0,Molto piccolo,Piccolo,1
5846,71024,Foggia,2224,147467,509.2545,289.57426983954,4.367168085898112,15.081340232051916,Grande,Molto grande,0
5847,71025,Ischitella,17,4236,85.4608,49.56658491378503,0.198921610843802,4.013220018885741,Piccolo,Medio,1
5848,71026,Isole Tremiti,1,451,3.178,141.91315292636878,0.3146633102580239,2.217294900221729,Molto piccolo,Molto piccolo,1
5849,71027,Lesina,45,6200,160.1534,38.71288402244348,0.2809806098403156,7.258064516129033,Medio,Grande,1
5850,71028,Lucera,255,31765,339.787,93.4850362138634,0.7504701474747416,8.027703447190305,Grande,Molto grande,1
5851,71029,Manfredonia,539,54643,354.5377,154.1246530340779,1.5202896617200372,9.864026499277127,Grande,Molto grande,1
5852,71031,Mattinata,10,6016,73.4796,81.87306408853613,0.1360921942961039,1.6622340425531914,Medio,Medio,1
5853,71032,Monteleone di Puglia,0,986,36.4107,27.07995177241855,0.0,0.0,Molto piccolo,Piccolo,1
5854,71033,Monte Sant'Angelo,56,11654,245.1273,47.542644168968536,0.2284527263997115,4.805217092843659,Medio,Grande,1
5855,71034,Motta Montecorvino,1,668,19.9412,33.49848554750968,0.0501474334543558,1.497005988023952,Molto piccolo,Piccolo,1
5856,71035,Orsara di Puglia,9,2550,83.0056,30.72081883631948,0.108426419422304,3.5294117647058827,Piccolo,Medio,1
5857,71036,Orta Nova,129,16964,105.2381,161.1963727965442,1.2257917997379275,7.604338599386937,Medio,Grande,1
5858,71037,Panni,1,695,32.7043,21.25102815226132,0.030577018924117,1.4388489208633093,Molto piccolo,Piccolo,1
5859,71038,Peschici,8,4295,49.3895,86.9618036222274,0.1619777483068263,1.8626309662398135,Piccolo,Piccolo,1
5860,71039,Pietramontecorvino,8,2554,71.6453,35.647837331967345,0.1116611975942594,3.1323414252153485,Piccolo,Medio,1
5861,71040,Poggio Imperiale,22,2573,52.8824,48.65512911668154,0.4160174273482293,8.550330353672756,Piccolo,Medio,1
5862,71041,Rignano Garganico,3,1905,89.3968,21.30948758792261,0.0335582481699568,1.574803149606299,Piccolo,Medio,1
5863,71042,Rocchetta Sant'Antonio,12,1736,72.4654,23.956260505013425,0.1655962707719822,6.912442396313365,Piccolo,Medio,1
5864,71043,Rodi Garganico,8,3401,13.4471,252.9169858185036,0.5949238125692529,2.352249338429873,Piccolo,Piccolo,1
5865,71044,Roseto Valfortore,1,1010,50.0521,20.178973509602997,0.0199791816926762,0.99009900990099,Piccolo,Medio,1
5866,71046,San Giovanni Rotondo,125,26344,261.8788,100.59615364053906,0.4773200427067788,4.744913452778621,Grande,Molto grande,1
5867,71047,San Marco in Lamis,18,12901,234.1973,55.08603216177129,0.0768582729177492,1.3952406790171303,Medio,Grande,1
5868,71048,San Marco la Catola,0,910,28.6249,31.790504071629943,0.0,0.0,Molto piccolo,Piccolo,1
5869,71049,San Nicandro Garganico,59,14132,173.3574,81.51945056859412,0.340337360851051,4.174922162468157,Medio,Grande,1
5870,71050,San Paolo di Civitate,16,5597,91.1604,61.39727337747531,0.1755148068678944,2.858674289798106,Medio,Medio,1
5871,71051,San Severo,735,50284,336.3046,149.5192156158435,2.1855187232050945,14.61697557871291,Grande,Molto grande,0
5872,71052,Sant'Agata di Puglia,1,1832,116.1326,15.775070910321478,0.0086108465667693,0.5458515283842794,Piccolo,Grande,1
5873,71053,Serracapriola,18,3759,143.3541,26.221782285961822,0.1255632032847334,4.788507581803671,Piccolo,Grande,1
5874,71054,Stornara,44,5712,33.8629,168.68017801192454,1.299357113537234,7.703081232492997,Medio,Piccolo,1
5875,71055,Stornarella,24,5220,33.8122,154.3821460892814,0.7098029705254317,4.597701149425287,Medio,Piccolo,1
5876,71056,Torremaggiore,97,16690,210.0084,79.47301155572825,0.4618862864533037,5.811863391252247,Medio,Grande,1
5877,71058,Troia,35,6804,168.245,40.44102350738506,0.2080299563137091,5.1440329218107,Medio,Grande,1
5878,71059,Vico del Gargano,64,7350,111.0822,66.16721670978788,0.5761499142076768,8.707482993197278,Medio,Grande,1
5879,71060,Vieste,101,13461,169.1885,79.56214518126232,0.5969672879657896,7.503157269147909,Medio,Grande,1
5880,71061,Volturara Appula,1,389,51.997,7.481200838509914,0.0192318787622362,2.5706940874035986,Molto piccolo,Medio,1
5881,71062,Volturino,9,1572,58.3471,26.942213066287785,0.1542493114482125,5.7251908396946565,Piccolo,Medio,1
5882,71063,Ordona,12,2909,39.5651,73.52439397347662,0.3032976031906907,4.125128910278446,Piccolo,Piccolo,1
5883,71064,Zapponeta,26,3320,41.7458,79.52895860182342,0.6228171456769304,7.83132530120482,Piccolo,Piccolo,1
5884,72001,Acquaviva delle Fonti,187,20184,132.0242,152.88106271425994,1.4164069920514573,9.26476416963932,Grande,Grande,1
5885,72002,Adelfia,140,16547,29.8139,555.0095760702222,4.695796256108728,8.460748171874055,Medio,Piccolo,1
5886,72003,Alberobello,48,10373,40.8232,254.09571028238844,1.1758019949440517,4.627398052636653,Medio,Piccolo,1
5887,72004,Altamura,724,69911,431.37,162.0673667617127,1.6783735540255464,10.356024087768736,Grande,Molto grande,1
5888,72006,Bari,7384,317205,117.4097,2701.6933013200783,62.89088550605273,23.27832159013887,Grande,Grande,2
5889,72008,Binetto,22,2161,17.6537,122.41059947772987,1.2461976809394064,10.18047200370199,Piccolo,Piccolo,1
5890,72010,Bitetto,80,11767,33.9452,346.6469486112911,2.356739686317948,6.798674258519589,Medio,Piccolo,1
5891,72011,Bitonto,590,53457,174.3365,306.63114149934177,3.384259750539904,11.036908169182707,Grande,Grande,1
5892,72012,Bitritto,127,11197,17.9815,622.6955482023191,7.062814559408281,11.342323836741985,Medio,Piccolo,0
5893,72014,Capurso,208,15357,15.1052,1016.6697561104784,13.770092418504886,13.544312040112002,Medio,Piccolo,3
5894,72015,Casamassima,305,19537,78.4318,249.09539243011127,3.888728806428005,15.611404002661615,Medio,Medio,0
5895,72016,Cassano delle Murge,134,14805,90.1974,164.13998629672253,1.4856304061979613,9.050996285038838,Medio,Medio,1
5896,72017,Castellana Grotte,247,19323,69.1282,279.5241305284963,3.5730714816818603,12.782694198623402,Medio,Medio,0
5897,72018,Cellamare,22,5766,5.9108,975.5024700548148,3.722000406036408,3.815469996531391,Medio,Molto piccolo,1
5898,72019,Conversano,377,25801,128.4204,200.9104472498139,2.935670656686944,14.611836750513548,Grande,Grande,0
5899,72020,Corato,433,47316,169.3426,279.40990630827685,2.5569466867758024,9.151238481697522,Grande,Grande,1
5900,72021,Gioia del Colle,215,26963,208.9351,129.0496426880883,1.0290276741437892,7.973890145755294,Grande,Grande,1
5901,72022,Giovinazzo,281,19537,44.2824,441.1910826874785,6.345636189547088,14.382965654911194,Medio,Piccolo,0
5902,72023,Gravina in Puglia,276,42895,384.7214,111.49626716891756,0.717402255242365,6.434316353887399,Grande,Molto grande,1
5903,72024,Grumo Appula,59,12298,81.3018,151.26356366033716,0.7256911901089521,4.797528053342007,Medio,Medio,1
5904,72025,Locorotondo,140,14066,48.1791,291.9523195742552,2.905824309711057,9.95307834494526,Medio,Piccolo,1
5905,72027,Modugno,504,37002,32.2364,1147.8328845652738,15.6345001302875,13.62088535754824,Grande,Piccolo,3
5906,72028,Mola di Bari,213,24678,50.9399,484.4532478469726,4.181398078912601,8.63116946267931,Grande,Medio,1
5907,72029,Molfetta,650,57891,58.9733,981.647626976954,11.021937046086958,11.227997443471352,Grande,Medio,0
5908,72030,Monopoli,671,48007,157.8253,304.1781007227612,4.251536350635798,13.97712833545108,Grande,Grande,0
5909,72031,Noci,142,18541,150.5967,123.11690760820125,0.9429157478218314,7.658702335364866,Medio,Grande,1
5910,72032,Noicattaro,289,26042,40.7925,638.4016669730956,7.084635656064228,11.097457952538209,Grande,Piccolo,0
5911,72033,Palo del Colle,156,20774,79.7126,260.611245900899,1.9570306325474267,7.509386733416771,Grande,Medio,1
5912,72034,Poggiorsini,6,1339,43.4436,30.82157095636641,0.1381101013728144,4.480955937266617,Piccolo,Piccolo,1
5913,72035,Polignano a Mare,236,17653,63.0865,279.8221489542137,3.740895437217154,13.368832493060667,Medio,Medio,0
5914,72036,Putignano,280,26143,100.1539,261.02827748095683,2.795697421668053,10.710323987300615,Grande,Grande,1
5915,72037,Rutigliano,178,18374,53.8522,341.19311745852536,3.3053431428985256,9.68760204636987,Medio,Medio,1
5916,72038,Ruvo di Puglia,185,24611,223.8254,109.9562426784449,0.8265371133034946,7.516963959205233,Grande,Grande,1
5917,72039,Sammichele di Bari,50,6118,34.2339,178.71174479098204,1.460540575277722,8.172605426610003,Medio,Piccolo,1
5918,72040,Sannicandro di Bari,88,9651,56.7931,169.93261505358925,1.5494840042188225,9.118226090560563,Medio,Medio,1
5919,72041,Santeramo in Colle,194,25827,144.8521,178.2991064679076,1.339297117542652,7.511518953033647,Grande,Grande,1
5920,72043,Terlizzi,131,26245,69.2294,379.1019422384132,1.8922596469130168,4.991426938464469,Grande,Medio,1
5921,72044,Toritto,54,8096,75.3502,107.44497028541396,0.716653704966941,6.6699604743083,Medio,Medio,1
5922,72046,Triggiano,205,26321,20.1386,1306.9925416861151,10.179456367374096,7.788457885338703,Grande,Piccolo,1
5923,72047,Turi,195,12919,71.3998,180.9388821817428,2.73110008711509,15.094047526898366,Medio,Medio,0
5924,72048,Valenzano,126,17460,15.9786,1092.7115016334346,7.885546919004168,7.216494845360825,Medio,Piccolo,1
5925,73001,Avetrana,55,6317,74.1707,85.16840207790948,0.7415327076594936,8.706664555960106,Medio,Medio,1
5926,73002,Carosino,25,6677,10.9347,610.62489140077,2.286299578406358,3.74419649543208,Medio,Piccolo,1
5927,73003,Castellaneta,181,16488,242.3148,68.04371833664308,0.746962216092455,10.977680737506065,Medio,Grande,1
5928,73004,Crispiano,70,13271,112.3004,118.1741115792998,0.6233281448685847,5.274659030969784,Medio,Grande,1
5929,73005,Faggiano,16,3418,21.0642,162.26583492370943,0.7595826093561588,4.681100058513751,Piccolo,Piccolo,1
5930,73006,Fragagnano,26,5066,22.4128,226.03155339805824,1.1600513992004569,5.132254243979471,Medio,Piccolo,1
5931,73007,Ginosa,186,21926,188.503,116.3164511970632,0.986721696736922,8.483079449055914,Grande,Grande,1
5932,73008,Grottaglie,341,30993,102.1219,303.4902405850264,3.339146647291129,11.00248443196851,Grande,Grande,1
5933,73009,Laterza,150,14944,161.1716,92.72105011056536,0.9306850586579768,10.037473233404713,Medio,Grande,1
5934,73010,Leporano,82,8069,15.3135,526.9206908936559,5.35475234270415,10.162349733548147,Medio,Piccolo,1
5935,73011,Lizzano,85,9626,47.1769,204.04053678813148,1.8017292361303945,8.830251402451692,Medio,Piccolo,1
5936,73012,Manduria,400,30147,180.4069,167.10558188184598,2.2172100956227285,13.26831857232892,Grande,Grande,0
5937,73013,Martina Franca,405,47380,298.7194,158.61038821047444,1.3557874045006786,8.547910510764035,Grande,Molto grande,1
5938,73014,Maruggio,46,5238,49.0687,106.7482937188065,0.93746115140609,8.781977854142804,Medio,Piccolo,1
5939,73015,Massafra,278,32168,127.9935,251.325262610992,2.171985296128319,8.642128823675703,Grande,Grande,1
5940,73016,Monteiasi,3,5394,9.746,553.4578288528627,0.3078185922429715,0.5561735261401557,Medio,Molto piccolo,1
5941,73017,Montemesola,14,3621,16.4326,220.3546608570768,0.851964996409576,3.8663352665009674,Piccolo,Piccolo,1
5942,73018,Monteparano,7,2303,3.8486,598.399417970171,1.8188432157148056,3.0395136778115504,Piccolo,Molto piccolo,1
5943,73019,Mottola,107,15545,213.9603,72.6536651892898,0.5000927742202642,6.883242200064329,Medio,Grande,1
5944,73020,Palagianello,24,7679,43.8616,175.07341273460156,0.5471756616265708,3.1254069540304723,Medio,Piccolo,1
5945,73021,Palagiano,177,15776,69.9641,225.48707122652905,2.5298688899021067,11.219574036511156,Medio,Medio,1
5946,73022,Pulsano,80,11201,18.269,613.1151130330068,4.379002682139143,7.142219444692438,Medio,Piccolo,1
5947,73023,Roccaforzata,2,1801,6.1453,293.0695002684979,0.3254519714253169,1.110494169905608,Piccolo,Molto piccolo,1
5948,73024,San Giorgio Ionico,101,14414,23.5598,611.804854031019,4.286963386785966,7.007076453448037,Medio,Piccolo,1
5949,73025,San Marzano di San Giuseppe,71,8950,19.1944,466.2818322010586,3.69899554036594,7.932960893854748,Medio,Piccolo,1
5950,73026,Sava,262,15463,44.5686,346.9482999241618,5.878578191821148,16.943671991204813,Medio,Piccolo,0
5951,73027,Taranto,3305,190717,249.8582,763.3009442956044,13.22750263949712,17.329341380160134,Grande,Grande,3
5952,73028,Torricella,41,4175,26.9252,155.0592010458604,1.5227370641629403,9.820359281437126,Piccolo,Piccolo,1
5953,73029,Statte,96,13191,67.32,195.94474153297685,1.4260249554367204,7.27768933363657,Medio,Medio,1
5954,74001,Brindisi,1577,83690,333.0135,251.3111330321443,4.735543754232186,18.84335046003107,Grande,Molto grande,0
5955,74002,Carovigno,266,16761,106.6192,157.20433092726262,2.494860212794693,15.870174810572165,Medio,Grande,0
5956,74003,Ceglie Messapica,208,18991,132.0201,143.8493077947979,1.5755176673854965,10.95255647411932,Medio,Grande,1
5957,74004,Cellino San Marco,59,6227,37.8384,164.56826927142797,1.5592625480992854,9.4748675124458,Medio,Piccolo,1
5958,74005,Cisternino,72,11252,54.1688,207.7210497555789,1.3291784200499182,6.3988624244578745,Medio,Medio,1
5959,74006,Erchie,66,8276,44.6284,185.4424536842011,1.4788789201495012,7.974867085548573,Medio,Piccolo,1
5960,74007,Fasano,512,38890,131.7854,295.10097476655227,3.8851041162374575,13.165338133196194,Grande,Grande,0
5961,74008,Francavilla Fontana,457,35324,177.9378,198.518808257717,2.568313197083475,12.937379685199865,Grande,Grande,0
5962,74009,Latiano,103,13767,55.382,248.5825719547868,1.8598100465855327,7.481659039732694,Medio,Medio,1
5963,74010,Mesagne,303,25964,124.0505,209.3018569050508,2.442553637429917,11.67000462178401,Grande,Grande,0
5964,74011,Oria,144,14630,83.6667,174.8604881033912,1.721114852145477,9.84278879015721,Medio,Medio,1
5965,74012,Ostuni,392,30276,225.5577,134.22729527743897,1.7379145114531669,12.947549213898798,Grande,Grande,0
5966,74013,San Donaci,43,6276,34.0443,184.3480406411646,1.2630601892240405,6.851497769279796,Medio,Piccolo,1
5967,74014,San Michele Salentino,43,6170,26.5343,232.5292169003893,1.620543975156684,6.9692058346839545,Medio,Piccolo,1
5968,74015,San Pancrazio Salentino,51,9429,56.6779,166.36113899773986,0.8998216235957931,5.408845052497614,Medio,Medio,1
5969,74016,San Pietro Vernotico,120,13114,46.9393,279.3820956000622,2.5564931730980223,9.150526155253926,Medio,Piccolo,1
5970,74017,San Vito dei Normanni,116,18439,67.079,274.8848372814145,1.7293042531939953,6.291013612451868,Medio,Medio,1
5971,74018,Torchiarolo,55,5205,32.479,160.25739708734875,1.6934018904522925,10.566762728146012,Medio,Piccolo,1
5972,74019,Torre Santa Susanna,122,10206,55.7645,183.0196630472792,2.187771790296694,11.953752694493437,Medio,Medio,0
5973,74020,Villa Castelli,61,9059,35.1455,257.7570385966909,1.7356418318134612,6.733635059057291,Medio,Piccolo,1
5974,75002,Alessano,66,6116,28.6923,213.15823409067937,2.3002687132087702,10.79136690647482,Medio,Piccolo,1
5975,75003,Alezio,25,5580,16.7894,332.35255577924164,1.489034748114882,4.480286738351254,Medio,Piccolo,1
5976,75004,Alliste,36,6470,23.5298,274.9704629873607,1.5299747554165355,5.564142194744976,Medio,Piccolo,1
5977,75005,Andrano,19,4632,15.7116,294.8140227602536,1.2092975890424909,4.101899827288428,Piccolo,Piccolo,1
5978,75006,Aradeo,69,8922,8.5803,1039.8237823852314,8.0416768644453,7.73369199731002,Medio,Molto piccolo,1
5979,75007,Arnesano,37,3959,13.5612,291.9358168893608,2.7283721204613163,9.345794392523365,Piccolo,Piccolo,1
5980,75008,Bagnolo del Salento,2,1769,6.7446,262.28390119503007,0.2965335231147881,1.130582249858677,Piccolo,Molto piccolo,1
5981,75009,Botrugno,17,2670,9.7498,273.851771318386,1.7436255102668772,6.367041198501872,Piccolo,Molto piccolo,1
5982,75010,Calimera,25,6794,11.1807,607.6542613610955,2.235995957319309,3.679717397703856,Medio,Piccolo,1
5983,75011,Campi Salentina,142,9910,45.8786,216.00484757599403,3.095124960221105,14.328960645812312,Medio,Piccolo,0
5984,75012,Cannole,7,1631,20.3484,80.15372215997326,0.3440073912445204,4.291845493562231,Piccolo,Piccolo,1
5985,75013,Caprarica di Lecce,9,2337,10.7074,218.2602685992865,0.8405401871602817,3.851091142490372,Piccolo,Piccolo,1
5986,75014,Carmiano,101,11733,24.2405,484.0246694581383,4.166580722344836,8.608199096565244,Medio,Piccolo,1
5987,75015,Carpignano Salentino,34,3677,48.9866,75.0613433061286,0.6940673571956412,9.246668479738918,Piccolo,Piccolo,1
5988,75016,Casarano,174,19404,38.7274,501.0406069088036,4.49294298093856,8.967223252937538,Medio,Piccolo,1
5989,75017,Castri di Lecce,9,2779,12.9451,214.67582328448603,0.6952437601872523,3.238575026988125,Piccolo,Piccolo,1
5990,75018,Castrignano de' Greci,22,3736,9.6246,388.1719759782225,2.2858092803856787,5.888650963597431,Piccolo,Molto piccolo,1
5991,75019,Castrignano del Capo,24,5133,20.7689,247.1483805112452,1.155573959140831,4.675628287551139,Medio,Piccolo,1
5992,75020,Cavallino,100,12766,22.6543,563.5133285954543,4.414173026754303,7.833307222309259,Medio,Piccolo,1
5993,75021,Collepasso,22,5725,12.7891,447.6468242487744,1.7202148704756397,3.842794759825328,Medio,Piccolo,1
5994,75022,Copertino,160,23227,58.5317,396.8277019119554,2.733561471817836,6.888534894734576,Grande,Medio,1
5995,75023,Corigliano d'Otranto,57,5678,28.4134,199.835288983367,2.006095715401888,10.038746037337091,Medio,Piccolo,1
5996,75024,Corsano,32,5250,9.1202,575.6452709370408,3.508694984759106,6.095238095238096,Medio,Molto piccolo,1
5997,75025,Cursi,21,3901,8.3571,466.78871857462514,2.512833399145636,5.3832350679313,Piccolo,Molto piccolo,1
5998,75026,Cutrofiano,81,8723,56.8074,153.5539383953499,1.4258705731999703,9.285796171042074,Medio,Medio,1
5999,75027,Diso,16,2867,11.4238,250.96727883891523,1.4005847441306745,5.580746424834322,Piccolo,Piccolo,1
6000,75028,Gagliano del Capo,47,4906,16.5981,295.575999662612,2.8316494056548644,9.580105992662046,Piccolo,Piccolo,1
6001,75029,Galatina,296,25944,82.6466,313.9149099902476,3.581514545062954,11.409189022510022,Grande,Medio,0
6002,75030,Galatone,213,15015,47.0682,319.0051882162479,4.525348324346374,14.185814185814186,Medio,Piccolo,0
6003,75031,Gallipoli,286,19679,41.2188,477.4277756751773,6.938581424010403,14.533258803801006,Medio,Piccolo,0
6004,75032,Giuggianello,10,1148,10.2665,111.81999707787465,0.9740417863926362,8.710801393728223,Piccolo,Piccolo,1
6005,75033,Giurdignano,18,1929,14.0433,137.36087671701097,1.281750016021875,9.33125972006221,Piccolo,Piccolo,1
6006,75034,Guagnano,43,5488,38.0291,144.31054113823362,1.1307130592099208,7.83527696793003,Medio,Piccolo,1
6007,75035,Lecce,2113,95037,238.8158,397.9510568396228,8.847823301473353,22.233445921062323,Grande,Grande,0
6008,75036,Lequile,111,8708,36.8041,236.6040740026247,3.0159683296154505,12.746899402847957,Medio,Piccolo,0
6009,75037,Leverano,92,13748,49.503,277.7205421893623,1.8584732238450197,6.69188245562991,Medio,Piccolo,1
6010,75038,Lizzanello,51,11889,25.4162,467.77252303648856,2.0065942194348487,4.2896795357052735,Medio,Piccolo,1
6011,75039,Maglie,144,13752,22.6639,606.7799451991934,6.353716703656476,10.471204188481677,Medio,Piccolo,1
6012,75040,Martano,83,8693,22.2478,390.73526371146806,3.730705957442983,9.547912113194524,Medio,Piccolo,1
6013,75041,Martignano,7,1616,6.4921,248.91791562052344,1.0782335453859306,4.331683168316832,Piccolo,Molto piccolo,1
6014,75042,Matino,79,11037,26.6286,414.4791690137672,2.966735014232817,7.157742140074296,Medio,Piccolo,1
6015,75043,Melendugno,119,9944,92.3099,107.7240902655078,1.289135834834617,11.967015285599356,Medio,Medio,0
6016,75044,Melissano,49,6772,12.5488,539.6531939308938,3.904755833227081,7.235676314235086,Medio,Piccolo,1
6017,75045,Melpignano,33,2134,11.1026,192.20723073874584,2.972276764001225,15.463917525773196,Piccolo,Piccolo,0
6018,75046,Miggiano,32,3329,7.799,426.8495961020644,4.103090139761508,9.612496245118654,Piccolo,Molto piccolo,1
6019,75047,Minervino di Lecce,15,3505,18.1285,193.34197534269245,0.8274264280001103,4.279600570613409,Piccolo,Piccolo,1
6020,75048,Monteroni di Lecce,99,13452,16.7428,803.4498411257376,5.912989464127865,7.359500446030331,Medio,Piccolo,1
6021,75049,Montesano Salentino,22,2612,8.5283,306.2744040430097,2.5796465884173867,8.422664624808576,Piccolo,Molto piccolo,1
6022,75050,Morciano di Leuca,15,3071,13.5676,226.3480645066187,1.1055750464341518,4.88440247476392,Piccolo,Piccolo,1
6023,75051,Muro Leccese,45,4799,16.7671,286.21526680224963,2.683827256949621,9.37695353198583,Piccolo,Piccolo,1
6024,75052,Nardò,594,30775,193.2643,159.23789339262348,3.0735112485854863,19.30138099106417,Grande,Grande,0
6025,75053,Neviano,30,4986,16.3019,305.8539188683528,1.8402762868131937,6.016847172081829,Piccolo,Piccolo,1
6026,75054,Nociglia,20,2188,11.1267,196.6441083160326,1.7974781381721443,9.140767824497258,Piccolo,Piccolo,1
6027,75055,Novoli,50,7655,18.0457,424.2007791329791,2.770743168732717,6.531678641410843,Medio,Piccolo,1
6028,75056,Ortelle,25,2246,10.2252,219.65340531236555,2.444939952274772,11.130899376669634,Piccolo,Piccolo,1
6029,75057,Otranto,76,5707,77.1936,73.93099946109521,0.9845375782448286,13.316979148414228,Medio,Medio,0
6030,75058,Palmariggi,14,1399,8.9724,155.9226071062369,1.5603406000624136,10.007147962830594,Piccolo,Molto piccolo,1
6031,75059,Parabita,63,8694,21.0919,412.19615112910645,2.9869286313703367,7.246376811594203,Medio,Piccolo,1
6032,75060,Patù,13,1640,8.6891,188.742217260706,1.4961273319446202,7.926829268292683,Piccolo,Molto piccolo,1
6033,75061,Poggiardo,77,5845,19.9594,292.84447428279407,3.857831397737407,13.173652694610778,Medio,Piccolo,0
6034,75063,Racale,105,10634,24.2878,437.8329861082519,4.32315812877247,9.873989091593003,Medio,Piccolo,1
6035,75064,Ruffano,65,9411,39.7265,236.89476797603612,1.636187431563314,6.906811178408246,Medio,Piccolo,1
6036,75065,Salice Salentino,81,7889,59.8721,131.7642107091617,1.3528838975081885,10.267461021675752,Medio,Medio,1
6037,75066,Salve,65,4483,33.0704,135.5592916928734,1.965503894721564,14.499219272808388,Piccolo,Piccolo,0
6038,75067,Sanarica,12,1443,13.0223,110.80991837079472,0.9214962026677316,8.316008316008316,Piccolo,Piccolo,1
6039,75068,San Cesario di Lecce,61,7880,8.0889,974.1744860240576,7.541198432419735,7.741116751269036,Medio,Molto piccolo,1
6040,75069,San Donato di Lecce,17,5498,21.5772,254.80599892479097,0.787868676195243,3.092033466715169,Medio,Piccolo,1
6041,75070,Sannicola,62,5687,27.639,205.7599768443142,2.243207062484171,10.902057323720769,Medio,Piccolo,1
6042,75071,San Pietro in Lama,14,3443,8.1977,419.9958524952121,1.707796089146956,4.066221318617485,Piccolo,Molto piccolo,1
6043,75072,Santa Cesarea Terme,36,2877,26.8239,107.25509713352643,1.3420867211702998,12.51303441084463,Piccolo,Piccolo,0
6044,75073,Scorrano,41,6689,35.3303,189.32757434836387,1.1604769843448823,6.129466287935416,Medio,Piccolo,1
6045,75074,Seclì,13,1825,8.7759,207.9558791690881,1.4813295502455588,7.123287671232877,Piccolo,Molto piccolo,1
6046,75075,Sogliano Cavour,24,3923,5.3306,735.9396690804037,4.502307432559187,6.117767015039511,Piccolo,Molto piccolo,1
6047,75076,Soleto,52,5254,30.4551,172.51626164419093,1.7074315960216844,9.8972211648268,Medio,Piccolo,1
6048,75077,Specchia,35,4560,25.0953,181.70733165174357,1.3946834666252246,7.675438596491228,Piccolo,Piccolo,1
6049,75078,Spongano,22,3491,12.4246,280.9748402363054,1.7706807462614491,6.301919220853624,Piccolo,Piccolo,1
6050,75079,Squinzano,119,13477,31.3741,429.55813871951705,3.792937486653004,8.829858277064629,Medio,Piccolo,1
6051,75080,Sternatia,18,2171,16.7645,129.49983596289778,1.073697396283814,8.291110087517273,Piccolo,Piccolo,1
6052,75081,Supersano,10,4162,36.4054,114.3236992314327,0.2746845248232405,2.402691013935608,Piccolo,Piccolo,1
6053,75082,Surano,45,1569,8.9883,174.56026167350888,5.0065084609992985,28.680688336520078,Piccolo,Molto piccolo,0
6054,75083,Surbo,143,14725,20.7829,708.5151735320865,6.880656693724167,9.711375212224109,Medio,Piccolo,1
6055,75084,Taurisano,76,11328,23.6797,478.3844389920481,3.2095001203562545,6.709039548022599,Medio,Piccolo,1
6056,75085,Taviano,132,11531,22.1311,521.0314896232,5.964457256982255,11.44740265371607,Medio,Piccolo,0
6057,75086,Tiggiano,19,2778,7.7107,360.278573929734,2.4641083170140194,6.839452843772499,Piccolo,Molto piccolo,1
6058,75087,Trepuzzi,99,14100,23.9139,589.6152446903264,4.139851718038463,7.0212765957446805,Medio,Piccolo,1
6059,75088,Tricase,161,17129,43.3296,395.3186736088032,3.715704737638935,9.39926440539436,Medio,Piccolo,1
6060,75089,Tuglie,19,5091,8.5014,598.8425435810573,2.234926012186228,3.7320762129247695,Medio,Molto piccolo,1
6061,75090,Ugento,207,12006,100.396,119.58643770668154,2.06183513287382,17.241379310344826,Medio,Grande,0
6062,75091,Uggiano la Chiesa,36,4354,14.458,301.14815327154514,2.4899709503389125,8.268259072117592,Piccolo,Piccolo,1
6063,75092,Veglie,115,13458,62.3085,215.9897927249091,1.845655087187141,8.545103284291871,Medio,Medio,1
6064,75093,Vernole,54,6784,61.2746,110.71471702793652,0.8812787027577496,7.959905660377358,Medio,Medio,1
6065,75094,Zollino,16,1884,9.9545,189.2611381787132,1.607313275403084,8.492569002123142,Piccolo,Molto piccolo,1
6066,75095,San Cassiano,15,1966,8.7747,224.0532439855494,1.7094601524838458,7.629704984740591,Piccolo,Molto piccolo,1
6067,75096,Castro,10,2331,4.5637,510.7697701426474,2.1912045051164624,4.29000429000429,Piccolo,Molto piccolo,1
6068,75097,Porto Cesareo,191,6232,35.1153,177.472497743149,5.439224497583675,30.64826700898588,Medio,Piccolo,0
6069,75098,Presicce-Acquarica,58,9436,43.0595,219.1386337509725,1.3469733740521836,6.146672318779143,Medio,Piccolo,1
6070,76001,Abriola,1,1329,97.1894,13.674330739772032,0.0102891879155545,0.7524454477050414,Piccolo,Medio,1
6071,76002,Acerenza,16,2204,77.6422,28.386624799400327,0.206073501266064,7.259528130671506,Piccolo,Medio,1
6072,76003,Albano di Lucania,3,1369,55.8735,24.501776334040287,0.0536927165829955,2.191380569758948,Piccolo,Medio,1
6073,76004,Anzi,5,1573,77.0954,20.403292544042834,0.0648547124731177,3.178639542275906,Piccolo,Medio,1
6074,76005,Armento,9,577,58.9765,9.783557857790814,0.1526031554941375,15.59792027729636,Molto piccolo,Medio,0
6075,76006,Atella,27,3744,88.4769,42.31612997290818,0.3051643988430879,7.211538461538462,Piccolo,Medio,1
6076,76007,Avigliano,32,10796,85.4804,126.29795836238482,0.3743548228599772,2.9640607632456466,Medio,Medio,1
6077,76008,Balvano,5,1751,42.1526,41.53954916185479,0.1186166452365927,2.8555111364934325,Piccolo,Piccolo,1
6078,76009,Banzi,9,1230,83.0544,14.80957059469456,0.1083627116684967,7.317073170731708,Piccolo,Medio,1
6079,76010,Baragiano,23,2536,29.603,85.66699321014761,0.776948282268689,9.069400630914828,Piccolo,Piccolo,1
6080,76011,Barile,20,2664,24.1247,110.42624364240798,0.8290258531712311,7.5075075075075075,Piccolo,Piccolo,1
6081,76012,Bella,14,4796,99.7113,48.09886141289904,0.1404053502461607,2.9190992493744785,Piccolo,Medio,1
6082,76013,Brienza,17,3873,82.9325,46.70063003044645,0.2049859825761914,4.389362251484637,Piccolo,Medio,1
6083,76014,Brindisi Montagna,3,840,59.8776,14.028618381498257,0.0501022085053509,3.571428571428571,Molto piccolo,Medio,1
6084,76015,Calvello,1,1775,106.3938,16.68330297442144,0.0093990439292515,0.5633802816901409,Piccolo,Grande,1
6085,76016,Calvera,2,361,16.0061,22.5539013251198,0.124952361912021,5.54016620498615,Molto piccolo,Piccolo,1
6086,76017,Campomaggiore,0,746,12.4751,59.7991198467347,0.0,0.0,Molto piccolo,Piccolo,1
6087,76018,Cancellara,5,1166,42.4985,27.436262456321987,0.1176512112192195,4.288164665523157,Piccolo,Piccolo,1
6088,76019,Carbone,0,550,48.529,11.33342949576542,0.0,0.0,Molto piccolo,Piccolo,1
6089,76020,San Paolo Albanese,0,226,30.2232,7.477699250906588,0.0,0.0,Molto piccolo,Piccolo,1
6090,76021,Castelgrande,4,841,34.8983,24.09859506050438,0.1146187636647057,4.756242568370986,Molto piccolo,Piccolo,1
6091,76022,Castelluccio Inferiore,5,1955,28.963,67.49991368297482,0.172634050340089,2.557544757033248,Piccolo,Piccolo,1
6092,76023,Castelluccio Superiore,3,739,32.9788,22.408335051608912,0.0909675306560578,4.059539918809201,Molto piccolo,Piccolo,1
6093,76024,Castelmezzano,1,744,33.9081,21.941659957355323,0.0294914784373055,1.3440860215053765,Molto piccolo,Piccolo,1
6094,76025,Castelsaraceno,0,1243,74.7742,16.623380791770426,0.0,0.0,Piccolo,Medio,1
6095,76026,Castronuovo di Sant'Andrea,0,943,47.4521,19.8726715993602,0.0,0.0,Molto piccolo,Piccolo,1
6096,76027,Cersosimo,0,571,24.7426,23.07760704210552,0.0,0.0,Molto piccolo,Piccolo,1
6097,76028,Chiaromonte,6,1778,70.0175,25.393651587103225,0.085692862498661,3.374578177727784,Piccolo,Medio,1
6098,76029,Corleto Perticara,8,2351,89.3392,26.31543600121783,0.089546358149614,3.4028073160357297,Piccolo,Medio,1
6099,76030,Episcopia,3,1276,28.644,44.5468509984639,0.1047339757017176,2.3510971786833856,Piccolo,Piccolo,1
6100,76031,Fardella,2,559,29.0762,19.22534581547795,0.0687847793040356,3.5778175313059037,Molto piccolo,Piccolo,1
6101,76032,Filiano,11,2800,71.8087,38.9924897679529,0.1531847812312435,3.928571428571429,Piccolo,Medio,1
6102,76033,Forenza,6,1901,116.3055,16.344884807683215,0.0515882739853231,3.156233561283535,Piccolo,Grande,1
6103,76034,Francavilla in Sinni,14,3987,46.8176,85.16028160349954,0.2990328423498855,3.511412089290193,Piccolo,Piccolo,1
6104,76035,Gallicchio,3,824,23.6307,34.86989382455873,0.126953496934073,3.6407766990291264,Molto piccolo,Piccolo,1
6105,76036,Genzano di Lucania,22,5377,208.9252,25.736483679326383,0.105300844512773,4.0915008368978985,Medio,Grande,1
6106,76037,Grumento Nova,23,1598,66.6494,23.976209838348133,0.3450893781489406,14.392991239048811,Piccolo,Medio,0
6107,76038,Guardia Perticara,3,524,53.6795,9.761640849858884,0.0558872567740012,5.7251908396946565,Molto piccolo,Medio,1
6108,76039,Lagonegro,54,5192,113.067,45.91967594435158,0.4775929316246119,10.400616332819723,Medio,Grande,1
6109,76040,Latronico,11,4173,76.6582,54.43644645973947,0.1434941076101447,2.6359932901988974,Piccolo,Medio,1
6110,76041,Laurenzana,3,1642,95.7074,17.15645812131559,0.0313455385894925,1.8270401948842876,Piccolo,Medio,1
6111,76042,Lauria,94,12166,176.6271,68.87957736949765,0.532194663219857,7.726450764425447,Medio,Grande,1
6112,76043,Lavello,67,13139,134.6546,97.57557484111202,0.4975693366583837,5.099322627292792,Medio,Grande,1
6113,76044,Maratea,71,4837,67.8354,71.30495287121472,1.0466511585396414,14.678519743642754,Piccolo,Medio,0
6114,76045,Marsico Nuovo,25,3910,100.9652,38.72621457690373,0.2476100676272616,6.39386189258312,Piccolo,Grande,1
6115,76046,Marsicovetere,42,5536,38.0116,145.63975207568217,1.1049258647360278,7.586705202312139,Medio,Piccolo,1
6116,76047,Maschito,1,1511,45.8173,32.978809314385614,0.0218258168857614,0.6618133686300464,Piccolo,Piccolo,1
6117,76048,Melfi,171,17196,206.206,83.39233581952028,0.8292678195590817,9.944173063503142,Medio,Grande,1
6118,76049,Missanello,8,533,22.3407,23.85780212795481,0.3580908386935056,15.0093808630394,Molto piccolo,Piccolo,0
6119,76050,Moliterno,11,3663,98.5528,37.167893758472616,0.1116152965719898,3.003003003003003,Piccolo,Medio,1
6120,76051,Montemilone,13,1438,114.133,12.599335862546328,0.1139022018171782,9.040333796940196,Piccolo,Grande,1
6121,76052,Montemurro,14,1144,56.8705,20.115877300181992,0.2461733236036258,12.237762237762238,Piccolo,Medio,0
6122,76053,Muro Lucano,13,4999,126.184,39.61675014264883,0.1030241552019273,2.600520104020804,Piccolo,Grande,1
6123,76054,Nemoli,7,1402,19.4925,71.92509939720405,0.3591124791586507,4.992867332382311,Piccolo,Piccolo,1
6124,76055,Noepoli,1,773,46.7094,16.549131438211578,0.0214089669317096,1.29366106080207,Molto piccolo,Piccolo,1
6125,76056,Oppido Lucano,23,3627,54.8779,66.09217918324134,0.4191122473709818,6.341328921974084,Piccolo,Medio,1
6126,76057,Palazzo San Gervasio,22,4540,62.9102,72.16635776074467,0.3497048173428156,4.845814977973568,Piccolo,Medio,1
6127,76058,Pescopagano,4,1727,69.8342,24.730003350793737,0.0572785254216415,2.3161551823972206,Piccolo,Medio,1
6128,76059,Picerno,33,5687,78.5089,72.43764719668725,0.4203345098453806,5.802707930367505,Medio,Medio,1
6129,76060,Pietragalla,22,3930,66.0977,59.45743951756264,0.3328406283425898,5.597964376590331,Piccolo,Medio,1
6130,76061,Pietrapertosa,1,945,67.7025,13.958125623130607,0.0147705033049001,1.0582010582010584,Molto piccolo,Medio,1
6131,76062,Pignola,25,6830,56.235,121.45461011825375,0.4445629945763314,3.660322108345535,Medio,Medio,1
6132,76063,Potenza,817,65420,175.4318,372.9084464732164,4.6570804152952885,12.488535616019565,Grande,Grande,0
6133,76064,Rapolla,35,4146,29.8734,138.78567555082446,1.1716108645149197,8.44187168355041,Piccolo,Piccolo,1
6134,76065,Rapone,8,908,29.506,30.77340201992815,0.2711312953297634,8.81057268722467,Molto piccolo,Piccolo,1
6135,76066,Rionero in Vulture,110,12652,53.5181,236.40600096042277,2.055379395008418,8.694277584571608,Medio,Medio,1
6136,76067,Ripacandida,18,1594,33.4848,47.60368883792049,0.5375573394495413,11.292346298619824,Piccolo,Piccolo,1
6137,76068,Rivello,17,2591,69.5848,37.23514330715904,0.2443062277968751,6.561173292165187,Piccolo,Medio,1
6138,76069,Roccanova,8,1345,61.7351,21.78663353586533,0.1295859243768941,5.947955390334572,Piccolo,Medio,1
6139,76070,Rotonda,10,3282,42.9226,76.46321518267766,0.2329774990331433,3.0469226081657528,Piccolo,Piccolo,1
6140,76071,Ruoti,6,3383,55.4508,61.00903864326574,0.1082040295180592,1.7735737511084837,Piccolo,Medio,1
6141,76072,Ruvo del Monte,8,993,32.621,30.440513779467214,0.2452407958063823,8.056394763343404,Molto piccolo,Piccolo,1
6142,76073,San Chirico Nuovo,2,1225,23.3938,52.36430165257462,0.0854927373919585,1.6326530612244898,Piccolo,Piccolo,1
6143,76074,San Chirico Raparo,6,955,84.0711,11.359432670679936,0.0713681633759996,6.282722513089006,Molto piccolo,Medio,1
6144,76075,San Costantino Albanese,0,624,43.2479,14.428446236695883,0.0,0.0,Molto piccolo,Piccolo,1
6145,76076,San Fele,13,2654,97.6989,27.165096024622592,0.1330618870836826,4.898266767143934,Piccolo,Medio,1
6146,76077,San Martino d'Agri,3,685,50.3893,13.594155902145893,0.0595364492064783,4.37956204379562,Molto piccolo,Medio,1
6147,76078,San Severino Lucano,2,1419,61.1583,23.202083772766738,0.0327020208213766,1.4094432699083863,Piccolo,Medio,1
6148,76079,Sant'Angelo Le Fratte,6,1331,23.1067,57.60234044671026,0.2596649456651101,4.507888805409467,Piccolo,Piccolo,1
6149,76080,Sant'Arcangelo,31,6062,89.0963,68.03874010480794,0.3479381298662234,5.11382382052128,Medio,Medio,1
6150,76081,Sarconi,0,1405,30.686,45.78635208238285,0.0,0.0,Piccolo,Piccolo,1
6151,76082,Sasso di Castalda,1,766,45.4313,16.860622522357932,0.022011256556603,1.3054830287206267,Molto piccolo,Piccolo,1
6152,76083,Satriano di Lucania,14,2254,32.9008,68.5089724262024,0.4255215678646112,6.211180124223602,Piccolo,Piccolo,1
6153,76084,Savoia di Lucania,7,1018,32.8373,31.001330803689708,0.2131722157424636,6.8762278978389,Piccolo,Piccolo,1
6154,76085,Senise,30,6656,97.3049,68.40354391197154,0.3083092423916986,4.507211538461538,Medio,Medio,1
6155,76086,Spinoso,2,1362,38.1821,35.67116528425624,0.0523805657624908,1.4684287812041117,Piccolo,Piccolo,1
6156,76087,Teana,0,551,19.2982,28.551885668093394,0.0,0.0,Molto piccolo,Piccolo,1
6157,76088,Terranova di Pollino,0,1065,113.069,9.419027319601303,0.0,0.0,Piccolo,Grande,1
6158,76089,Tito,80,7162,71.2665,100.49602548181824,1.1225470592775006,11.170064227869313,Medio,Medio,1
6159,76090,Tolve,21,3047,128.6832,23.678304549467217,0.1631914655526129,6.892024942566459,Piccolo,Grande,1
6160,76091,Tramutola,15,2946,36.6436,80.396030957657,0.4093484264646487,5.091649694501019,Piccolo,Piccolo,1
6161,76092,Trecchina,30,2159,38.1885,56.53534440996636,0.7855768097725756,13.895321908290876,Piccolo,Piccolo,0
6162,76093,Trivigno,3,603,25.9965,23.1954301540592,0.115400150020195,4.975124378109452,Molto piccolo,Piccolo,1
6163,76094,Vaglio Basilicata,22,1903,43.3628,43.88554244652098,0.5073473115204737,11.560693641618496,Piccolo,Piccolo,0
6164,76095,Venosa,70,11093,170.3885,65.10415902481682,0.4108258479885673,6.310285765798251,Medio,Grande,1
6165,76096,Vietri di Potenza,21,2694,52.241,51.56869125782431,0.4019831167090982,7.795100222717149,Piccolo,Medio,1
6166,76097,Viggianello,6,2790,120.827,23.09086545225819,0.0496577751661466,2.150537634408602,Piccolo,Grande,1
6167,76098,Viggiano,36,3269,89.6975,36.444716965355774,0.4013489785111067,11.012542061792598,Piccolo,Medio,1
6168,76099,Ginestra,6,721,13.3184,54.135631907736666,0.4505045651129264,8.321775312066574,Molto piccolo,Piccolo,1
6169,76100,Paterno,9,3100,40.7355,76.10069840802248,0.220937511507162,2.903225806451613,Piccolo,Piccolo,1
6170,77001,Accettura,2,1679,90.3668,18.579832416329893,0.0221320219372601,1.1911852293031568,Piccolo,Medio,1
6171,77002,Aliano,13,891,98.4081,9.054132739073308,0.1321029468102727,14.590347923681255,Molto piccolo,Medio,0
6172,77003,Bernalda,83,12050,126.1966,95.48593226758882,0.6577039318016491,6.8879668049792535,Medio,Grande,1
6173,77004,Calciano,6,678,49.6912,13.644266992948449,0.1207457256013137,8.849557522123893,Molto piccolo,Piccolo,1
6174,77005,Cirigliano,0,297,14.9042,19.92726882355309,0.0,0.0,Molto piccolo,Piccolo,1
6175,77006,Colobraro,2,1086,66.6099,16.303882756166878,0.0300255667701047,1.8416206261510129,Piccolo,Medio,1
6176,77007,Craco,2,651,77.0417,8.449969302338863,0.0259599671346816,3.072196620583717,Molto piccolo,Medio,1
6177,77008,Ferrandina,42,8137,218.1083,37.30715428986425,0.1925648863431607,5.161607472041292,Medio,Grande,1
6178,77009,Garaguso,6,1001,38.6109,25.925321606074966,0.1553965331033464,5.994005994005994,Piccolo,Piccolo,1
6179,77010,Gorgoglione,0,888,34.9256,25.42547586870376,0.0,0.0,Molto piccolo,Piccolo,1
6180,77011,Grassano,17,4865,41.6299,116.8631200171031,0.4083603371615113,3.494347379239465,Piccolo,Piccolo,1
6181,77012,Grottole,21,2088,117.1502,17.823273028983305,0.1792570563259815,10.057471264367816,Piccolo,Grande,1
6182,77013,Irsina,19,4459,263.453,16.925220058226706,0.0721191256125381,4.261045077371608,Piccolo,Molto grande,1
6183,77014,Matera,929,59794,392.081,152.50420193786488,2.369408362047638,15.536675920660937,Grande,Molto grande,0
6184,77015,Miglionico,23,2395,88.8385,26.9590324014926,0.2588967621020165,9.603340292275574,Piccolo,Medio,1
6185,77016,Montalbano Jonico,50,6874,135.9956,50.54575295083076,0.3676589536720305,7.273785277858598,Medio,Grande,1
6186,77017,Montescaglioso,53,9224,175.7987,52.4691024450124,0.3014811827391215,5.745880312228968,Medio,Grande,1
6187,77018,Nova Siri,12,6663,52.7498,126.31327512142228,0.227489014176357,1.8009905447996395,Medio,Medio,1
6188,77019,Oliveto Lucano,0,374,31.1844,11.993176075217097,0.0,0.0,Molto piccolo,Piccolo,1
6189,77020,Pisticci,185,16889,233.6684,72.27763788342797,0.7917202326031249,10.953875303451952,Medio,Grande,1
6190,77021,Policoro,226,17762,67.6564,262.532443346084,3.340408298401925,12.72379236572458,Medio,Medio,0
6191,77022,Pomarico,17,3884,129.6666,29.953742906808696,0.1311054658639927,4.376930998970134,Piccolo,Grande,1
6192,77023,Rotondella,17,2489,76.7161,32.44429787228496,0.2215962490272576,6.8300522298111686,Piccolo,Medio,1
6193,77024,Salandra,15,2595,77.4371,33.51106898373002,0.1937056010620232,5.780346820809248,Piccolo,Medio,1
6194,77025,San Giorgio Lucano,1,1091,39.2579,27.790584824965165,0.0254725800412146,0.9165902841429882,Piccolo,Piccolo,1
6195,77026,San Mauro Forte,3,1310,87.0579,15.04745692234708,0.0344598250130085,2.290076335877863,Piccolo,Medio,1
6196,77027,Stigliano,18,3768,211.1428,17.84574231278547,0.0852503613668095,4.777070063694267,Piccolo,Grande,1
6197,77028,Tricarico,26,4890,178.1606,27.44714600197799,0.1459357456137889,5.316973415132924,Piccolo,Grande,1
6198,77029,Tursi,33,4849,159.93,30.319514787719623,0.206340273869818,6.805526912765519,Piccolo,Grande,1
6199,77030,Valsinni,3,1384,32.2192,42.955753091324425,0.093112181556339,2.167630057803468,Piccolo,Piccolo,1
6200,77031,Scanzano Jonico,105,7635,72.178,105.78015461775055,1.4547369004405777,13.7524557956778,Medio,Medio,0
6201,78001,Acquaformosa,0,998,22.7052,43.954688793756496,0.0,0.0,Molto piccolo,Piccolo,1
6202,78002,Acquappesa,9,1755,14.4536,121.4230364753418,0.6226822383350861,5.128205128205129,Piccolo,Piccolo,1
6203,78003,Acri,57,19380,200.6273,96.597023435993,0.284108892458803,2.941176470588235,Medio,Grande,1
6204,78004,Aiello Calabro,1,1468,38.5059,38.12402774639731,0.025970046148772,0.6811989100817438,Piccolo,Piccolo,1
6205,78005,Aieta,0,771,48.2952,15.964319435471849,0.0,0.0,Molto piccolo,Piccolo,1
6206,78006,Albidona,3,1203,64.669,18.602421562108585,0.0463900787085002,2.493765586034913,Piccolo,Medio,1
6207,78007,Alessandria del Carretto,1,375,41.112,9.12142440163456,0.0243237984043588,2.6666666666666665,Molto piccolo,Piccolo,1
6208,78008,Altilia,11,671,10.5604,63.53925987651983,1.041627211090489,16.393442622950822,Molto piccolo,Piccolo,0
6209,78009,Altomonte,31,4116,65.7159,62.63324400944063,0.4717275423451554,7.531584062196307,Piccolo,Medio,1
6210,78010,Amantea,116,13770,29.456,467.4769147202607,3.9380771319934817,8.424110384894698,Medio,Piccolo,1
6211,78011,Amendolara,16,2753,60.9084,45.19902016798997,0.2626895469262039,5.811841627315656,Piccolo,Medio,1
6212,78012,Aprigliano,9,2461,122.4229,20.10244815308247,0.0735156576098099,3.6570499796830553,Piccolo,Grande,1
6213,78013,Belmonte Calabro,7,1772,23.9782,73.90045958412225,0.2919318380862616,3.950338600451468,Piccolo,Piccolo,1
6214,78014,Belsito,14,900,11.5532,77.90049510092442,1.2117854793477132,15.555555555555555,Molto piccolo,Piccolo,0
6215,78015,Belvedere Marittimo,52,9045,37.085,243.89915059997304,1.4021841714979102,5.749032614704256,Medio,Piccolo,1
6216,78016,Bianchi,4,1218,33.3199,36.5547315568174,0.1200483794969372,3.284072249589491,Piccolo,Piccolo,1
6217,78017,Bisignano,59,9593,86.1967,111.2919636134562,0.684480960407997,6.150317940164704,Medio,Medio,1
6218,78018,Bocchigliero,3,1117,98.8185,11.303551460505878,0.030358687897509,2.6857654431512983,Piccolo,Medio,1
6219,78019,Bonifati,17,2611,33.8466,77.14216494418936,0.5022661064922326,6.510915358100345,Piccolo,Piccolo,1
6220,78020,Buonvicino,1,2072,30.5945,67.72459102126199,0.0326856134272499,0.4826254826254826,Piccolo,Piccolo,1
6221,78021,Calopezzati,9,1310,22.574,58.03136351554885,0.3986887569770532,6.870229007633587,Piccolo,Piccolo,1
6222,78022,Caloveto,2,1152,24.9642,46.14608118826159,0.0801147242851763,1.736111111111111,Piccolo,Piccolo,1
6223,78023,Campana,1,1546,104.6457,14.773660073944749,0.0095560543815942,0.646830530401035,Piccolo,Grande,1
6224,78024,Canna,1,661,20.3671,32.45430129964502,0.0490987916787367,1.5128593040847202,Molto piccolo,Piccolo,1
6225,78025,Cariati,17,7496,28.8228,260.07188753348044,0.5898108441927918,2.267876200640341,Medio,Piccolo,1
6226,78026,Carolei,5,3138,15.4296,203.37533053352,0.3240524705760356,1.5933715742511152,Piccolo,Piccolo,1
6227,78027,Carpanzano,0,214,14.2733,14.993028942150728,0.0,0.0,Molto piccolo,Piccolo,1
6228,78029,Cassano all'Ionio,128,16645,159.0676,104.64104569378053,0.8046893270534037,7.689996996094924,Medio,Grande,1
6229,78030,Castiglione Cosentino,6,2656,14.0869,188.543966380112,0.4259276348948314,2.2590361445783134,Piccolo,Piccolo,1
6230,78031,Castrolibero,31,9398,11.5571,813.1797769336598,2.6823338034628064,3.298574164715897,Medio,Piccolo,1
6231,78032,Castroregio,1,246,42.0574,5.849149020148654,0.0237770285371896,4.065040650406504,Molto piccolo,Piccolo,1
6232,78033,Castrovillari,145,21088,130.6354,161.42638212919314,1.1099594749968231,6.875948406676783,Grande,Grande,1
6233,78034,Celico,4,2545,99.7468,25.514602974732025,0.0401015370919167,1.5717092337917484,Piccolo,Medio,1
6234,78035,Cellara,2,485,5.8584,82.78710910828896,0.341390140652738,4.123711340206186,Molto piccolo,Molto piccolo,1
6235,78036,Cerchiara di Calabria,9,2218,81.9632,27.060924902883244,0.1098053760712124,4.057709648331831,Piccolo,Medio,1
6236,78037,Cerisano,2,2962,15.3177,193.37106745790817,0.1305679051032465,0.675219446320054,Piccolo,Piccolo,1
6237,78038,Cervicati,2,793,12.0861,65.61256319242766,0.165479352313815,2.522068095838588,Molto piccolo,Piccolo,1
6238,78039,Cerzeto,2,1227,21.8954,56.039168044429424,0.0913433871954839,1.6299918500407498,Piccolo,Piccolo,1
6239,78040,Cetraro,28,9478,66.1416,143.2986199305732,0.4233341800016933,2.9542097488921715,Medio,Medio,1
6240,78041,Civita,3,859,27.6187,31.10211559559284,0.1086220567948527,3.492433061699651,Molto piccolo,Piccolo,1
6241,78042,Cleto,6,1187,18.984,62.52633796881584,0.316055625790139,5.054759898904802,Piccolo,Piccolo,1
6242,78043,Colosimi,7,1163,25.5793,45.46645138842736,0.2736587787781526,6.0189165950128976,Piccolo,Piccolo,1
6243,78045,Cosenza,643,64070,37.8605,1692.2650255543376,16.98339958531979,10.035898236304044,Grande,Piccolo,3
6244,78046,Cropalati,1,1009,33.6973,29.94305181720791,0.0296759681042694,0.9910802775024776,Piccolo,Piccolo,1
6245,78047,Crosia,29,9621,21.1022,455.9240268787141,1.3742642947180863,3.01423968402453,Medio,Piccolo,1
6246,78048,Diamante,46,5049,12.2068,413.62191565357017,3.768391388406462,9.110714993067932,Medio,Piccolo,1
6247,78049,Dipignano,25,4196,23.3725,179.52722216279818,1.0696331158412664,5.958055290753098,Piccolo,Piccolo,1
6248,78050,Domanico,4,929,23.6617,39.26176056665413,0.169049561105077,4.3057050592034445,Molto piccolo,Piccolo,1
6249,78051,Fagnano Castello,15,3472,29.6743,117.00360244386556,0.5054879137839814,4.320276497695853,Piccolo,Piccolo,1
6250,78052,Falconara Albanese,7,1416,19.2708,73.47904601780932,0.3632438715569669,4.943502824858758,Piccolo,Piccolo,1
6251,78053,Figline Vegliaturo,10,1116,4.1646,267.97291456562454,2.401190990731403,8.960573476702509,Piccolo,Molto piccolo,1
6252,78054,Firmo,2,1888,11.7008,161.35648844523453,0.1709284835224942,1.0593220338983051,Piccolo,Piccolo,1
6253,78055,Fiumefreddo Bruzio,10,2769,32.06,86.36930754834684,0.3119151590767311,3.6114120621162873,Piccolo,Piccolo,1
6254,78056,Francavilla Marittima,19,2814,33.0161,85.23114480511023,0.575476812827681,6.751954513148543,Piccolo,Piccolo,1
6255,78057,Frascineto,5,1932,29.1137,66.36051068740834,0.171740452089566,2.587991718426501,Piccolo,Piccolo,1
6256,78058,Fuscaldo,41,7905,60.7961,130.02478777421578,0.674385363534832,5.186590765338394,Medio,Medio,1
6257,78059,Grimaldi,2,1536,24.7085,62.16484205840095,0.0809438047635429,1.3020833333333333,Piccolo,Piccolo,1
6258,78060,Grisolia,15,2199,51.7482,42.49423168342088,0.2898651547300196,6.8212824010914055,Piccolo,Medio,1
6259,78061,Guardia Piemontese,18,1728,21.4629,80.51102134380722,0.8386564723313251,10.416666666666666,Piccolo,Piccolo,1
6260,78062,Lago,9,2318,49.9546,46.402133136888295,0.1801635885383928,3.882657463330457,Piccolo,Piccolo,1
6261,78063,Laino Borgo,17,1769,57.0811,30.99099351624268,0.2978218709870693,9.609949123798756,Piccolo,Medio,1
6262,78064,Laino Castello,5,787,37.3359,21.078907967934345,0.1339193644722639,6.353240152477763,Molto piccolo,Piccolo,1
6263,78065,Lappano,3,893,12.2096,73.13916917835147,0.2457082951120429,3.3594624860022395,Molto piccolo,Piccolo,1
6264,78066,Lattarico,25,3799,43.9328,86.47297691019011,0.5690509141233885,6.580679126085812,Piccolo,Piccolo,1
6265,78067,Longobardi,24,2259,18.2379,123.86294474692812,1.315940980047045,10.624169986719789,Piccolo,Piccolo,1
6266,78068,Longobucco,4,2774,212.2541,13.069241065308043,0.0188453367920808,1.4419610670511895,Piccolo,Grande,1
6267,78069,Lungro,6,2264,35.65,63.50631136044881,0.1683029453015427,2.65017667844523,Piccolo,Piccolo,1
6268,78070,Luzzi,44,8754,77.6003,112.80884223385732,0.5670081172366601,5.026273703449852,Medio,Medio,1
6269,78071,Maierà,2,1156,17.7812,65.0124850966189,0.1124783479180257,1.7301038062283738,Piccolo,Piccolo,1
6270,78072,Malito,1,748,16.9158,44.21901417609572,0.0591163291124274,1.3368983957219251,Molto piccolo,Piccolo,1
6271,78073,Malvito,10,1693,38.2373,44.276138744105886,0.2615247415481742,5.9066745422327225,Piccolo,Piccolo,1
6272,78074,Mandatoriccio,10,2498,37.3158,66.94215318980163,0.2679829991585333,4.00320256204964,Piccolo,Piccolo,1
6273,78075,Mangone,19,1901,12.273,154.8928542328689,1.5481137456204677,9.994739610731196,Piccolo,Piccolo,1
6274,78076,Marano Marchesato,2,3356,5.0425,665.5428854734754,0.3966286564204263,0.5959475566150179,Piccolo,Molto piccolo,1
6275,78077,Marano Principato,1,3059,6.3222,483.8505583499415,0.1581727879535605,0.3269042170644001,Piccolo,Molto piccolo,1
6276,78078,Marzi,7,965,15.811,61.03345771930934,0.442729745114161,7.253886010362694,Molto piccolo,Piccolo,1
6277,78079,Mendicino,14,9267,35.6846,259.6918558705996,0.3923261014555298,1.510737023848063,Medio,Piccolo,1
6278,78080,Mongrassano,9,1489,35.1555,42.35468134431312,0.2560054614498442,6.044325050369375,Piccolo,Piccolo,1
6279,78081,Montalto Uffugo,122,20011,76.6698,261.0023764246157,1.591239314567144,6.096646844235671,Grande,Medio,1
6280,78082,Montegiordano,12,1639,35.8744,45.68717525589278,0.3345003679504047,7.3215375228798045,Piccolo,Piccolo,1
6281,78083,Morano Calabro,41,4021,116.2522,34.588592732008514,0.3526814976404747,10.196468540164137,Piccolo,Grande,1
6282,78084,Mormanno,25,2684,78.8798,34.02645544233124,0.3169379232705965,9.314456035767511,Piccolo,Medio,1
6283,78085,Mottafollone,3,1111,31.5829,35.17726364583366,0.0949881106548163,2.7002700270027,Piccolo,Piccolo,1
6284,78086,Nocara,0,343,34.046,10.074604946249192,0.0,0.0,Molto piccolo,Piccolo,1
6285,78087,Oriolo,10,1921,85.6014,22.44122175571895,0.1168205192905723,5.205622071837585,Piccolo,Medio,1
6286,78088,Orsomarso,7,1153,90.4127,12.752633203078773,0.077422751449741,6.071118820468344,Piccolo,Medio,1
6287,78089,Paludi,1,971,41.7394,23.263391423930383,0.0239581786034298,1.0298661174047374,Molto piccolo,Piccolo,1
6288,78090,Panettieri,0,318,14.6663,21.6823602408242,0.0,0.0,Molto piccolo,Piccolo,1
6289,78091,Paola,122,14928,42.8807,348.1286452879734,2.8451028084896004,8.17256162915327,Medio,Piccolo,1
6290,78092,Papasidero,0,652,55.2168,11.808000463627012,0.0,0.0,Molto piccolo,Medio,1
6291,78093,Parenti,2,2047,37.6176,54.41601803411169,0.0531666028667432,0.9770395701025892,Piccolo,Piccolo,1
6292,78094,Paterno Calabro,5,1322,24.2016,54.62448763718101,0.2065979108819251,3.7821482602118,Piccolo,Piccolo,1
6293,78096,Pedivigliano,4,763,16.6546,45.81316873416354,0.2401738858933868,5.242463958060289,Molto piccolo,Piccolo,1
6294,78097,Piane Crati,1,1382,2.3317,592.7006047090106,0.4288716387185315,0.723589001447178,Piccolo,Molto piccolo,1
6295,78098,Pietrafitta,0,1184,9.239,128.15239744561097,0.0,0.0,Piccolo,Molto piccolo,1
6296,78099,Pietrapaola,8,1019,52.8163,19.29328635288727,0.1514683913867499,7.850834151128557,Piccolo,Medio,1
6297,78100,Plataci,1,678,49.4092,13.722140815880444,0.0202391457461363,1.4749262536873156,Molto piccolo,Piccolo,1
6298,78101,Praia a Mare,62,6423,23.5918,272.25561423884574,2.628031773751897,9.652810213295966,Medio,Piccolo,1
6299,78102,Rende,486,35725,55.2809,646.2449055641279,8.79146323594587,13.603918824352697,Grande,Medio,0
6300,78103,Rocca Imperiale,18,3253,55.029,59.11428519507896,0.327100256228534,5.533353827236397,Piccolo,Medio,1
6301,78104,Roggiano Gravina,26,6813,44.8772,151.8142843136381,0.5793587835248188,3.816233670923235,Medio,Piccolo,1
6302,78105,Rogliano,12,5425,41.6841,130.14554710309207,0.2878795511957797,2.2119815668202767,Medio,Piccolo,1
6303,78106,Rose,21,4188,47.4913,88.18457275332534,0.4421862530610869,5.01432664756447,Piccolo,Piccolo,1
6304,78107,Roseto Capo Spulico,7,1870,30.66,60.99151989562949,0.228310502283105,3.7433155080213902,Piccolo,Piccolo,1
6305,78109,Rota Greca,1,983,13.124,74.9009448338921,0.0761962816214568,1.017293997965412,Molto piccolo,Piccolo,1
6306,78110,Rovito,9,3053,10.6823,285.7998745588497,0.8425151886765959,2.947920078611202,Piccolo,Piccolo,1
6307,78111,San Basile,2,954,18.6715,51.09391318319364,0.1071151219773451,2.0964360587002098,Molto piccolo,Piccolo,1
6308,78112,San Benedetto Ullano,0,1404,19.5715,71.73696446363334,0.0,0.0,Piccolo,Piccolo,1
6309,78113,San Cosmo Albanese,0,581,11.5719,50.20783103898236,0.0,0.0,Molto piccolo,Piccolo,1
6310,78114,San Demetrio Corone,13,3130,61.8737,50.58692142218746,0.2101054244372003,4.15335463258786,Piccolo,Medio,1
6311,78115,San Donato di Ninea,2,1142,82.397,13.859727902714903,0.0242727283760331,1.7513134851138354,Piccolo,Medio,1
6312,78116,San Fili,31,2503,20.9596,119.42021794309052,1.479035859462967,12.38513783459848,Piccolo,Piccolo,0
6313,78117,Sangineto,9,1236,27.5092,44.93042327657656,0.3271632762857517,7.281553398058253,Piccolo,Piccolo,1
6314,78118,San Giorgio Albanese,4,1326,22.6832,58.457360513507794,0.1763419623333568,3.016591251885369,Piccolo,Piccolo,1
6315,78119,San Giovanni in Fiore,39,16222,282.5284,57.41723663886533,0.1380392201279588,2.404142522500309,Medio,Molto grande,1
6316,78120,San Lorenzo Bellizzi,0,561,40.6282,13.808143112419453,0.0,0.0,Molto piccolo,Piccolo,1
6317,78121,San Lorenzo del Vallo,4,3131,22.9284,136.55553810994226,0.1744561330053558,1.2775471095496649,Piccolo,Piccolo,1
6318,78122,San Lucido,54,5939,27.1183,219.00340360568325,1.991275264304916,9.092439804680923,Medio,Piccolo,1
6319,78123,San Marco Argentano,61,7063,80.4949,87.7446894151058,0.7578119856040569,8.636556703950163,Medio,Medio,1
6320,78124,San Martino di Finita,0,971,23.8985,40.63016507312175,0.0,0.0,Molto piccolo,Piccolo,1
6321,78125,San Nicola Arcella,26,1917,11.6934,163.93863204884806,2.223476491012024,13.562858633281168,Piccolo,Piccolo,0
6322,78126,San Pietro in Amantea,0,500,9.8441,50.79184486138906,0.0,0.0,Molto piccolo,Molto piccolo,1
6323,78127,San Pietro in Guarano,20,3461,48.3442,71.59080096474861,0.4137000922551205,5.778676683039584,Piccolo,Piccolo,1
6324,78128,San Sosti,10,1924,43.5465,44.182655322471376,0.2296395806781256,5.197505197505198,Piccolo,Piccolo,1
6325,78129,Santa Caterina Albanese,1,1171,17.3426,67.52159422462606,0.0576614809774774,0.8539709649871904,Piccolo,Piccolo,1
6326,78130,Santa Domenica Talao,2,1153,36.116,31.924908627755013,0.0553771181747701,1.7346053772766694,Piccolo,Piccolo,1
6327,78131,Sant'Agata di Esaro,1,1724,47.6249,36.19955107517286,0.0209974194171536,0.580046403712297,Piccolo,Piccolo,1
6328,78132,Santa Maria del Cedro,17,4865,18.4204,264.10935701722,0.9228898395257432,3.494347379239465,Piccolo,Piccolo,1
6329,78133,Santa Sofia d'Epiro,7,2251,39.2169,57.39872350950738,0.1784944755959803,3.109729009329187,Piccolo,Piccolo,1
6330,78134,Santo Stefano di Rogliano,18,1676,19.5644,85.66580114902578,0.9200384371613748,10.739856801909308,Piccolo,Piccolo,1
6331,78135,San Vincenzo La Costa,6,2023,18.4163,109.84834087194496,0.3257983416864408,2.9658922392486406,Piccolo,Piccolo,1
6332,78136,Saracena,20,3480,109.1501,31.88270097782778,0.1832339136656769,5.747126436781609,Piccolo,Grande,1
6333,78137,Scala Coeli,3,866,67.4966,12.830275895378431,0.044446683240341,3.464203233256351,Molto piccolo,Medio,1
6334,78138,Scalea,144,11017,22.5554,488.4417922094044,6.384280482722541,13.070708904420442,Medio,Piccolo,0
6335,78139,Scigliano,2,1113,17.4634,63.73329363125165,0.1145252356356723,1.7969451931716085,Piccolo,Piccolo,1
6336,78140,Serra d'Aiello,0,500,4.5118,110.82051509375415,0.0,0.0,Molto piccolo,Molto piccolo,1
6337,78142,Spezzano Albanese,17,6678,32.2636,206.98248180612208,0.5269095823156746,2.545672356993112,Medio,Piccolo,1
6338,78143,Spezzano della Sila,11,4292,80.2874,53.45795230633947,0.1370077994803667,2.5629077353215286,Piccolo,Medio,1
6339,78145,Tarsia,39,1883,48.2778,39.00343429070919,0.8078247144650337,20.711630377057887,Piccolo,Piccolo,0
6340,78146,Terranova da Sibari,14,4673,43.4561,107.53380998294833,0.322164207096357,2.995934089450032,Piccolo,Piccolo,1
6341,78147,Terravecchia,0,637,20.1208,31.65878096298358,0.0,0.0,Molto piccolo,Piccolo,1
6342,78148,Torano Castello,16,4373,30.2216,144.69783201418852,0.5294226645842709,3.658815458495312,Piccolo,Piccolo,1
6343,78149,Tortora,27,5868,58.215,100.79876320535944,0.463797990208709,4.601226993865031,Medio,Medio,1
6344,78150,Trebisacce,36,8647,26.7168,323.65403042280514,1.3474667624865253,4.163293627847809,Medio,Piccolo,1
6345,78152,Vaccarizzo Albanese,4,1047,8.5337,122.6900406623153,0.4687298592638598,3.8204393505253114,Piccolo,Molto piccolo,1
6346,78153,Verbicaro,2,2642,32.6418,80.93916389414798,0.0612711308812626,0.757002271006813,Piccolo,Piccolo,1
6347,78154,Villapiana,41,5419,39.733,136.38537236050638,1.0318878514081495,7.565971581472596,Medio,Piccolo,1
6348,78155,Zumpano,10,2621,8.0838,324.2287043222247,1.237041985204978,3.8153376573826794,Piccolo,Molto piccolo,1
6349,78156,Casali del Manco,14,9612,168.9546,56.891022795472864,0.0828624967890782,1.4565126924677485,Medio,Grande,1
6350,78157,Corigliano-Rossano,625,74129,346.5524,213.904159948106,1.803479069831864,8.431248229437871,Grande,Molto grande,1
6351,79002,Albi,0,852,29.6368,28.748042973600388,0.0,0.0,Molto piccolo,Piccolo,1
6352,79003,Amaroni,3,1678,9.8829,169.78822005686592,0.3035546246547066,1.7878426698450536,Piccolo,Molto piccolo,1
6353,79004,Amato,1,784,20.9328,37.45318352059925,0.0477719177558663,1.2755102040816326,Molto piccolo,Piccolo,1
6354,79005,Andali,2,674,17.8675,37.72212116972156,0.1119350776549601,2.967359050445104,Molto piccolo,Piccolo,1
6355,79007,Argusto,1,475,6.8792,69.04872659611583,0.1453657402023491,2.1052631578947367,Molto piccolo,Molto piccolo,1
6356,79008,Badolato,17,2827,37.0665,76.26832854464274,0.4586351557336139,6.013441811107181,Piccolo,Piccolo,1
6357,79009,Belcastro,10,1227,53.2162,23.056888691789343,0.1879127032745667,8.149959250203748,Piccolo,Medio,1
6358,79011,Borgia,43,7275,42.3744,171.68384685092886,1.0147636308714696,5.9106529209622,Medio,Piccolo,1
6359,79012,Botricello,36,4995,15.4779,322.7181982051829,2.325896924001318,7.207207207207207,Piccolo,Piccolo,1
6360,79017,Caraffa di Catanzaro,5,1732,25.0502,69.14116454160046,0.1995992047967681,2.886836027713626,Piccolo,Piccolo,1
6361,79018,Cardinale,6,1828,30.119,60.6925860752349,0.1992098011222152,3.282275711159737,Piccolo,Piccolo,1
6362,79020,Carlopoli,9,1406,16.4125,85.66641279512567,0.5483625285605483,6.401137980085348,Piccolo,Piccolo,1
6363,79023,Catanzaro,752,86183,112.7223,764.5603398795092,6.671262030671836,8.725618741515149,Grande,Grande,1
6364,79024,Cenadi,1,513,11.9153,43.05388869772477,0.0839257089624264,1.949317738791423,Molto piccolo,Piccolo,1
6365,79025,Centrache,0,360,7.9582,45.23635998090021,0.0,0.0,Molto piccolo,Molto piccolo,1
6366,79027,Cerva,3,1130,21.3688,52.88083561079705,0.1403915989667178,2.6548672566371683,Piccolo,Piccolo,1
6367,79029,Chiaravalle Centrale,21,5203,23.8247,218.3868002535184,0.8814381713096072,4.036133000192197,Medio,Piccolo,1
6368,79030,Cicala,1,902,9.2845,97.15116592169746,0.1077063923743874,1.1086474501108647,Molto piccolo,Molto piccolo,1
6369,79033,Conflenti,0,1300,29.3399,44.30826280934836,0.0,0.0,Piccolo,Piccolo,1
6370,79034,Cortale,7,1902,30.0099,63.37908490198235,0.2332563587349508,3.680336487907466,Piccolo,Piccolo,1
6371,79036,Cropani,48,4649,44.8062,103.75796206774956,1.071280313885132,10.324801032480105,Piccolo,Piccolo,1
6372,79039,Curinga,42,6549,52.5252,124.68300929839393,0.7996161842315689,6.41319285387082,Medio,Medio,1
6373,79042,Davoli,33,5406,25.0251,216.02311279475407,1.3186760492465566,6.104328523862376,Medio,Piccolo,1
6374,79043,Decollatura,18,2915,50.8301,57.34790999820972,0.354120885066132,6.174957118353345,Piccolo,Medio,1
6375,79047,Falerna,39,3748,24.0411,155.8996884501957,1.6222219449193256,10.40554962646745,Piccolo,Piccolo,1
6376,79048,Feroleto Antico,43,1982,22.3812,88.5564670348328,1.921255339302629,21.695257315842586,Piccolo,Piccolo,0
6377,79052,Fossato Serralta,2,571,11.8533,48.17223895455274,0.1687293833784684,3.502626970227671,Molto piccolo,Piccolo,1
6378,79055,Gagliato,2,436,7.0372,61.95645995566418,0.2842039447507531,4.587155963302752,Molto piccolo,Molto piccolo,1
6379,79056,Gasperina,2,1906,6.7817,281.0504740699235,0.2949113054248934,1.0493179433368311,Piccolo,Molto piccolo,1
6380,79058,Gimigliano,3,3057,33.5464,91.12751293730476,0.0894283738344502,0.9813542688910696,Piccolo,Piccolo,1
6381,79059,Girifalco,30,5589,43.0791,129.73808645027404,0.6963933786917554,5.367686527106818,Medio,Piccolo,1
6382,79060,Gizzeria,46,4971,37.1937,133.6516668145412,1.2367685925304557,9.253671293502316,Piccolo,Piccolo,1
6383,79061,Guardavalle,8,4205,60.2658,69.77423347902128,0.1327452717793508,1.9024970273483948,Piccolo,Medio,1
6384,79063,Isca sullo Ionio,17,1487,23.5552,63.12831137073768,0.7217090069284064,11.432414256893074,Piccolo,Piccolo,1
6385,79065,Jacurso,0,570,21.2035,26.88235432829486,0.0,0.0,Molto piccolo,Piccolo,1
6386,79068,Magisano,4,1137,31.9401,35.59788479059239,0.1252344231859011,3.518029903254178,Piccolo,Piccolo,1
6387,79069,Maida,35,4409,58.3341,75.58186378121887,0.5999921143893537,7.938308006350647,Piccolo,Medio,1
6388,79071,Marcedusa,5,403,15.6834,25.69595878444725,0.3188084216432661,12.40694789081886,Molto piccolo,Piccolo,0
6389,79072,Marcellinara,19,2192,20.9053,104.853793057263,0.9088604325218964,8.667883211678832,Piccolo,Piccolo,1
6390,79073,Martirano,3,850,14.8982,57.05387227987274,0.2013666080466096,3.5294117647058827,Molto piccolo,Piccolo,1
6391,79074,Martirano Lombardo,8,993,19.8432,50.04233188195453,0.4031607805192711,8.056394763343404,Molto piccolo,Piccolo,1
6392,79077,Miglierina,0,731,13.9398,52.43977675432933,0.0,0.0,Molto piccolo,Piccolo,1
6393,79080,Montauro,24,1732,11.7399,147.53106925953372,2.0443104285385734,13.856812933025404,Piccolo,Piccolo,0
6394,79081,Montepaone,53,5500,16.8499,326.41143270879945,3.145419260648431,9.636363636363637,Medio,Piccolo,1
6395,79083,Motta Santa Lucia,2,800,26.2959,30.42299369863743,0.0760574842465935,2.5,Molto piccolo,Piccolo,1
6396,79087,Nocera Terinese,28,4741,46.5793,101.7834102272898,0.601125392610022,5.905927019616114,Piccolo,Piccolo,1
6397,79088,Olivadi,0,497,7.1687,69.32916707352797,0.0,0.0,Molto piccolo,Molto piccolo,1
6398,79089,Palermiti,2,1081,18.3841,58.80081157086831,0.1087896606306536,1.8501387604070303,Piccolo,Piccolo,1
6399,79092,Pentone,3,1941,12.3828,156.7496850470007,0.2422715379397228,1.5455950540958268,Piccolo,Piccolo,1
6400,79094,Petrizzi,6,1005,21.8991,45.892296943710015,0.2739838623505075,5.970149253731344,Piccolo,Piccolo,1
6401,79095,Petronà,4,2448,46.1278,53.069949141298736,0.0867156031720567,1.6339869281045751,Piccolo,Piccolo,1
6402,79096,Pianopoli,16,2533,24.65,102.75862068965516,0.6490872210953347,6.316620607974733,Piccolo,Piccolo,1
6403,79099,Platania,8,1923,26.8396,71.64786360452466,0.2980670352762336,4.160166406656266,Piccolo,Piccolo,1
6404,79108,San Floro,5,714,18.3199,38.974011866877,0.2729272539697269,7.002801120448179,Molto piccolo,Piccolo,1
6405,79110,San Mango d'Aquino,17,1451,6.8918,210.5400621027888,2.46669955599408,11.71605789110958,Piccolo,Molto piccolo,0
6406,79114,San Pietro a Maida,16,3820,16.453,232.1765027654531,0.972467027289856,4.188481675392671,Piccolo,Piccolo,1
6407,79115,San Pietro Apostolo,4,1564,11.7227,133.41636312453616,0.3412183200116014,2.557544757033248,Piccolo,Piccolo,1
6408,79116,San Sostene,10,1417,32.4844,43.62093805026412,0.3078400709263523,7.057163020465773,Piccolo,Piccolo,1
6409,79117,Santa Caterina dello Ionio,20,1971,40.6942,48.43442062996692,0.4914705289697303,10.147133434804667,Piccolo,Piccolo,1
6410,79118,Sant'Andrea Apostolo dello Ionio,14,1758,21.4332,82.02228318683164,0.6531922438086707,7.963594994311717,Piccolo,Piccolo,1
6411,79122,San Vito sullo Ionio,2,1637,17.1712,95.3340477077898,0.1164740961610138,1.2217470983506415,Piccolo,Piccolo,1
6412,79123,Satriano,34,3318,21.1558,156.83642310855652,1.607124287429452,10.247136829415313,Piccolo,Piccolo,1
6413,79126,Sellia,1,505,12.809,39.4254040128035,0.0780701069560465,1.98019801980198,Molto piccolo,Piccolo,1
6414,79127,Sellia Marina,64,7543,41.455,181.95633819804607,1.5438427210227958,8.484687790003976,Medio,Piccolo,1
6415,79129,Serrastretta,4,2962,41.6486,71.1188371277786,0.0960416436566895,1.350438892640108,Piccolo,Piccolo,1
6416,79130,Sersale,15,4318,53.2973,81.01723727093118,0.2814401479999925,3.473830477072718,Piccolo,Medio,1
6417,79131,Settingiano,9,3164,14.3494,220.49702426582297,0.6272039249027834,2.844500632111252,Piccolo,Piccolo,1
6418,79133,Simeri Crichi,36,4673,46.7436,99.97090510786504,0.7701589094549842,7.703830515728654,Piccolo,Piccolo,1
6419,79134,Sorbo San Basile,3,792,59.279,13.36054926702542,0.050608141162975,3.787878787878788,Molto piccolo,Medio,1
6420,79137,Soverato,73,8712,7.7924,1118.0124223602486,9.368102253477748,8.379247015610654,Medio,Molto piccolo,1
6421,79138,Soveria Mannelli,13,2897,20.4957,141.34672150743816,0.6342793854320663,4.487400759406283,Piccolo,Piccolo,1
6422,79139,Soveria Simeri,4,1464,22.2796,65.71033591267349,0.1795364369198729,2.73224043715847,Piccolo,Piccolo,1
6423,79142,Squillace,37,3540,34.326,103.12882363223213,1.0779001340092058,10.451977401129945,Piccolo,Piccolo,1
6424,79143,Stalettì,16,2303,12.1084,190.19853985662849,1.32139671632916,6.947459834997829,Piccolo,Piccolo,1
6425,79146,Taverna,1,2522,132.3058,19.061900536484416,0.0075582476354022,0.3965107057890563,Piccolo,Grande,1
6426,79147,Tiriolo,11,3650,29.2624,124.73344633386188,0.3759090163486248,3.0136986301369864,Piccolo,Piccolo,1
6427,79148,Torre di Ruggiero,4,967,25.3698,38.11618538577363,0.1576677782245031,4.136504653567736,Molto piccolo,Piccolo,1
6428,79151,Vallefiorita,1,1527,13.8782,110.02867807064317,0.0720554538773039,0.6548788474132285,Piccolo,Piccolo,1
6429,79157,Zagarise,0,1478,49.3295,29.96178757133156,0.0,0.0,Piccolo,Piccolo,1
6430,79160,Lamezia Terme,692,67569,162.4255,415.99995074665,4.260414774773666,10.241382882682888,Grande,Grande,1
6431,80001,Africo,10,2791,53.8961,51.78482302058962,0.1855421820873866,3.582945180938732,Piccolo,Medio,1
6432,80002,Agnana Calabra,2,488,8.4872,57.49835045715902,0.2356489772834386,4.0983606557377055,Molto piccolo,Molto piccolo,1
6433,80003,Anoia,2,2059,10.1679,202.50002458718123,0.1966974498175631,0.9713453132588636,Piccolo,Piccolo,1
6434,80004,Antonimina,6,1200,22.9063,52.3873344887651,0.2619366724438254,5.0,Piccolo,Piccolo,1
6435,80005,Ardore,54,4822,32.7748,147.12523035991066,1.6476073080537486,11.198672749896309,Piccolo,Piccolo,1
6436,80006,Bagaladi,1,956,30.0185,31.847027666272467,0.0333127904458917,1.0460251046025104,Molto piccolo,Piccolo,1
6437,80007,Bagnara Calabra,35,9534,24.8528,383.618747183416,1.4082920234339793,3.671071953010279,Medio,Piccolo,1
6438,80008,Benestare,14,2469,18.7159,131.9199183581874,0.7480270785802445,5.6703118671526935,Piccolo,Piccolo,1
6439,80009,Bianco,49,4158,29.9844,138.67210949693842,1.634183108549779,11.784511784511784,Piccolo,Piccolo,0
6440,80010,Bivongi,2,1216,25.3448,47.97828351377797,0.0789116505160821,1.644736842105263,Piccolo,Piccolo,1
6441,80011,Bova,3,402,46.9429,8.563595346687146,0.0639074279603518,7.462686567164179,Molto piccolo,Piccolo,1
6442,80012,Bovalino,110,8689,18.0561,481.22241237033467,6.092123991338107,12.659684658763954,Medio,Piccolo,0
6443,80013,Bova Marina,38,4156,29.4995,140.8837437922677,1.2881574263970574,9.143407122232915,Piccolo,Piccolo,1
6444,80014,Brancaleone,27,3314,36.1371,91.70630736832784,0.7471545862839022,8.147254073627037,Piccolo,Piccolo,1
6445,80015,Bruzzano Zeffirio,4,1054,20.7427,50.813057123711,0.1928389264656963,3.795066413662239,Piccolo,Piccolo,1
6446,80016,Calanna,1,799,10.9648,72.86954618415292,0.0912009338975631,1.2515644555694618,Molto piccolo,Piccolo,1
6447,80017,Camini,5,778,17.4105,44.68567818270584,0.2871830217397547,6.426735218508997,Molto piccolo,Piccolo,1
6448,80018,Campo Calabro,16,4473,8.0092,558.48274484343,1.997702641961744,3.577017661524704,Piccolo,Molto piccolo,1
6449,80019,Candidoni,13,418,26.9521,15.508995588469917,0.4823371833734662,31.10047846889952,Molto piccolo,Piccolo,0
6450,80020,Canolo,1,700,28.2971,24.737517272087956,0.035339310388697,1.4285714285714286,Molto piccolo,Piccolo,1
6451,80021,Caraffa del Bianco,2,469,11.4621,40.91745840640022,0.1744880955496811,4.264392324093817,Molto piccolo,Piccolo,1
6452,80022,Cardeto,0,1372,37.2657,36.8166973919717,0.0,0.0,Piccolo,Piccolo,1
6453,80023,Careri,11,2145,38.1623,56.20730406710287,0.2882425849595019,5.128205128205129,Piccolo,Piccolo,1
6454,80024,Casignana,3,726,24.5414,29.58266439567425,0.122242414858158,4.132231404958678,Molto piccolo,Piccolo,1
6455,80025,Caulonia,63,6749,101.7562,66.32519689217953,0.6191268934964159,9.334716254259892,Medio,Grande,1
6456,80026,Ciminà,2,534,49.2342,10.846119161070964,0.0406221691425878,3.745318352059925,Molto piccolo,Piccolo,1
6457,80027,Cinquefrondi,29,6244,29.9509,208.4745366583308,0.9682513714112096,4.64445868033312,Medio,Piccolo,1
6458,80028,Cittanova,65,9855,61.9827,158.9959779099652,1.0486797122422868,6.595636732623033,Medio,Medio,1
6459,80029,Condofuri,46,4712,60.2945,78.1497483186692,0.7629219912263971,9.762308998302208,Piccolo,Medio,1
6460,80030,Cosoleto,2,822,34.3736,23.913701212558472,0.0581841878651057,2.4330900243309004,Molto piccolo,Piccolo,1
6461,80031,Delianuova,5,3141,21.38,146.91300280636108,0.2338634237605238,1.591849729385546,Piccolo,Piccolo,1
6462,80032,Feroleto della Chiesa,8,1517,7.5555,200.7808880947654,1.0588313149361392,5.273566249176005,Piccolo,Molto piccolo,1
6463,80033,Ferruzzano,2,771,19.1061,40.35360434625591,0.1046786104961242,2.594033722438392,Molto piccolo,Piccolo,1
6464,80034,Fiumara,3,871,6.5876,132.21810674600763,0.4554010565304511,3.4443168771526977,Molto piccolo,Molto piccolo,1
6465,80035,Galatro,4,1499,51.3403,29.19733620567079,0.077911504217934,2.66844563042028,Piccolo,Medio,1
6466,80036,Gerace,9,2426,28.9874,83.69153494276823,0.3104797256739134,3.709810387469085,Piccolo,Piccolo,1
6467,80037,Giffone,0,1602,14.7186,108.8418735477559,0.0,0.0,Piccolo,Piccolo,1
6468,80038,Gioia Tauro,129,19133,39.8668,479.9231440697523,3.2357751311868523,6.742277740030315,Medio,Piccolo,1
6469,80039,Gioiosa Ionica,30,6799,36.0708,188.49041329829117,0.8316976612661765,4.412413590233858,Medio,Piccolo,1
6470,80040,Grotteria,13,2876,37.9745,75.7350327193248,0.3423349879524417,4.520166898470098,Piccolo,Piccolo,1
6471,80041,Laganadi,1,378,8.1905,46.15102863073072,0.1220926683352664,2.6455026455026456,Molto piccolo,Molto piccolo,1
6472,80042,Laureana di Borrello,16,4716,35.6906,132.13563235137542,0.4482973107765069,3.392705682782019,Piccolo,Piccolo,1
6473,80043,Locri,142,11925,25.7538,463.0384642266384,5.513749427268986,11.907756813417192,Medio,Piccolo,0
6474,80044,Mammola,27,2537,81.0708,31.29363469954657,0.3330422297547328,10.64249113125739,Piccolo,Medio,1
6475,80045,Marina di Gioiosa Ionica,80,6282,16.1551,388.8555316896831,4.951996583122358,12.734797835084368,Medio,Piccolo,0
6476,80046,Maropati,3,1377,10.519,130.90597965586082,0.2851982127578667,2.1786492374727677,Piccolo,Piccolo,1
6477,80047,Martone,0,520,8.3362,62.37854178162712,0.0,0.0,Molto piccolo,Molto piccolo,1
6478,80048,Melicuccà,0,841,17.4033,48.32416840484276,0.0,0.0,Molto piccolo,Piccolo,1
6479,80049,Melicucco,15,4851,6.5328,742.5606171932403,2.296105804555474,3.0921459492888066,Piccolo,Molto piccolo,1
6480,80050,Melito di Porto Salvo,81,10650,35.4083,300.7769364809946,2.2875992352075647,7.605633802816901,Medio,Piccolo,1
6481,80051,Molochio,2,2279,37.4469,60.85951040005982,0.0534089604212898,0.8775778850372971,Piccolo,Piccolo,1
6482,80052,Monasterace,20,3407,15.7333,216.54706895565457,1.2711891338752836,5.8702670971529205,Piccolo,Piccolo,1
6483,80053,Montebello Jonico,37,5736,56.4508,101.61060604986996,0.6554380097359116,6.450488145048815,Medio,Medio,1
6484,80054,Motta San Giovanni,51,5699,46.4757,122.62322030652577,1.0973476461892988,8.948938410247413,Medio,Piccolo,1
6485,80055,Oppido Mamertina,25,4897,58.8739,83.17777487137764,0.4246363838644968,5.105166428425567,Piccolo,Medio,1
6486,80056,Palizzi,8,2097,52.6163,39.8545697816076,0.1520441384133814,3.814973772055317,Piccolo,Medio,1
6487,80057,Palmi,200,17842,32.121,555.4621587123688,6.226456212446686,11.209505660800358,Medio,Piccolo,0
6488,80058,Pazzano,2,504,15.569,32.37202132442675,0.1284604020810585,3.968253968253968,Molto piccolo,Piccolo,1
6489,80059,Placanica,0,1044,29.5105,35.37723860998628,0.0,0.0,Piccolo,Piccolo,1
6490,80060,Platì,8,3736,50.8735,73.43705465517411,0.1572527936941629,2.1413276231263385,Piccolo,Medio,1
6491,80061,Polistena,34,9988,11.7699,848.6053407420624,2.8887246280767043,3.4040849018822588,Medio,Piccolo,1
6492,80062,Portigliola,5,1086,5.998,181.0603534511504,0.8336112037345782,4.6040515653775325,Piccolo,Molto piccolo,1
6493,80063,Reggio di Calabria,1780,173026,239.0361,723.8488245080973,7.446573969371153,10.287471247095812,Grande,Grande,1
6494,80064,Riace,23,1856,16.2369,114.30753407362243,1.4165265537140712,12.392241379310343,Piccolo,Piccolo,0
6495,80065,Rizziconi,34,7623,40.2229,189.5189058968896,0.8452896235726414,4.460186278368097,Medio,Piccolo,1
6496,80066,Roccaforte del Greco,0,387,43.8565,8.824233579971043,0.0,0.0,Molto piccolo,Piccolo,1
6497,80067,Roccella Ionica,55,6209,37.8198,164.17326374015727,1.4542646973278548,8.858109196327911,Medio,Piccolo,1
6498,80068,Roghudi,1,952,46.9207,20.289552372407066,0.0213125550130326,1.050420168067227,Molto piccolo,Piccolo,1
6499,80069,Rosarno,118,14561,39.5572,368.0998655112091,2.983022054139322,8.103839022045188,Medio,Piccolo,1
6500,80070,Samo,0,742,50.2181,14.775549055021994,0.0,0.0,Molto piccolo,Medio,1
6501,80071,San Giorgio Morgeto,10,2965,35.4002,83.75658894582517,0.2824842797498319,3.372681281618887,Piccolo,Piccolo,1
6502,80072,San Giovanni di Gerace,1,420,13.5662,30.959295897156167,0.0737126092789432,2.3809523809523814,Molto piccolo,Piccolo,1
6503,80073,San Lorenzo,25,2331,64.5201,36.128276304593456,0.3874761508429156,10.725010725010724,Piccolo,Medio,1
6504,80074,San Luca,18,3499,105.3446,33.21480170791858,0.1708677995834622,5.144326950557303,Piccolo,Grande,1
6505,80075,San Pietro di Caridà,0,1030,48.0777,21.42365379375469,0.0,0.0,Piccolo,Piccolo,1
6506,80076,San Procopio,0,511,11.3583,44.989126893989415,0.0,0.0,Molto piccolo,Piccolo,1
6507,80077,San Roberto,6,1563,34.6363,45.12606716075332,0.1732286647245808,3.838771593090211,Piccolo,Piccolo,1
6508,80078,Santa Cristina d'Aspromonte,7,795,23.4089,33.96144201564363,0.2990315649176168,8.80503144654088,Molto piccolo,Piccolo,1
6509,80079,Sant'Agata del Bianco,0,582,20.1995,28.8125943711478,0.0,0.0,Molto piccolo,Piccolo,1
6510,80080,Sant'Alessio in Aspromonte,0,332,3.9925,83.15591734502192,0.0,0.0,Molto piccolo,Molto piccolo,1
6511,80081,Sant'Eufemia d'Aspromonte,3,3792,32.8795,115.33022095834792,0.0912422634164144,0.7911392405063291,Piccolo,Piccolo,1
6512,80082,Sant'Ilario dello Ionio,13,1345,13.9996,96.07417354781566,0.9285979599417128,9.66542750929368,Piccolo,Piccolo,1
6513,80083,Santo Stefano in Aspromonte,1,1163,17.7968,65.34882675537175,0.0561898768317899,0.8598452278589854,Piccolo,Piccolo,1
6514,80084,Scido,3,866,17.5297,49.40187225109386,0.1711381255811565,3.464203233256351,Molto piccolo,Piccolo,1
6515,80085,Scilla,50,4629,44.1308,104.89272798136447,1.1329955495934811,10.801468999783973,Piccolo,Piccolo,1
6516,80086,Seminara,29,2510,33.854,74.14190346783246,0.8566196018195782,11.553784860557768,Piccolo,Piccolo,0
6517,80087,Serrata,5,801,22.0617,36.30726553257456,0.226637113187107,6.242197253433208,Molto piccolo,Piccolo,1
6518,80088,Siderno,204,17493,31.8595,549.0669972849543,6.403113670961566,11.661807580174926,Medio,Piccolo,0
6519,80089,Sinopoli,1,1897,25.2146,75.2341897154823,0.0396595623170702,0.5271481286241434,Piccolo,Piccolo,1
6520,80090,Staiti,1,201,16.3085,12.32486126866358,0.0613177177545451,4.975124378109452,Molto piccolo,Piccolo,1
6521,80091,Stignano,19,1221,17.765,68.73065015479877,1.0695187165775402,15.56101556101556,Piccolo,Piccolo,0
6522,80092,Stilo,6,2423,78.1081,31.02111048662047,0.076816616970583,2.4762690879075526,Piccolo,Medio,1
6523,80093,Taurianova,126,14884,48.5444,306.6059112894587,2.595562000972305,8.465466272507392,Medio,Piccolo,1
6524,80094,Terranova Sappo Minulio,4,476,9.1204,52.19069339064076,0.4385772553835358,8.403361344537815,Molto piccolo,Molto piccolo,1
6525,80095,Varapodio,10,2018,29.124,69.28993270155199,0.3433594286499107,4.955401387512389,Piccolo,Piccolo,1
6526,80096,Villa San Giovanni,190,12931,12.1747,1062.120627202313,15.606134032050072,14.693372515660045,Medio,Piccolo,3
6527,80097,San Ferdinando,25,4626,14.198,325.8205381039583,1.7608113818847724,5.404236921746649,Piccolo,Piccolo,1
6528,81001,Alcamo,503,44741,130.8932,341.81302008049306,3.842827587682171,11.242484522026777,Grande,Grande,0
6529,81002,Buseto Palizzolo,12,2799,72.8093,38.442891224060666,0.1648141102853619,4.287245444801715,Piccolo,Medio,1
6530,81003,Calatafimi-Segesta,59,6276,154.8616,40.52650883111113,0.3809853443332627,9.40089228808158,Medio,Grande,1
6531,81004,Campobello di Mazara,111,11411,65.8321,173.33489285622062,1.6861075372044945,9.72745596354395,Medio,Medio,1
6532,81005,Castellammare del Golfo,129,14529,127.3202,114.11386410011924,1.0131935073931708,8.8787941358662,Medio,Grande,1
6533,81006,Castelvetrano,323,29855,209.7569,142.33143224370687,1.539877830002255,10.818958298442473,Grande,Grande,1
6534,81007,Custonaci,46,5307,69.9007,75.92198647509967,0.6580763855011467,8.667797248916527,Medio,Medio,1
6535,81008,Erice,184,26490,47.3374,559.5998090304918,3.886989991000773,6.946017365043413,Grande,Piccolo,1
6536,81009,Favignana,28,4270,38.3149,111.44489480593712,0.730786195448768,6.557377049180328,Piccolo,Piccolo,1
6537,81010,Gibellina,9,3836,46.5738,82.3639041692969,0.1932416938278603,2.346193952033368,Piccolo,Piccolo,1
6538,81011,Marsala,852,80661,243.2581,331.5860807923765,3.502452744636253,10.562725480715589,Grande,Grande,1
6539,81012,Mazara del Vallo,643,50334,274.7416,183.20487323361297,2.3403809252039007,12.774665236222036,Grande,Molto grande,0
6540,81013,Paceco,99,10903,58.0074,187.95877767319345,1.706678803049266,9.080069705585618,Medio,Medio,1
6541,81014,Pantelleria,21,7366,84.5311,87.13952616256029,0.2484292763255181,2.8509367363562315,Medio,Medio,1
6542,81015,Partanna,59,10021,82.7263,121.1343913604259,0.7131951991083851,5.887635964474603,Medio,Medio,1
6543,81016,Poggioreale,6,1394,37.4571,37.21590833246568,0.1601832496375854,4.30416068866571,Piccolo,Piccolo,1
6544,81017,Salaparuta,2,1596,41.4154,38.53638984532324,0.0482912153450165,1.2531328320802004,Piccolo,Piccolo,1
6545,81018,Salemi,70,10114,182.421,55.443178142867325,0.383727750642744,6.921099466086613,Medio,Grande,1
6546,81019,Santa Ninfa,42,4842,60.9436,79.45050833885756,0.6891617823692725,8.674101610904586,Piccolo,Medio,1
6547,81020,San Vito Lo Capo,65,4772,60.1187,79.37630055207448,1.0811943704704194,13.621123218776194,Piccolo,Medio,0
6548,81021,Trapani,815,65378,273.1336,239.36271480330504,2.9838877384547344,12.465967144911131,Grande,Molto grande,0
6549,81022,Valderice,56,11587,52.9625,218.77743686570687,1.057351899929195,4.833002502804868,Medio,Medio,1
6550,81023,Vita,2,1819,9.1029,199.82642894022783,0.2197102022432411,1.0995052226498077,Piccolo,Molto piccolo,1
6551,81024,Petrosino,73,7976,45.2764,176.16241573976728,1.6123190006272583,9.152457372116348,Medio,Piccolo,1
6552,82001,Alia,8,3379,45.9748,73.49678519536789,0.1740083698025875,2.3675643681562595,Piccolo,Piccolo,1
6553,82002,Alimena,6,1808,59.6975,30.28602537794715,0.1005067213869927,3.31858407079646,Piccolo,Medio,1
6554,82003,Aliminusa,2,1107,13.6806,80.91750361826236,0.1461924184611786,1.8066847335140015,Piccolo,Piccolo,1
6555,82004,Altavilla Milicia,59,8307,23.7839,349.26988424942925,2.4806696967276185,7.1024437221620325,Medio,Piccolo,1
6556,82005,Altofonte,66,9849,35.4356,277.9408278680197,1.862533723148472,6.701187937861712,Medio,Piccolo,1
6557,82006,Bagheria,435,53025,29.8358,1777.2273577380197,14.579800105913032,8.203677510608205,Grande,Piccolo,3
6558,82007,Balestrate,15,6160,6.4298,958.0391302995428,2.3328874926125227,2.435064935064935,Medio,Molto piccolo,1
6559,82008,Baucina,5,1842,24.471,75.27277185239672,0.2043234849413591,2.7144408251900107,Piccolo,Piccolo,1
6560,82009,Belmonte Mezzagno,15,10905,29.2934,372.2681559668731,0.5120607372309122,1.375515818431912,Medio,Piccolo,1
6561,82010,Bisacquino,13,4203,64.9696,64.69179431611092,0.2000935822292272,3.0930287889602663,Piccolo,Medio,1
6562,82011,Bolognetta,58,4042,27.6253,146.31515313860845,2.099524711043862,14.349332013854529,Piccolo,Piccolo,0
6563,82012,Bompietro,1,1250,42.4101,29.47411111975685,0.0235792888958054,0.8,Piccolo,Piccolo,1
6564,82013,Borgetto,20,7069,26.0237,271.6370078044244,0.7685302243723989,2.829254491441505,Medio,Piccolo,1
6565,82014,Caccamo,16,7827,188.2312,41.58184190506144,0.0850018487902111,2.0442059537498403,Medio,Grande,1
6566,82015,Caltavuturo,14,3663,97.9459,37.39819635125105,0.1429360493905309,3.822003822003822,Piccolo,Medio,1
6567,82016,Campofelice di Fitalia,2,473,35.456,13.34047833935018,0.0564079422382671,4.228329809725159,Molto piccolo,Piccolo,1
6568,82017,Campofelice di Roccella,72,7511,14.506,517.7857438301393,4.963463394457466,9.58594062042338,Medio,Piccolo,1
6569,82018,Campofiorito,3,1181,21.6994,54.42546798528991,0.1382526705807533,2.540220152413209,Piccolo,Piccolo,1
6570,82019,Camporeale,8,3029,38.7206,78.2270935884258,0.206608368671973,2.641135688345989,Piccolo,Piccolo,1
6571,82020,Capaci,65,11283,6.1204,1843.5069603293905,10.620220900594733,5.760879198794647,Medio,Molto piccolo,1
6572,82021,Carini,341,38405,76.594,501.4100321173983,4.452045852155521,8.879052206743914,Grande,Medio,1
6573,82022,Castelbuono,14,8256,60.7859,135.82097163980464,0.2303165701256377,1.695736434108527,Medio,Medio,1
6574,82023,Casteldaccia,52,11586,33.9185,341.58350162890457,1.533086663620148,4.48817538408424,Medio,Piccolo,1
6575,82024,Castellana Sicula,17,3101,73.1964,42.36547152592204,0.2322518593810624,5.482102547565301,Piccolo,Medio,1
6576,82025,Castronovo di Sicilia,15,2880,201.04,14.325507361719062,0.0746120175089534,5.208333333333333,Piccolo,Grande,1
6577,82026,Cefalà Diana,2,995,9.0592,109.83309784528434,0.2207700459201695,2.0100502512562817,Molto piccolo,Molto piccolo,1
6578,82027,Cefalù,202,13877,66.2409,209.49292657557493,3.049475475121866,14.556460330042515,Medio,Medio,0
6579,82028,Cerda,15,4979,43.8343,113.58684865504868,0.3421977766269793,3.012653143201446,Piccolo,Piccolo,1
6580,82029,Chiusa Sclafani,3,2611,57.5503,45.3690076333225,0.0521283121026302,1.1489850631941785,Piccolo,Medio,1
6581,82030,Ciminna,5,3485,56.4206,61.76821940922287,0.0886201139300184,1.4347202295552368,Piccolo,Medio,1
6582,82031,Cinisi,130,11827,33.1617,356.64637217030486,3.920185032733545,10.991798427327302,Medio,Piccolo,1
6583,82032,Collesano,7,3772,108.1646,34.87277723025833,0.0647161825588039,1.855779427359491,Piccolo,Grande,1
6584,82033,Contessa Entellina,0,1536,136.4759,11.25473435236551,0.0,0.0,Piccolo,Grande,1
6585,82034,Corleone,44,10580,229.4546,46.10933927670223,0.1917590669352455,4.158790170132325,Medio,Grande,1
6586,82035,Ficarazzi,97,12768,3.5295,3617.5095622609433,27.48264626717665,7.597117794486215,Medio,Molto piccolo,3
6587,82036,Gangi,11,6285,127.4634,49.30827202161562,0.0862992827745062,1.7501988862370723,Medio,Grande,1
6588,82037,Geraci Siculo,10,1768,113.3465,15.598187857587131,0.0882250444433661,5.656108597285067,Piccolo,Grande,1
6589,82038,Giardinello,3,2267,12.8844,175.94920989724008,0.2328397131414734,1.3233348037053376,Piccolo,Piccolo,1
6590,82039,Giuliana,5,1730,24.141,71.66231721966778,0.2071165237562653,2.890173410404624,Piccolo,Piccolo,1
6591,82040,Godrano,1,1087,39.2021,27.728106402463133,0.0255088375367646,0.9199632014719412,Piccolo,Piccolo,1
6592,82041,Gratteri,3,887,38.1661,23.240519728240507,0.0786037871304639,3.3821871476888385,Molto piccolo,Piccolo,1
6593,82042,Isnello,1,1368,50.9969,26.82515996070349,0.0196090350589937,0.7309941520467835,Piccolo,Medio,1
6594,82043,Isola delle Femmine,149,7026,3.5663,1970.1090766340465,41.77999607436279,21.20694563051523,Medio,Molto piccolo,3
6595,82044,Lascari,39,3656,10.3266,354.03714678597026,3.7766544651676255,10.667396061269146,Piccolo,Piccolo,1
6596,82045,Lercara Friddi,19,6340,37.4931,169.0977806583078,0.5067599104901969,2.996845425867508,Medio,Piccolo,1
6597,82046,Marineo,18,6287,33.2219,189.2426381392997,0.5418112750926347,2.8630507396214413,Medio,Piccolo,1
6598,82047,Mezzojuso,6,2713,49.2544,55.08137344074844,0.121816528066528,2.21157390342794,Piccolo,Piccolo,1
6599,82048,Misilmeri,212,28589,69.4886,411.4200027054797,3.0508601410878904,7.415439504704606,Grande,Medio,1
6600,82049,Monreale,222,38226,530.1798,72.10006869367713,0.418725873750754,5.807565531313766,Grande,Molto grande,1
6601,82050,Montelepre,11,5844,9.8912,590.8282109349725,1.112099644128114,1.88227241615332,Medio,Molto piccolo,1
6602,82051,Montemaggiore Belsito,0,3029,32.0755,94.4334460881358,0.0,0.0,Piccolo,Piccolo,1
6603,82052,Palazzo Adriano,1,1863,130.0959,14.320205325456069,0.0076866373190853,0.5367686527106817,Piccolo,Grande,1
6604,82053,Palermo,8633,637885,160.5878,3972.1884227818055,53.75875377830695,13.533787438174592,Grande,Grande,2
6605,82054,Partinico,275,30621,108.0579,283.3758568323093,2.544931930011596,8.98076483459064,Grande,Grande,1
6606,82055,Petralia Soprana,17,3046,56.1025,54.29348068267903,0.3030167996078606,5.581089954038083,Piccolo,Medio,1
6607,82056,Petralia Sottana,15,2505,178.344,14.04588884403176,0.0841071188265374,5.9880239520958085,Piccolo,Grande,1
6608,82057,Piana degli Albanesi,12,5658,64.9165,87.1581185060809,0.1848528494296519,2.1208907741251326,Medio,Medio,1
6609,82058,Polizzi Generosa,27,3016,134.6583,22.397431127527973,0.2005075067782676,8.952254641909814,Piccolo,Grande,1
6610,82059,Pollina,30,2827,49.9291,56.6202875677711,0.6008520081475532,10.611956137247963,Piccolo,Piccolo,1
6611,82060,Prizzi,9,4342,95.0363,45.6878056069102,0.0947006564859953,2.0727775218793183,Piccolo,Medio,1
6612,82061,Roccamena,5,1388,33.717,41.16617729928523,0.1482931458907969,3.6023054755043225,Piccolo,Piccolo,1
6613,82062,Roccapalumba,8,2298,31.5663,72.79915606200284,0.2534348339843441,3.4812880765883376,Piccolo,Piccolo,1
6614,82063,San Cipirello,11,5050,20.8522,242.1806811751278,0.5275222758270111,2.1782178217821784,Medio,Piccolo,1
6615,82064,San Giuseppe Jato,13,8208,29.7814,275.60826556172645,0.4365140658263211,1.5838206627680311,Medio,Piccolo,1
6616,82065,San Mauro Castelverde,6,1415,114.3653,12.37263400699338,0.0524634657540355,4.240282685512367,Piccolo,Grande,1
6617,82066,Santa Cristina Gela,6,988,38.7414,25.502434088597727,0.1548730815097028,6.0728744939271255,Molto piccolo,Piccolo,1
6618,82067,Santa Flavia,55,10879,14.5987,745.2033400234268,3.767458746326728,5.055611729019211,Medio,Piccolo,1
6619,82068,Sciara,3,2551,31.1931,81.7809066748736,0.0961751156505765,1.1760094080752646,Piccolo,Piccolo,1
6620,82069,Sclafani Bagni,1,388,134.9024,2.876153426477216,0.0074127665630856,2.577319587628866,Molto piccolo,Grande,1
6621,82070,Termini Imerese,287,25173,76.6885,328.2499983700294,3.742412486878736,11.401104357843725,Grande,Medio,0
6622,82071,Terrasini,100,12483,19.8463,628.9837400422246,5.038722583050745,8.010894816951053,Medio,Piccolo,1
6623,82072,Torretta,69,4173,25.5421,163.37732606167856,2.701422357597848,16.53486700215672,Piccolo,Piccolo,0
6624,82073,Trabia,80,10279,22.0772,465.5934629391408,3.623647926367474,7.782858254694036,Medio,Piccolo,1
6625,82074,Trappeto,21,2987,4.1885,713.1431299988062,5.013728064939715,7.030465349849347,Piccolo,Molto piccolo,1
6626,82075,Ustica,2,1271,8.2407,154.2344703726625,0.2426978290679189,1.5735641227380015,Piccolo,Molto piccolo,1
6627,82076,Valledolmo,2,3287,25.7793,127.50540162068016,0.0775816255678005,0.608457560085184,Piccolo,Piccolo,1
6628,82077,Ventimiglia di Sicilia,2,1825,26.9001,67.84361396426036,0.0743491659882305,1.095890410958904,Piccolo,Piccolo,1
6629,82078,Vicari,21,2484,85.9462,28.9018013594551,0.2443389003818667,8.454106280193237,Piccolo,Medio,1
6630,82079,Villabate,164,19568,3.7977,5152.592358532796,43.18403244068779,8.381030253475062,Medio,Molto piccolo,3
6631,82080,Villafrati,13,3142,25.6441,122.52330945519633,0.5069392179877632,4.137492043284532,Piccolo,Piccolo,1
6632,82081,Scillato,8,627,31.6956,19.781925566955668,0.2524009641716831,12.759170653907496,Molto piccolo,Piccolo,0
6633,82082,Blufi,4,919,21.9813,41.80826429738004,0.1819728587481177,4.352557127312296,Molto piccolo,Piccolo,1
6634,83001,Alcara li Fusi,3,1763,62.9346,28.013207361292515,0.0476685320952226,1.7016449234259785,Piccolo,Medio,1
6635,83002,Alì,0,702,15.9386,44.04401892261554,0.0,0.0,Molto piccolo,Piccolo,1
6636,83003,Alì Terme,24,2378,6.2744,379.0003825066939,3.825066938671427,10.092514718250632,Piccolo,Molto piccolo,1
6637,83004,Antillo,0,844,43.6346,19.342448423957137,0.0,0.0,Molto piccolo,Piccolo,1
6638,83005,Barcellona Pozzo di Gotto,355,39945,59.1418,675.4106232816722,6.00252275040665,8.887219927400176,Grande,Medio,1
6639,83006,Basicò,2,563,12.0685,46.650370800016574,0.1657206777975721,3.552397868561279,Molto piccolo,Piccolo,1
6640,83007,Brolo,41,5742,7.6646,749.1584688046343,5.349268063564961,7.140369209334726,Medio,Molto piccolo,1
6641,83008,Capizzi,1,2918,70.1664,41.58685638710266,0.0142518356364299,0.3427004797806717,Piccolo,Medio,1
6642,83009,Capo d'Orlando,181,13034,14.4275,903.4136198232542,12.545486050944376,13.886757710603035,Medio,Piccolo,0
6643,83010,Capri Leone,24,4293,6.7645,634.6367063345406,3.547934067558578,5.590496156533892,Piccolo,Molto piccolo,1
6644,83011,Caronia,42,3097,227.2587,13.627641098008567,0.1848114065600128,13.561511139812724,Piccolo,Grande,0
6645,83012,Casalvecchio Siculo,1,749,33.6218,22.27721299870917,0.0297426074749121,1.335113484646195,Molto piccolo,Piccolo,1
6646,83013,Castel di Lucio,0,1206,28.7781,41.90686667987116,0.0,0.0,Piccolo,Piccolo,1
6647,83014,Castell'Umberto,2,2872,11.4282,251.30816751544424,0.1750056876848497,0.6963788300835655,Piccolo,Piccolo,1
6648,83015,Castelmola,0,1070,16.828,63.58450202044212,0.0,0.0,Piccolo,Piccolo,1
6649,83016,Castroreale,2,2255,53.0694,42.49152995888402,0.0376865010721809,0.8869179600886918,Piccolo,Medio,1
6650,83017,Cesarò,10,2212,216.9304,10.196818887532592,0.0460977345729321,4.520795660036167,Piccolo,Grande,1
6651,83018,Condrò,0,467,5.1324,90.99056971397398,0.0,0.0,Molto piccolo,Molto piccolo,1
6652,83019,Falcone,30,2703,9.3367,289.50271509205606,3.213126693585528,11.098779134295228,Piccolo,Molto piccolo,1
6653,83020,Ficarra,2,1331,18.6563,71.34319238005392,0.1072023927574063,1.5026296018031555,Piccolo,Piccolo,1
6654,83021,Fiumedinisi,0,1294,36.6938,35.264813129193485,0.0,0.0,Piccolo,Piccolo,1
6655,83022,Floresta,1,447,31.3311,14.266974348171626,0.0319171685641423,2.237136465324385,Molto piccolo,Piccolo,1
6656,83023,Fondachelli-Fantina,0,1008,42.2116,23.87969183826247,0.0,0.0,Piccolo,Piccolo,1
6657,83024,Forza d'Agrò,9,883,11.189,78.91679327911342,0.8043614264009294,10.192525481313703,Molto piccolo,Piccolo,1
6658,83025,Francavilla di Sicilia,13,3636,82.7262,43.952218281511776,0.1571448948458892,3.575357535753576,Piccolo,Medio,1
6659,83026,Frazzanò,1,601,6.9981,85.88045326588646,0.1428959288949857,1.663893510815308,Molto piccolo,Molto piccolo,1
6660,83027,Furci Siculo,8,3205,17.9132,178.91833954848937,0.4465980394346069,2.49609984399376,Piccolo,Piccolo,1
6661,83028,Furnari,26,3753,13.5543,276.88630176401585,1.9182104571980847,6.92779110045297,Piccolo,Piccolo,1
6662,83029,Gaggi,11,3039,7.6505,397.22893928501406,1.4378145219266714,3.6196117143797295,Piccolo,Molto piccolo,1
6663,83030,Galati Mamertino,1,2361,39.3108,60.05983088616868,0.0254383019424687,0.4235493434985176,Piccolo,Piccolo,1
6664,83031,Gallodoro,0,348,6.9083,50.374187571472,0.0,0.0,Molto piccolo,Molto piccolo,1
6665,83032,Giardini-Naxos,121,9006,5.2904,1702.328746408589,22.87161651292908,13.435487452809236,Medio,Molto piccolo,3
6666,83033,Gioiosa Marea,30,6757,26.4823,255.15155405686065,1.132832118056211,4.439840165754032,Medio,Piccolo,1
6667,83034,Graniti,5,1425,10.0474,141.82773652885325,0.4976411808029938,3.5087719298245617,Piccolo,Piccolo,1
6668,83035,Gualtieri Sicaminò,3,1615,14.3838,112.27909175600328,0.2085679723021732,1.8575851393188851,Piccolo,Piccolo,1
6669,83036,Itala,5,1472,10.9835,134.01921063413303,0.455228296990941,3.3967391304347827,Piccolo,Piccolo,1
6670,83037,Leni,0,689,8.7899,78.38541962934733,0.0,0.0,Molto piccolo,Molto piccolo,1
6671,83038,Letojanni,29,2757,6.7241,410.01769753572967,4.31284484168885,10.51867972433805,Piccolo,Molto piccolo,1
6672,83039,Librizzi,10,1586,23.3863,67.81748288527899,0.427600774812604,6.305170239596469,Piccolo,Piccolo,1
6673,83040,Limina,1,735,9.9924,73.55590248588928,0.1000760578039309,1.3605442176870748,Molto piccolo,Molto piccolo,1
6674,83041,Lipari,58,12266,89.7135,136.72412736098804,0.6465024773306136,4.7285178542312085,Medio,Medio,1
6675,83042,Longi,2,1348,42.1099,32.01147473634466,0.0474947696384935,1.483679525222552,Piccolo,Piccolo,1
6676,83043,Malfa,2,983,8.7352,112.53319901089844,0.2289586958512684,2.034587995930824,Molto piccolo,Molto piccolo,1
6677,83044,Malvagna,2,649,6.7094,96.72996095030852,0.2980892479208275,3.0816640986132517,Molto piccolo,Molto piccolo,1
6678,83045,Mandanici,0,557,11.8536,46.98994398326247,0.0,0.0,Molto piccolo,Piccolo,1
6679,83046,Mazzarrà Sant'Andrea,4,1405,6.6942,209.8831824564548,0.5975321920468465,2.846975088967972,Piccolo,Molto piccolo,1
6680,83047,Merì,10,2330,1.8503,1259.255255904448,5.40452899529806,4.291845493562231,Piccolo,Molto piccolo,1
6681,83048,Messina,3548,222329,213.7621,1040.0767956527372,16.59789083284642,15.958332021463686,Grande,Grande,3
6682,83049,Milazzo,425,30421,24.7022,1231.5097440713782,17.20494530851503,13.970612405903816,Grande,Piccolo,3
6683,83050,Militello Rosmarino,5,1197,29.5356,40.527363588347626,0.1692872330340335,4.177109440267335,Piccolo,Piccolo,1
6684,83051,Mirto,10,913,9.2692,98.49825227635613,1.0788417554913046,10.95290251916758,Molto piccolo,Molto piccolo,1
6685,83052,Mistretta,5,4434,127.4678,34.785255570426415,0.0392255926594794,1.1276499774470004,Piccolo,Grande,1
6686,83053,Moio Alcantara,0,664,8.5996,77.2128936229592,0.0,0.0,Molto piccolo,Molto piccolo,1
6687,83054,Monforte San Giorgio,17,2564,32.2599,79.47947761772355,0.5269700154061233,6.6302652106084246,Piccolo,Piccolo,1
6688,83055,Mongiuffi Melia,0,550,24.3623,22.575865168723805,0.0,0.0,Molto piccolo,Piccolo,1
6689,83056,Montagnareale,0,1426,16.3769,87.07386623842119,0.0,0.0,Piccolo,Piccolo,1
6690,83057,Montalbano Elicona,6,2001,67.8008,29.51292610116695,0.0884945310379818,2.998500749625187,Piccolo,Medio,1
6691,83058,Motta Camastra,5,804,25.309,31.76735548619068,0.1975581808842704,6.218905472636816,Molto piccolo,Piccolo,1
6692,83059,Motta d'Affermo,5,670,14.5764,45.96471007930628,0.3430202244724349,7.462686567164179,Molto piccolo,Piccolo,1
6693,83060,Naso,36,3523,36.7367,95.89865175696238,0.9799464840336776,10.21856372409878,Piccolo,Piccolo,1
6694,83061,Nizza di Sicilia,30,3518,13.4154,262.2359378028236,2.236235967619303,8.527572484366118,Piccolo,Piccolo,1
6695,83062,Novara di Sicilia,0,1190,49.1783,24.19766441702946,0.0,0.0,Piccolo,Piccolo,1
6696,83063,Oliveri,11,2036,10.4348,195.11634147276425,1.0541649097251506,5.402750491159136,Piccolo,Piccolo,1
6697,83064,Pace del Mela,75,6056,12.1757,497.3841339717634,6.159810113586898,12.38441215323646,Medio,Piccolo,0
6698,83065,Pagliara,0,1097,14.4792,75.76385435659428,0.0,0.0,Piccolo,Piccolo,1
6699,83066,Patti,128,12788,50.0766,255.36877503664385,2.55608407919068,10.00938379730998,Medio,Medio,1
6700,83067,Pettineo,2,1240,30.6164,40.5011693079526,0.06532446662573,1.6129032258064515,Piccolo,Piccolo,1
6701,83068,Piraino,19,3798,16.9687,223.82386393772063,1.1197086400254588,5.0026329647182735,Piccolo,Piccolo,1
6702,83069,Raccuja,2,899,25.2019,35.67191362555998,0.079359095941179,2.2246941045606228,Molto piccolo,Piccolo,1
6703,83070,Reitano,6,733,14.1173,51.92210975186473,0.4250104481735176,8.185538881309686,Molto piccolo,Piccolo,1
6704,83071,Roccafiorita,0,182,1.1681,155.80857803270268,0.0,0.0,Molto piccolo,Molto piccolo,1
6705,83072,Roccalumera,28,3953,8.906,443.8580732090725,3.1439479002919377,7.083227928155831,Piccolo,Molto piccolo,1
6706,83073,Roccavaldina,0,1007,7.1325,141.18471784086927,0.0,0.0,Piccolo,Molto piccolo,1
6707,83074,Roccella Valdemone,4,583,41.1511,14.167300509585406,0.0972027479216837,6.861063464837049,Molto piccolo,Piccolo,1
6708,83075,Rodì Milici,4,1957,36.5448,53.55071036098159,0.1094546967010354,2.043944813490036,Piccolo,Piccolo,1
6709,83076,Rometta,56,6420,32.1231,199.85617826423976,1.7432937667908763,8.722741433021806,Medio,Piccolo,1
6710,83077,San Filippo del Mela,81,6764,10.0502,673.0214324093052,8.059541103659628,11.975162625665286,Medio,Piccolo,0
6711,83078,San Fratello,6,3350,67.6292,49.53481632194378,0.0887190740094515,1.791044776119403,Piccolo,Medio,1
6712,83079,San Marco d'Alunzio,1,1830,26.1407,70.00577643291878,0.0382545226409392,0.546448087431694,Piccolo,Piccolo,1
6713,83080,San Pier Niceto,25,2583,36.6798,70.42023129897109,0.681574054384157,9.678668215253582,Piccolo,Piccolo,1
6714,83081,San Piero Patti,5,2651,41.8183,63.39329910589383,0.1195648794905579,1.886080724254998,Piccolo,Piccolo,1
6715,83082,San Salvatore di Fitalia,8,1178,14.9963,78.55270966838486,0.5334649213472656,6.791171477079796,Piccolo,Piccolo,1
6716,83083,Santa Domenica Vittoria,2,871,20.1634,43.19707985756371,0.0991896207980796,2.2962112514351323,Molto piccolo,Piccolo,1
6717,83084,Sant'Agata di Militello,134,11989,33.9764,352.862575199256,3.943914010901685,11.176912169488698,Medio,Piccolo,1
6718,83085,Sant'Alessio Siculo,28,1488,6.1676,241.2607821518905,4.539853427589338,18.817204301075268,Piccolo,Molto piccolo,0
6719,83086,Santa Lucia del Mela,16,4453,85.674,51.97609543151948,0.186754441254056,3.5930833146193577,Piccolo,Medio,1
6720,83087,Santa Marina Salina,4,850,8.7814,96.79549957865488,0.4555082333113171,4.705882352941176,Molto piccolo,Molto piccolo,1
6721,83088,Sant'Angelo di Brolo,6,2826,30.3859,93.00366288311356,0.1974600061212602,2.123142250530785,Piccolo,Piccolo,1
6722,83089,Santa Teresa di Riva,106,9271,8.1175,1142.1004003695718,13.058207576224207,11.433502319059434,Medio,Molto piccolo,3
6723,83090,San Teodoro,2,1260,13.974,90.167453842851,0.1431229426077,1.5873015873015872,Piccolo,Piccolo,1
6724,83091,Santo Stefano di Camastra,16,4416,21.9173,201.48467192583027,0.730016927267501,3.6231884057971016,Piccolo,Piccolo,1
6725,83092,Saponara,15,3707,26.2623,141.1529073995804,0.5711609417301607,4.046398705152415,Piccolo,Piccolo,1
6726,83093,Savoca,6,1660,9.0755,182.91003250509613,0.6611205994160101,3.614457831325301,Piccolo,Molto piccolo,1
6727,83094,Scaletta Zanclea,12,1915,4.7618,402.1588474946449,2.5200554412197067,6.266318537859008,Piccolo,Molto piccolo,1
6728,83095,Sinagra,12,2515,24.027,104.67390851958211,0.4994381321013859,4.771371769383698,Piccolo,Piccolo,1
6729,83096,Spadafora,46,4701,10.5246,446.667806852517,4.370712426125459,9.785152095298873,Piccolo,Piccolo,1
6730,83097,Taormina,200,10492,13.1331,798.8974423403461,15.228696956544912,19.062142584826532,Medio,Piccolo,3
6731,83098,Torregrotta,60,7239,4.126,1754.4837615123604,14.54192922927775,8.288437629506838,Medio,Molto piccolo,3
6732,83099,Tortorici,20,5908,70.5008,83.8004675124254,0.2836847241449742,3.3852403520649967,Medio,Medio,1
6733,83100,Tripi,2,769,54.6669,14.0670131286025,0.0365852096972756,2.6007802340702213,Molto piccolo,Medio,1
6734,83101,Tusa,11,2663,41.0737,64.83467523013509,0.2678112758285715,4.130679684566279,Piccolo,Piccolo,1
6735,83102,Ucria,2,940,26.2643,35.790026766371085,0.0761489931199384,2.127659574468085,Molto piccolo,Piccolo,1
6736,83103,Valdina,14,1276,2.6016,490.4674046740468,5.381303813038131,10.9717868338558,Piccolo,Molto piccolo,1
6737,83104,Venetico,22,3896,4.517,862.5193712641133,4.870489262785034,5.64681724845996,Piccolo,Molto piccolo,1
6738,83105,Villafranca Tirrena,78,8196,14.2458,575.3274649370342,5.475297982563282,9.51683748169839,Medio,Piccolo,1
6739,83106,Terme Vigliatore,71,7165,13.228,541.6540671303296,5.367402479588751,9.909281228192604,Medio,Piccolo,1
6740,83107,Acquedolci,30,5466,12.9304,422.7247416939924,2.320113840252428,5.488474204171241,Medio,Piccolo,1
6741,83108,Torrenova,45,4440,12.9268,343.4724757867376,3.4811399572980166,10.135135135135137,Piccolo,Piccolo,1
6742,84001,Agrigento,766,55872,245.3165,227.75475762942972,3.1224968561022197,13.709908361970218,Grande,Grande,0
6743,84002,Alessandria della Rocca,6,2567,62.2395,41.243904594349246,0.0964018027137107,2.337358784573432,Piccolo,Medio,1
6744,84003,Aragona,32,8892,74.7015,119.0337543422823,0.4283715855772642,3.598740440845704,Medio,Medio,1
6745,84004,Bivona,8,3298,88.5732,37.23473917618422,0.0903207742296767,2.4257125530624624,Piccolo,Medio,1
6746,84005,Burgio,3,2532,42.2307,59.95638244215701,0.0710383678224609,1.1848341232227488,Piccolo,Piccolo,1
6747,84006,Calamonaci,2,1203,32.8901,36.57635580311401,0.0608085715762493,1.662510390689942,Piccolo,Piccolo,1
6748,84007,Caltabellotta,6,3310,124.087,26.674832980086556,0.0483531715651115,1.8126888217522656,Piccolo,Grande,1
6749,84008,Camastra,8,1910,16.3155,117.06659311697466,0.490331280071098,4.188481675392671,Piccolo,Piccolo,1
6750,84009,Cammarata,8,5930,192.453,30.81271791034694,0.041568590772812,1.349072512647555,Medio,Grande,1
6751,84010,Campobello di Licata,75,9260,81.3276,113.86048524732072,0.9221961548109128,8.099352051835854,Medio,Medio,1
6752,84011,Canicattì,164,34446,91.8595,374.9857118752007,1.785335213015529,4.76107530627649,Grande,Medio,1
6753,84012,Casteltermini,15,7473,99.9816,74.7437528505245,0.1500276050793346,2.007226013649137,Medio,Medio,1
6754,84013,Castrofilippo,4,2646,18.0752,146.3884217048774,0.22129768965212,1.5117157974300832,Piccolo,Piccolo,1
6755,84014,Cattolica Eraclea,3,3364,62.1638,54.115095923994346,0.0482595980297214,0.8917954815695601,Piccolo,Medio,1
6756,84015,Cianciana,2,3177,38.0815,83.42633562228379,0.0525189396426086,0.6295247088448221,Piccolo,Piccolo,1
6757,84016,Comitini,6,887,21.89,40.5207857469164,0.2740977615349474,6.764374295377677,Molto piccolo,Piccolo,1
6758,84017,Favara,131,31821,81.875,388.6534351145038,1.6,4.116778228214073,Grande,Medio,1
6759,84018,Grotte,4,5303,23.976,221.17951284617956,0.1668335001668335,0.7542900245144257,Medio,Piccolo,1
6760,84019,Joppolo Giancaxio,4,1102,19.1421,57.56944117938993,0.2089634888544099,3.629764065335753,Piccolo,Piccolo,1
6761,84020,Lampedusa e Linosa,39,6337,25.2217,251.25189816705455,1.5462875222526635,6.154331702698437,Medio,Piccolo,1
6762,84021,Licata,271,34671,179.9535,192.6664388300311,1.5059445912416265,7.81633065097632,Grande,Grande,1
6763,84022,Lucca Sicula,4,1730,18.632,92.85100901674538,0.21468441391155,2.3121387283237,Piccolo,Piccolo,1
6764,84023,Menfi,74,11812,113.578,103.99901389353572,0.6515346281850358,6.264815441923467,Medio,Grande,1
6765,84024,Montallegro,8,2385,27.4124,87.00442135675824,0.2918387299178474,3.3542976939203357,Piccolo,Piccolo,1
6766,84025,Montevago,3,2734,32.9092,83.07707267268728,0.0911599188068989,1.097293343087052,Piccolo,Piccolo,1
6767,84026,Naro,11,7110,207.4873,34.26715755614922,0.0530152929841971,1.5471167369901548,Medio,Grande,1
6768,84027,Palma di Montechiaro,119,21437,77.0626,278.1764435666588,1.5441991316150765,5.551149881046788,Grande,Medio,1
6769,84028,Porto Empedocle,148,15622,25.2257,619.2890583809369,5.867032431211027,9.473818973242864,Medio,Piccolo,1
6770,84029,Racalmuto,18,7603,68.1009,111.6431647746212,0.2643136874843064,2.367486518479548,Medio,Medio,1
6771,84030,Raffadali,25,12260,22.2987,549.8078363312659,1.1211415912138376,2.039151712887439,Medio,Piccolo,1
6772,84031,Ravanusa,23,10574,49.5006,213.61357236073903,0.464640832636372,2.175146585965576,Medio,Piccolo,1
6773,84032,Realmonte,17,4379,20.3693,214.98038715125213,0.8345893084200243,3.882164877825988,Piccolo,Piccolo,1
6774,84033,Ribera,111,18058,118.521,152.36118493769035,0.9365428911332168,6.146860117399491,Medio,Grande,1
6775,84034,Sambuca di Sicilia,24,5485,96.3715,56.91516682836731,0.2490362814732571,4.375569735642662,Medio,Medio,1
6776,84035,San Biagio Platani,0,2946,42.6663,69.04746837668137,0.0,0.0,Piccolo,Piccolo,1
6777,84036,San Giovanni Gemini,16,7590,26.5594,285.774528039037,0.6024232475131215,2.108036890645586,Medio,Piccolo,1
6778,84037,Santa Elisabetta,4,2166,16.1674,133.9733043037223,0.2474114576246026,1.8467220683287164,Piccolo,Piccolo,1
6779,84038,Santa Margherita di Belice,19,6104,67.2752,90.73180012842772,0.2824220515137822,3.112712975098296,Medio,Medio,1
6780,84039,Sant'Angelo Muxaro,2,1184,64.5212,18.35055764616901,0.0309975635915017,1.6891891891891893,Piccolo,Medio,1
6781,84040,Santo Stefano Quisquina,4,4216,85.5183,49.29938972126434,0.0467736145363039,0.9487666034155596,Piccolo,Medio,1
6782,84041,Sciacca,275,39250,191.6678,204.78139781434336,1.4347741248138706,7.006369426751593,Grande,Grande,1
6783,84042,Siculiana,6,4177,40.9909,101.90066575752178,0.1463739512916281,1.4364376346660284,Piccolo,Piccolo,1
6784,84043,Villafranca Sicula,1,1358,17.6292,77.03128899779911,0.0567240714269507,0.7363770250368188,Piccolo,Piccolo,1
6785,85001,Acquaviva Platani,5,891,14.6333,60.8885213861535,0.3416864275317255,5.611672278338944,Molto piccolo,Piccolo,1
6786,85002,Bompensiere,0,522,19.9464,26.17013596438455,0.0,0.0,Molto piccolo,Piccolo,1
6787,85003,Butera,40,4234,298.5222,14.183199775427088,0.133993384746595,9.447331128956067,Piccolo,Molto grande,1
6788,85004,Caltanissetta,725,59864,421.2465,142.11156650559707,1.72108254905382,12.110784444741414,Grande,Molto grande,0
6789,85005,Campofranco,14,2758,36.113,76.37138980422563,0.3876720294630742,5.076142131979695,Piccolo,Piccolo,1
6790,85006,Delia,9,3958,12.3988,319.2244410749428,0.7258766977449431,2.273875694795352,Piccolo,Piccolo,1
6791,85007,Gela,1324,72491,279.2195,259.6201196549668,4.741789165871295,18.26433626243258,Grande,Molto grande,0
6792,85008,Marianopoli,2,1669,13.0705,127.69213113499868,0.1530163344937072,1.1983223487118035,Piccolo,Piccolo,1
6793,85009,Mazzarino,8,11181,295.5893,37.82613240736387,0.0270645791305706,0.7154995080940881,Medio,Molto grande,1
6794,85010,Milena,3,2777,24.6266,112.76424679005628,0.1218194959921385,1.0803024846957148,Piccolo,Piccolo,1
6795,85011,Montedoro,3,1418,14.5331,97.5703738362772,0.2064253325168064,2.115655853314528,Piccolo,Piccolo,1
6796,85012,Mussomeli,49,10059,164.4247,61.17693996096693,0.2980087541591987,4.8712595685455815,Medio,Grande,1
6797,85013,Niscemi,154,25180,96.8171,260.0780234070221,1.590628101853908,6.115965051628277,Grande,Medio,1
6798,85014,Resuttano,16,1809,38.2733,47.26532595830514,0.4180460007368061,8.84466556108347,Piccolo,Piccolo,1
6799,85015,Riesi,5,10697,66.9953,159.66791700313306,0.0746321010578354,0.4674207721791156,Medio,Medio,1
6800,85016,San Cataldo,66,21255,72.7746,292.0661879282057,0.9069098284291496,3.10515172900494,Grande,Medio,1
6801,85017,Santa Caterina Villarmosa,20,4847,75.8139,63.932867191900165,0.2638038671008878,4.126263668248401,Piccolo,Medio,1
6802,85018,Serradifalco,20,5679,41.9382,135.41353706167646,0.4768921889828366,3.521746786406057,Medio,Piccolo,1
6803,85019,Sommatino,16,6487,34.7565,186.64134766158847,0.4603455468761238,2.466471404347156,Medio,Piccolo,1
6804,85020,Sutera,3,1234,35.5836,34.678897019975494,0.0843085016693083,2.4311183144246358,Piccolo,Piccolo,1
6805,85021,Vallelunga Pratameno,11,3198,39.3738,81.22152294165154,0.2793735936079322,3.439649781113196,Piccolo,Piccolo,1
6806,85022,Villalba,4,1480,41.8177,35.39171212190053,0.0956532760051365,2.702702702702702,Piccolo,Piccolo,1
6807,86001,Agira,62,7756,164.0807,47.26942291201829,0.3778628443198987,7.993811242908715,Medio,Grande,1
6808,86002,Aidone,12,4389,210.7759,20.82306373736276,0.0569325050919009,2.7341079972658924,Piccolo,Grande,1
6809,86003,Assoro,33,4892,112.1499,43.62019047720952,0.294249036334406,6.745707277187244,Piccolo,Grande,1
6810,86004,Barrafranca,43,12063,53.712,224.58668453976765,0.8005659815311289,3.5646190831468125,Medio,Medio,1
6811,86005,Calascibetta,10,4169,89.1179,46.78072530883245,0.1122109026357218,2.398656752218758,Piccolo,Medio,1
6812,86006,Catenanuova,24,4519,11.2247,402.59427868896273,2.138141776617638,5.310909493250719,Piccolo,Piccolo,1
6813,86007,Centuripe,23,5172,174.1946,29.69093186585577,0.1320362399293663,4.447022428460944,Medio,Grande,1
6814,86008,Cerami,4,1859,95.0465,19.558847511481225,0.0420846638224448,2.151694459386767,Piccolo,Medio,1
6815,86009,Enna,342,26037,358.7437,72.57827802969084,0.9533268458791052,13.135153819564469,Grande,Molto grande,0
6816,86010,Gagliano Castelferrato,10,3368,56.2367,59.88971614621769,0.1778198222868696,2.969121140142518,Piccolo,Medio,1
6817,86011,Leonforte,41,12583,84.3917,149.10234063302434,0.4858297676193275,3.258364459985695,Medio,Medio,1
6818,86012,Nicosia,45,12947,218.5057,59.252458860340944,0.2059442842909818,3.4757086583764583,Medio,Grande,1
6819,86013,Nissoria,11,2849,61.8245,46.082054848805896,0.1779229916942312,3.861003861003861,Piccolo,Medio,1
6820,86014,Piazza Armerina,151,20749,304.5376,68.13280199226631,0.495833683591123,7.277459154658056,Grande,Molto grande,1
6821,86015,Pietraperzia,30,6459,118.1099,54.68635567382582,0.2540007230553916,4.644681839294009,Medio,Grande,1
6822,86016,Regalbuto,19,6830,170.2924,40.10748571280927,0.1115728006652087,2.781844802342606,Medio,Grande,1
6823,86017,Sperlinga,1,691,59.139,11.68433690119887,0.0169093153418218,1.447178002894356,Molto piccolo,Medio,1
6824,86018,Troina,20,8699,168.2777,51.6943124371203,0.1188511609084269,2.2991148407862974,Medio,Grande,1
6825,86019,Valguarnera Caropepe,12,7163,9.4134,760.9365372766482,1.274778507234368,1.675275722462655,Medio,Molto piccolo,1
6826,86020,Villarosa,12,4496,54.892,81.90628871238067,0.2186110908693434,2.6690391459074734,Piccolo,Medio,1
6827,87001,Aci Bonaccorsi,19,3495,1.7242,2027.027027027027,11.019603294281406,5.436337625178827,Piccolo,Molto piccolo,1
6828,87002,Aci Castello,267,17987,8.7058,2066.0938684555126,30.669209033058426,14.844054039028189,Medio,Molto piccolo,3
6829,87003,Aci Catena,135,28160,8.5219,3304.4274164212206,15.84153768525798,4.794034090909091,Grande,Molto piccolo,1
6830,87004,Acireale,807,50627,40.4413,1251.8638124887182,19.95484813791841,15.940111007960182,Grande,Piccolo,3
6831,87005,Aci Sant'Antonio,194,17867,14.3333,1246.5377826460062,13.534915197477204,10.858006380477976,Medio,Piccolo,3
6832,87006,Adrano,150,33926,83.2208,407.66250745006056,1.8024340068828948,4.421387726227672,Grande,Medio,1
6833,87007,Belpasso,447,27546,166.3264,165.6141177828655,2.687486772995748,16.227401437595297,Grande,Grande,0
6834,87008,Biancavilla,152,22987,70.2753,327.0992795477216,2.162922107767594,6.612433114368991,Grande,Medio,1
6835,87009,Bronte,82,18327,250.8569,73.05758781201554,0.3268795875257966,4.47427293064877,Medio,Molto grande,1
6836,87010,Calatabiano,71,5133,26.4172,194.30522538346227,2.687642899323168,13.832067017338789,Medio,Piccolo,0
6837,87011,Caltagirone,360,36241,383.3735,94.53183383828043,0.9390320405557504,9.933500731216029,Grande,Molto grande,1
6838,87012,Camporotondo Etneo,22,5149,6.554,785.627097955447,3.3567287152883734,4.272674305690425,Medio,Molto piccolo,1
6839,87013,Castel di Iudica,2,4352,103.2097,42.16657930407704,0.0193780235772412,0.4595588235294117,Piccolo,Grande,1
6840,87014,Castiglione di Sicilia,22,2969,118.9022,24.970101478357844,0.1850260129753697,7.40990232401482,Piccolo,Grande,1
6841,87015,Catania,6333,300356,182.796,1643.1212936825752,34.64517823147115,21.084979158065764,Grande,Grande,3
6842,87016,Fiumefreddo di Sicilia,107,9086,12.1599,747.2100921882582,8.799414468868987,11.776359233986351,Medio,Piccolo,0
6843,87017,Giarre,477,26485,27.3544,968.2171789547568,17.437779662504024,18.010194449688502,Grande,Piccolo,3
6844,87018,Grammichele,50,12561,32.0655,391.7294288253731,1.5593082908421825,3.980574795000398,Medio,Piccolo,1
6845,87019,Gravina di Catania,228,25031,5.1302,4879.147011812404,44.442711785115584,9.108705205545125,Grande,Molto piccolo,3
6846,87020,Licodia Eubea,24,2794,112.4453,24.84763702884869,0.2134371111998456,8.589835361488905,Piccolo,Grande,1
6847,87021,Linguaglossa,23,5098,60.2466,84.61888305730116,0.3817642821337635,4.511573165947431,Medio,Medio,1
6848,87022,Maletto,18,3613,40.9571,88.21425345056169,0.4394842408275977,4.98200941046222,Piccolo,Piccolo,1
6849,87023,Mascali,231,14092,37.8462,372.3491394116186,6.103651093108423,16.392279307408458,Medio,Piccolo,0
6850,87024,Mascalucia,326,31628,16.3066,1939.582745636736,19.99190511817301,10.307322625521689,Grande,Piccolo,3
6851,87025,Militello in Val di Catania,19,6792,62.4748,108.71583422435926,0.3041226222412876,2.7974087161366312,Medio,Medio,1
6852,87026,Milo,4,1038,16.6713,62.26269097190981,0.239933298543005,3.8535645472061657,Piccolo,Piccolo,1
6853,87027,Mineo,68,4991,245.2684,20.34913588542185,0.2772472931694421,13.624524143458226,Piccolo,Grande,0
6854,87028,Mirabella Imbaccari,16,4282,15.3009,279.8528191152154,1.0456901228032338,3.736571695469407,Piccolo,Piccolo,1
6855,87029,Misterbianco,645,48943,37.6868,1298.6775210418502,17.11474574652133,13.178595509061562,Grande,Piccolo,3
6856,87030,Motta Sant'Anastasia,138,11987,35.6999,335.77124865895985,3.865557046378281,11.512471844498206,Medio,Piccolo,0
6857,87031,Nicolosi,60,7529,42.6505,176.52782499618996,1.4067830388858278,7.969185814849249,Medio,Piccolo,1
6858,87032,Palagonia,125,15805,57.7851,273.51341435768046,2.163187396058845,7.908889591901298,Medio,Medio,1
6859,87033,Paternò,426,45621,144.6802,315.32303660072347,2.944425014618448,9.337804958242916,Grande,Grande,1
6860,87034,Pedara,113,14714,19.2394,764.7847645976486,5.873364034221441,7.679760772053826,Medio,Piccolo,1
6861,87035,Piedimonte Etneo,31,3927,26.5431,147.9480542965969,1.1679118113558704,7.89406671759613,Piccolo,Piccolo,1
6862,87036,Raddusa,0,2875,23.3861,122.9362741115449,0.0,0.0,Piccolo,Piccolo,1
6863,87037,Ramacca,58,10377,306.4331,33.863835205792064,0.1892745920724621,5.589283993447046,Medio,Molto grande,1
6864,87038,Randazzo,58,10324,205.6137,50.2106620327342,0.2820823709704169,5.617977528089887,Medio,Grande,1
6865,87039,Riposto,155,13969,13.2139,1057.14437070055,11.730072121024072,11.095998281909942,Medio,Piccolo,0
6866,87040,San Cono,4,2431,6.6313,366.5947853362086,0.6031999758720009,1.6454134101192923,Piccolo,Molto piccolo,1
6867,87041,San Giovanni la Punta,329,23336,10.8496,2150.862704615838,30.32369856953252,14.098388755570792,Grande,Piccolo,3
6868,87042,San Gregorio di Catania,166,11464,5.649,2029.3857319879623,29.385731987962476,14.480111653872994,Medio,Molto piccolo,3
6869,87043,San Michele di Ganzaria,6,2965,25.8122,114.86816311666576,0.2324482221585141,2.023608768971332,Piccolo,Piccolo,1
6870,87044,San Pietro Clarenza,54,8123,6.2721,1295.100524545208,8.609556607834696,6.647790225286224,Medio,Molto piccolo,1
6871,87045,Sant'Agata li Battiati,138,9318,3.118,2988.4541372674794,44.25914047466325,14.810045074050224,Medio,Molto piccolo,3
6872,87046,Sant'Alfio,3,1522,25.8595,58.85651308029931,0.1160115238113652,1.971090670170828,Piccolo,Piccolo,1
6873,87047,Santa Maria di Licodia,43,7395,26.2767,281.42803320051604,1.6364307542423515,5.81473968897904,Medio,Piccolo,1
6874,87048,Santa Venerina,109,8303,19.0259,436.40511092773534,5.729032529341581,13.127785137901965,Medio,Piccolo,0
6875,87049,Scordia,59,16296,24.3092,670.3634837839172,2.4270646504204167,3.6205203730976927,Medio,Piccolo,1
6876,87050,Trecastagni,60,11073,19.1562,578.0373978137627,3.1321452062517623,5.41858574911948,Medio,Piccolo,1
6877,87051,Tremestieri Etneo,257,19892,6.4902,3064.928661674525,39.59816338479554,12.919766740398147,Medio,Molto piccolo,3
6878,87052,Valverde,81,7775,5.5218,1408.0553442717955,14.669129631641855,10.418006430868168,Medio,Molto piccolo,3
6879,87053,Viagrande,89,8715,10.0944,863.3499762244412,8.81676969408781,10.2122776821572,Medio,Piccolo,1
6880,87054,Vizzini,17,5772,126.7508,45.53817411803318,0.1341214414425786,2.945252945252945,Medio,Grande,1
6881,87055,Zafferana Etnea,57,9282,76.8653,120.75670035763862,0.7415569834502694,6.140917905623788,Medio,Medio,1
6882,87056,Mazzarrone,6,3921,34.7833,112.72650956062247,0.1724965716306388,1.530221882172915,Piccolo,Piccolo,1
6883,87057,Maniace,14,3739,37.7004,99.176666560567,0.3713488451050917,3.744316662209147,Piccolo,Piccolo,1
6884,87058,Ragalna,14,4083,39.528,103.29386763812994,0.3541793159279498,3.428851334802841,Piccolo,Piccolo,1
6885,88001,Acate,43,10620,102.4684,103.6417080778074,0.4196415675466778,4.048964218455743,Medio,Grande,1
6886,88002,Chiaramonte Gulfi,61,7926,127.374,62.22620000942108,0.4789046430197686,7.696189755235933,Medio,Grande,1
6887,88003,Comiso,220,29978,65.4008,458.3735978764785,3.363873224792357,7.338715057708987,Grande,Medio,1
6888,88004,Giarratana,8,2830,43.6296,64.8642206208629,0.1833617544052661,2.8268551236749118,Piccolo,Piccolo,1
6889,88005,Ispica,151,16127,113.753,141.7720851318207,1.32743751813139,9.363179760649842,Medio,Grande,1
6890,88006,Modica,605,53370,292.3698,182.54279340752703,2.069297170911633,11.335956529885705,Grande,Molto grande,1
6891,88007,Monterosso Almo,8,2829,56.55,50.026525198939,0.1414677276746242,2.8278543655001767,Piccolo,Medio,1
6892,88008,Pozzallo,139,18940,15.3764,1231.7577586431155,9.039827267760984,7.338965153115101,Medio,Piccolo,1
6893,88009,Ragusa,835,72579,444.7079,163.20600556005414,1.8776369837369653,11.504705217762714,Grande,Molto grande,0
6894,88010,Santa Croce Camerina,135,10838,41.085,263.7945722283072,3.285870755750273,12.45617272559513,Medio,Piccolo,0
6895,88011,Scicli,262,26822,138.7215,193.3514271399891,1.888676232595524,9.76810081276564,Grande,Grande,1
6896,88012,Vittoria,842,62051,182.4725,340.0567208757484,4.614393949773254,13.569483167072248,Grande,Grande,0
6897,89001,Augusta,373,34857,111.1579,313.580951061508,3.355586962330163,10.700863528129211,Grande,Grande,1
6898,89002,Avola,411,30503,74.5914,408.9345420517647,5.510018581230544,13.474084516277088,Grande,Medio,0
6899,89003,Buccheri,2,1778,57.831,30.744756272587367,0.0345835278656775,1.124859392575928,Piccolo,Medio,1
6900,89004,Buscemi,8,978,52.0509,18.789300473190664,0.1536957093921526,8.1799591002045,Molto piccolo,Medio,1
6901,89005,Canicattini Bagni,21,6639,15.0628,440.75470696019335,1.3941631038054014,3.1631269769543606,Medio,Piccolo,1
6902,89006,Carlentini,136,17152,158.9089,107.93605644491907,0.855836268453183,7.929104477611941,Medio,Grande,1
6903,89007,Cassaro,3,729,19.6155,37.16448726772195,0.152940276821901,4.11522633744856,Molto piccolo,Piccolo,1
6904,89008,Ferla,10,2349,24.8976,94.34644303065356,0.4016451384872437,4.257130693912303,Piccolo,Piccolo,1
6905,89009,Floridia,192,21561,26.4772,814.3232668106899,7.251522064266615,8.904967302073187,Grande,Piccolo,1
6906,89010,Francofonte,38,11908,74.2007,160.48366120535252,0.5121245486902415,3.1911320120927105,Medio,Medio,1
6907,89011,Lentini,177,22106,216.7816,101.97359923535946,0.8164899604025434,8.006875961277482,Grande,Grande,1
6908,89012,Melilli,134,13257,136.4172,97.17982776365444,0.982280826757916,10.107867541676097,Medio,Grande,1
6909,89013,Noto,237,23638,554.9841,42.59221120028484,0.4270392611247781,10.026228953380151,Grande,Molto grande,1
6910,89014,Pachino,178,21521,50.9828,422.1227551252579,3.4913735612794907,8.270991124947725,Grande,Medio,1
6911,89015,Palazzolo Acreide,9,8247,87.5343,94.21449648880495,0.1028168386563895,1.0913059294288832,Medio,Medio,1
6912,89016,Rosolini,128,20644,76.4685,269.9673721859328,1.6738918639701317,6.200348769618291,Grande,Medio,1
6913,89017,Siracusa,2006,117053,207.8248,563.2292199968434,9.652361027172889,17.13753598797126,Grande,Grande,0
6914,89018,Solarino,26,7556,13.0204,580.3201130533624,1.996866455715646,3.440974060349391,Medio,Piccolo,1
6915,89019,Sortino,12,8337,93.3295,89.3286688560423,0.1285767094005646,1.4393666786613888,Medio,Medio,1
6916,89020,Portopalo di Capo Passero,12,3790,15.0908,251.14639382935297,0.7951864712275029,3.16622691292876,Piccolo,Piccolo,1
6917,89021,Priolo Gargallo,131,11468,56.9645,201.31836494658955,2.299677869550334,11.423090338332752,Medio,Medio,0
6918,90001,Aggius,10,1409,86.3046,16.325896881510374,0.1158686790738848,7.097232079488999,Piccolo,Medio,1
6919,90002,Alà dei Sardi,13,1787,197.9892,9.025744838607356,0.0656601471191357,7.274762171236709,Piccolo,Grande,1
6920,90003,Alghero,834,42325,225.4113,187.7678714421149,3.69990324353748,19.704666272888364,Grande,Grande,0
6921,90004,Anela,3,592,36.8902,16.047622403782036,0.0813224108299765,5.067567567567568,Molto piccolo,Piccolo,1
6922,90005,Ardara,14,757,38.1886,19.82266959249619,0.3666015512482782,18.49405548216645,Molto piccolo,Piccolo,0
6923,90006,Arzachena,246,13337,230.8505,57.77332082884811,1.0656247224935618,18.444927644897653,Medio,Grande,0
6924,90007,Banari,1,539,21.2509,25.36363165795331,0.0470568305342361,1.855287569573284,Molto piccolo,Piccolo,1
6925,90008,Benetutti,10,1736,94.446,18.38087372678568,0.1058806090252631,5.760368663594471,Piccolo,Medio,1
6926,90009,Berchidda,18,2636,201.8768,13.057468713591655,0.0891632916709597,6.828528072837633,Piccolo,Grande,1
6927,90010,Bessude,1,398,26.794,14.854071807120995,0.037321788460103,2.512562814070352,Molto piccolo,Piccolo,1
6928,90011,Bonnanaro,10,952,21.8441,43.58156206939173,0.4577895175356274,10.504201680672267,Molto piccolo,Piccolo,1
6929,90012,Bono,19,3369,74.5393,45.19763399978267,0.254899093498329,5.6396556841792815,Piccolo,Medio,1
6930,90013,Bonorva,25,3233,149.744,21.59018057484774,0.1669515973928838,7.732755954222085,Piccolo,Grande,1
6931,90014,Bortigiadas,6,737,75.8973,9.71049035999963,0.0790541956037961,8.14111261872456,Molto piccolo,Medio,1
6932,90015,Borutta,1,262,4.7583,55.06168169304163,0.2101590904314566,3.8167938931297702,Molto piccolo,Molto piccolo,1
6933,90016,Bottidda,11,660,33.7144,19.57620482642432,0.3262700804404053,16.666666666666668,Molto piccolo,Piccolo,0
6934,90017,Buddusò,17,3666,176.8381,20.730826671401694,0.0961331296818954,4.637206764866339,Piccolo,Grande,1
6935,90018,Bultei,5,854,96.8314,8.819453193901978,0.0516361428214401,5.85480093676815,Molto piccolo,Medio,1
6936,90019,Bulzi,1,475,21.6697,21.92000812193985,0.0461473855198733,2.1052631578947367,Molto piccolo,Piccolo,1
6937,90020,Burgos,2,859,18.077,47.51894672788626,0.1106378270730762,2.328288707799767,Molto piccolo,Piccolo,1
6938,90021,Calangianus,26,3854,126.8371,30.38543139191924,0.2049873420316295,6.746237675142709,Piccolo,Grande,1
6939,90022,Cargeghe,6,605,12.0464,50.22247310399787,0.4980741134280781,9.917355371900827,Molto piccolo,Piccolo,1
6940,90023,Castelsardo,45,5687,43.3436,131.20737548334702,1.038215561236261,7.912783541410234,Medio,Piccolo,1
6941,90024,Cheremule,2,408,24.2502,16.824603508424673,0.0824735466099248,4.901960784313726,Molto piccolo,Piccolo,1
6942,90025,Chiaramonti,7,1529,98.6116,15.505275241452324,0.0709855635645299,4.578155657292347,Piccolo,Medio,1
6943,90026,Codrongianos,39,1276,30.3907,41.98652877360509,1.2832873214503122,30.564263322884013,Piccolo,Piccolo,0
6944,90027,Cossoine,10,776,39.1704,19.81087760145416,0.2552948144517288,12.886597938144329,Molto piccolo,Piccolo,0
6945,90028,Esporlatu,0,376,18.4001,20.43467155069809,0.0,0.0,Molto piccolo,Piccolo,1
6946,90029,Florinas,4,1466,36.0608,40.65356287159464,0.1109237731830685,2.728512960436562,Piccolo,Piccolo,1
6947,90030,Giave,4,500,47.0662,10.623334792271311,0.0849866783381704,8.0,Molto piccolo,Piccolo,1
6948,90031,Illorai,3,776,57.1904,13.568710832587287,0.0524563563115487,3.865979381443299,Molto piccolo,Medio,1
6949,90032,Ittireddu,2,482,23.6867,20.34897220803236,0.0844355693279351,4.149377593360996,Molto piccolo,Piccolo,1
6950,90033,Ittiri,39,8188,111.4578,73.46278142938404,0.349908216383241,4.763067904250122,Medio,Grande,1
6951,90034,Laerru,2,872,19.8495,43.93057759641301,0.1007582054963601,2.293577981651376,Molto piccolo,Piccolo,1
6952,90035,La Maddalena,87,10722,51.6732,207.49634239799357,1.6836580664638536,8.114157806379406,Medio,Medio,1
6953,90036,Luogosanto,12,1821,135.0697,13.48192821928234,0.0888430195669346,6.589785831960461,Piccolo,Grande,1
6954,90037,Luras,22,2466,87.5852,28.155441786968574,0.2511839899891762,8.921330089213301,Piccolo,Medio,1
6955,90038,Mara,0,532,18.6434,28.53556754669213,0.0,0.0,Molto piccolo,Piccolo,1
6956,90039,Martis,1,480,22.9593,20.90656074009225,0.0435553348751921,2.083333333333333,Molto piccolo,Piccolo,1
6957,90040,Monteleone Rocca Doria,1,107,13.3858,7.993545398855503,0.0747060317650047,9.345794392523365,Molto piccolo,Piccolo,1
6958,90041,Monti,21,2336,123.822,18.86579121642357,0.1695982943257256,8.98972602739726,Piccolo,Grande,1
6959,90042,Mores,13,1777,94.8547,18.733916189709102,0.137051722265739,7.315700619020821,Piccolo,Medio,1
6960,90043,Muros,25,831,11.2256,74.02722348916761,2.227052451539339,30.084235860409144,Molto piccolo,Piccolo,0
6961,90044,Nughedu San Nicolò,2,768,67.8938,11.311783992058183,0.0294577708126515,2.6041666666666665,Molto piccolo,Medio,1
6962,90045,Nule,5,1291,51.9467,24.852396783626293,0.0962525049714418,3.872966692486445,Piccolo,Medio,1
6963,90046,Nulvi,12,2662,67.375,39.51020408163265,0.1781076066790352,4.507888805409467,Piccolo,Medio,1
6964,90047,Olbia,1268,59948,383.6361,156.26266662600312,3.305215541498832,21.15166477613932,Grande,Molto grande,0
6965,90048,Olmedo,33,4125,33.4655,123.2612690681448,0.9860901525451584,8.0,Piccolo,Piccolo,1
6966,90049,Oschiri,23,3074,215.6111,14.257150953731047,0.1066735432452225,7.482108002602472,Piccolo,Grande,1
6967,90050,Osilo,14,2879,98.031,29.36826106027685,0.1428119676428884,4.862799583188607,Piccolo,Medio,1
6968,90051,Ossi,28,5529,30.0898,183.74997507461,0.9305478933060372,5.06420690902514,Medio,Piccolo,1
6969,90052,Ozieri,76,10023,252.1279,39.7536329775483,0.3014343117124284,7.582560111742991,Medio,Molto grande,1
6970,90053,Padria,4,625,48.3942,12.914770778316411,0.082654532981225,6.4,Molto piccolo,Piccolo,1
6971,90054,Palau,38,4077,44.4411,91.73940339010512,0.8550643435918553,9.320578857002698,Piccolo,Piccolo,1
6972,90055,Pattada,18,2928,164.8777,17.758617447962944,0.1091718285735426,6.147540983606557,Piccolo,Grande,1
6973,90056,Perfugas,10,2261,60.8803,37.13845036900278,0.1642567464352179,4.422821760283061,Piccolo,Medio,1
6974,90057,Ploaghe,19,4383,96.2684,45.52895861985864,0.1973648673915843,4.334930412959161,Piccolo,Medio,1
6975,90058,Porto Torres,185,21377,104.5108,204.5434538822782,1.7701519842925324,8.654161014174113,Grande,Grande,1
6976,90059,Pozzomaggiore,7,2442,78.7714,31.001099383786503,0.0888647402483642,2.8665028665028665,Piccolo,Medio,1
6977,90060,Putifigari,2,707,53.1002,13.314450793029028,0.0376646415644385,2.828854314002829,Molto piccolo,Medio,1
6978,90061,Romana,2,504,21.5953,23.338411598820112,0.0926127444397623,3.968253968253968,Molto piccolo,Piccolo,1
6979,90062,Aglientu,21,1179,148.1899,7.9560077981023,0.1417100625616185,17.811704834605596,Piccolo,Grande,0
6980,90063,Santa Teresa Gallura,37,4951,102.2847,48.40411126981846,0.3617354306167002,7.473237729751565,Piccolo,Grande,1
6981,90064,Sassari,2361,122506,547.0333,223.94614733691716,4.316007818902432,19.27252542732601,Grande,Molto grande,0
6982,90065,Sedini,4,1272,40.5057,31.402987727653148,0.0987515337347583,3.1446540880503147,Piccolo,Piccolo,1
6983,90066,Semestene,0,129,39.5828,3.258991279040391,0.0,0.0,Molto piccolo,Piccolo,1
6984,90067,Sennori,20,7001,31.3396,223.39149191438307,0.638170238292767,2.8567347521782605,Medio,Piccolo,1
6985,90068,Siligo,9,818,43.4487,18.82680034155222,0.207140835053753,11.002444987775062,Molto piccolo,Piccolo,1
6986,90069,Sorso,125,14339,67.0106,213.9810716513507,1.8653765225203176,8.717483785480159,Medio,Medio,1
6987,90070,Tempio Pausania,116,13443,210.8176,63.76602333012045,0.5502386897488635,8.629026259019565,Medio,Grande,1
6988,90071,Thiesi,11,2826,63.2444,44.6837980912144,0.1739284426763476,3.89242745930644,Piccolo,Medio,1
6989,90072,Tissi,2,2343,10.2376,228.8622333359381,0.1953582870985387,0.8536064874093043,Piccolo,Piccolo,1
6990,90073,Torralba,12,914,36.5029,25.03910648195075,0.3287410041393971,13.129102844638949,Molto piccolo,Piccolo,0
6991,90074,Trinità d'Agultu e Vignola,36,2216,134.0008,16.5372147031958,0.268655112506791,16.24548736462094,Piccolo,Grande,0
6992,90075,Tula,4,1469,66.1853,22.19526088119265,0.0604363808882032,2.722940776038121,Piccolo,Medio,1
6993,90076,Uri,23,2864,56.8063,50.41694319116014,0.404884669482082,8.03072625698324,Piccolo,Medio,1
6994,90077,Usini,12,4254,30.7367,138.40132480064548,0.3904127638946276,2.8208744710860367,Piccolo,Piccolo,1
6995,90078,Villanova Monteleone,11,2177,202.6815,10.740990174238892,0.0542723435538023,5.052824988516307,Piccolo,Grande,1
6996,90079,Valledoria,31,4216,25.9539,162.44186808148294,1.194425500599139,7.352941176470588,Piccolo,Piccolo,1
6997,90080,Telti,26,2224,83.2468,26.71574162610455,0.3123243175713661,11.69064748201439,Piccolo,Medio,0
6998,90081,Badesi,19,1819,31.3026,58.11018892999303,0.6069783340680965,10.445299615173171,Piccolo,Piccolo,1
6999,90082,Viddalba,12,1623,50.4089,32.19669542481586,0.2380532009228529,7.393715341959335,Piccolo,Medio,1
7000,90083,Golfo Aranci,44,2406,37.4285,64.28256542474318,1.1755747625472568,18.28761429758936,Piccolo,Piccolo,0
7001,90084,Loiri Porto San Paolo,52,3551,118.5196,29.961289103236933,0.4387459964427824,14.643762320473106,Piccolo,Grande,0
7002,90085,Sant'Antonio di Gallura,17,1448,81.6928,17.724940264013473,0.2080966743703239,11.740331491712707,Piccolo,Medio,0
7003,90086,Tergu,3,602,36.8773,16.32440552860432,0.0813508581159683,4.983388704318936,Molto piccolo,Piccolo,1
7004,90087,Santa Maria Coghinas,14,1296,22.9701,56.42117361265297,0.6094879865564364,10.802469135802468,Piccolo,Piccolo,1
7005,90088,Erula,1,707,39.3115,17.984559225671877,0.0254378489754906,1.4144271570014144,Molto piccolo,Piccolo,1
7006,90089,Stintino,18,1543,59.043,26.13349592669749,0.3048625577968599,11.665586519766688,Piccolo,Medio,0
7007,90090,Padru,7,2024,157.996,12.810450897491076,0.0443049191118762,3.458498023715415,Piccolo,Grande,1
7008,90091,Budoni,70,5221,54.2785,96.1890988144477,1.2896450712528902,13.407393219689714,Medio,Medio,0
7009,90092,San Teodoro,72,4923,107.5989,45.753255841834815,0.6691518221840558,14.625228519195613,Piccolo,Grande,0
7010,91001,Aritzo,8,1215,75.5753,16.076681137884997,0.1058546906198189,6.584362139917696,Piccolo,Medio,1
7011,91002,Arzana,17,2285,162.486,14.062750021540316,0.1046243984097091,7.439824945295404,Piccolo,Grande,1
7012,91003,Atzara,5,1036,35.9218,28.840425591145213,0.1391912432005077,4.826254826254826,Piccolo,Piccolo,1
7013,91004,Austis,3,768,50.8081,15.11570005569978,0.0590457033425772,3.90625,Molto piccolo,Medio,1
7014,91005,Bari Sardo,33,3848,37.4258,102.81677345574442,0.8817446788044611,8.575883575883577,Piccolo,Piccolo,1
7015,91006,Baunei,22,3469,211.8973,16.371138282554803,0.103823880719575,6.341885269530124,Piccolo,Grande,1
7016,91007,Belvì,7,579,18.1022,31.98506258907757,0.386693330092475,12.08981001727116,Molto piccolo,Piccolo,0
7017,91008,Birori,13,508,17.3275,29.317558793824844,0.7502524888183523,25.590551181102363,Molto piccolo,Piccolo,0
7018,91009,Bitti,7,2661,215.3679,12.355601740092188,0.0325025224279012,2.6305900037579857,Piccolo,Grande,1
7019,91010,Bolotana,18,2456,108.4346,22.64959708432548,0.1659986756994538,7.328990228013029,Piccolo,Grande,1
7020,91011,Borore,13,1989,42.6755,46.60753828308983,0.3046244332228093,6.5359477124183005,Piccolo,Piccolo,1
7021,91012,Bortigali,5,1251,67.327,18.580955634440866,0.0742644110089563,3.996802557953637,Piccolo,Medio,1
7022,91016,Desulo,5,2166,74.4978,29.07468408463069,0.0671160759109665,2.308402585410896,Piccolo,Medio,1
7023,91017,Dorgali,27,8288,226.5328,36.58631332857758,0.1191880381119202,3.257722007722008,Medio,Grande,1
7024,91018,Dualchi,4,590,23.4099,25.20301240073644,0.1708678806829589,6.779661016949152,Molto piccolo,Piccolo,1
7025,91019,Elini,4,557,10.6497,52.30194277773083,0.3755974346695212,7.1813285457809695,Molto piccolo,Piccolo,1
7026,91024,Fonni,9,3752,112.2661,33.420596244102185,0.0801666754256182,2.398720682302772,Piccolo,Grande,1
7027,91025,Gadoni,2,725,43.4345,16.69180029699893,0.0460463456468936,2.758620689655172,Molto piccolo,Piccolo,1
7028,91026,Gairo,2,1317,77.49,16.99574138598529,0.0258097819073428,1.5186028853454825,Piccolo,Medio,1
7029,91027,Galtellì,14,2380,56.53,42.10153900583761,0.2476561117990447,5.88235294117647,Piccolo,Medio,1
7030,91028,Gavoi,12,2527,38.0587,66.39743343834655,0.3153024144282385,4.748713889988128,Piccolo,Piccolo,1
7031,91031,Girasole,13,1278,13.1613,97.10286977730163,0.9877443717565894,10.172143974960877,Piccolo,Piccolo,1
7032,91032,Ilbono,17,2014,31.132,64.69227804188615,0.5460619298471027,8.440913604766633,Piccolo,Piccolo,1
7033,91033,Irgoli,12,2239,75.2988,29.734869612795958,0.1593650894834977,5.359535506922733,Piccolo,Medio,1
7034,91035,Jerzu,8,3069,102.4051,29.96921051783553,0.078121109202569,2.606712284131639,Piccolo,Grande,1
7035,91037,Lanusei,57,5154,53.1687,96.93673157327524,1.0720593130921012,11.059371362048894,Medio,Medio,1
7036,91038,Lei,3,474,19.1146,24.797798541429067,0.1569480920343611,6.329113924050633,Molto piccolo,Piccolo,1
7037,91039,Loceri,14,1265,19.3735,65.29537770666116,0.7226365912199654,11.067193675889328,Piccolo,Piccolo,1
7038,91040,Loculi,11,504,38.1494,13.21121695229807,0.288340052530315,21.825396825396822,Molto piccolo,Piccolo,0
7039,91041,Lodè,3,1638,123.4437,13.269206934011212,0.0243025768022183,1.8315018315018317,Piccolo,Grande,1
7040,91042,Lotzorai,12,2100,16.8669,124.50420646354694,0.7114526083631254,5.714285714285714,Piccolo,Piccolo,1
7041,91043,Lula,18,1277,148.7146,8.586917491624899,0.1210372081826532,14.095536413469068,Piccolo,Grande,0
7042,91044,Macomer,91,9567,122.7633,77.93045641490576,0.7412638793515651,9.511863698128986,Medio,Grande,1
7043,91046,Mamoiada,20,2413,48.8294,49.416949624611405,0.4095893048040729,8.288437629506838,Piccolo,Piccolo,1
7044,91047,Meana Sardo,5,1624,73.8037,22.004316856742957,0.0677472809628785,3.078817733990148,Piccolo,Medio,1
7045,91050,Noragugume,9,294,26.7317,10.998178192931988,0.3366789242734281,30.612244897959183,Molto piccolo,Piccolo,0
7046,91051,Nuoro,400,34660,192.059,180.46537782660536,2.0826933390260285,11.540680900173111,Grande,Grande,0
7047,91055,Oliena,49,6722,165.7374,40.55813594276246,0.2956484173155848,7.28949717346028,Medio,Grande,1
7048,91056,Ollolai,2,1202,27.2372,44.13082108293069,0.0734289868268397,1.663893510815308,Piccolo,Piccolo,1
7049,91057,Olzai,3,792,69.8209,11.343308379009724,0.0429670771932186,3.787878787878788,Molto piccolo,Medio,1
7050,91058,Onanì,1,375,71.97,5.2105043768236765,0.0138946783381964,2.6666666666666665,Molto piccolo,Medio,1
7051,91059,Onifai,4,709,43.1843,16.418003765257282,0.0926262553752173,5.6417489421720735,Molto piccolo,Piccolo,1
7052,91060,Oniferi,34,898,35.6734,25.172817841865367,0.95309109868978,37.8619153674833,Molto piccolo,Piccolo,0
7053,91061,Orani,28,2742,130.4318,21.022480714058997,0.2146715754900262,10.211524434719184,Piccolo,Grande,1
7054,91062,Orgosolo,20,3991,222.5957,17.92936700933576,0.0898489952860724,5.011275369581559,Piccolo,Grande,1
7055,91063,Orosei,38,6798,90.9957,74.70682680610183,0.4176021504312841,5.589879376287144,Medio,Medio,1
7056,91064,Orotelli,27,1916,61.1765,31.319215711915525,0.441345941660605,14.091858037578287,Piccolo,Medio,0
7057,91066,Ortueri,4,1066,38.8335,27.45052596340788,0.1030038497688851,3.75234521575985,Piccolo,Piccolo,1
7058,91067,Orune,15,2185,128.4462,17.011013171273262,0.1167804107867729,6.864988558352402,Piccolo,Grande,1
7059,91068,Osidda,0,223,25.6759,8.685187276784845,0.0,0.0,Molto piccolo,Piccolo,1
7060,91069,Osini,1,740,39.814,18.58642688501532,0.0251167930878585,1.351351351351351,Molto piccolo,Piccolo,1
7061,91070,Ottana,30,2224,45.0708,49.34458673908606,0.665619425437312,13.489208633093524,Piccolo,Piccolo,0
7062,91071,Ovodda,7,1538,40.8474,37.652335277153504,0.17136953637196,4.551365409622886,Piccolo,Piccolo,1
7063,91072,Perdasdefogu,4,1757,77.7449,22.59955315396894,0.0514503202139304,2.2766078542970973,Piccolo,Medio,1
7064,91073,Posada,62,3006,32.7669,91.73891945835584,1.892153362081857,20.625415834996677,Piccolo,Piccolo,0
7065,91077,Sarule,16,1596,52.7148,30.276127387375084,0.3035200740588981,10.025062656641603,Piccolo,Medio,1
7066,91083,Silanus,10,2022,47.9345,42.1825616205447,0.2086180099928026,4.945598417408506,Piccolo,Piccolo,1
7067,91084,Sindia,15,1626,58.5657,27.76369103417188,0.2561226110163457,9.22509225092251,Piccolo,Medio,1
7068,91085,Siniscola,116,11136,196.4124,56.69703134832628,0.5905940765450655,10.416666666666666,Medio,Grande,1
7069,91086,Sorgono,13,1552,56.0512,27.688970084494176,0.2319308061201187,8.376288659793815,Piccolo,Medio,1
7070,91088,Talana,8,971,118.6731,8.18214068731667,0.0674120756936492,8.2389289392379,Molto piccolo,Grande,1
7071,91089,Tertenia,7,3839,117.6501,32.63065649752954,0.0594984619647582,1.8233915082052616,Piccolo,Grande,1
7072,91090,Teti,3,617,43.8006,14.086565024223413,0.068492212435446,4.862236628849271,Molto piccolo,Piccolo,1
7073,91091,Tiana,1,457,19.3156,23.659632628548945,0.0517716250077657,2.1881838074398248,Molto piccolo,Piccolo,1
7074,91093,Tonara,5,1851,52.0143,35.586367595065205,0.0961274111157893,2.701242571582928,Piccolo,Medio,1
7075,91094,Torpè,4,2712,91.5027,29.63846968450111,0.0437145570567863,1.4749262536873156,Piccolo,Medio,1
7076,91095,Tortolì,156,10969,40.285,272.28496959165943,3.8724090852674697,14.22189807639712,Medio,Piccolo,0
7077,91097,Triei,1,1055,32.9802,31.98889030387929,0.0303212230368524,0.9478672985781992,Piccolo,Piccolo,1
7078,91098,Ulassai,1,1393,122.4109,11.379705565435758,0.008169207153938,0.7178750897343863,Piccolo,Grande,1
7079,91099,Urzulei,13,1154,129.6349,8.901923787498584,0.1002816371208679,11.26516464471404,Piccolo,Grande,1
7080,91100,Ussassai,3,492,47.323,10.396635885298902,0.0633941212518225,6.097560975609756,Molto piccolo,Piccolo,1
7081,91101,Villagrande Strisaili,33,2997,210.351,14.247614701142377,0.156880642354921,11.01101101101101,Piccolo,Grande,1
7082,91103,Cardedu,13,1948,33.389,58.34256791158764,0.3893497858576177,6.673511293634497,Piccolo,Piccolo,1
7083,91104,Lodine,3,309,7.7001,40.129348969493904,0.3896053298009116,9.70873786407767,Molto piccolo,Molto piccolo,1
7084,92003,Assemini,168,26291,118.1723,222.480225907425,1.4216529592806435,6.390019398273173,Grande,Grande,1
7085,92009,Cagliari,2155,149572,84.5839,1768.3270693358902,25.47766182453162,14.40777685663092,Grande,Medio,3
7086,92011,Capoterra,107,23089,68.4888,337.1208139140998,1.56229923724755,4.634241413660184,Grande,Medio,1
7087,92015,Decimomannu,79,8222,27.7167,296.64426140197065,2.850267167447784,9.608367793724156,Medio,Piccolo,1
7088,92037,Maracalagonis,52,7888,101.3687,77.81494682283584,0.5129788583655507,6.592292089249493,Medio,Grande,1
7089,92050,Pula,30,7064,138.9157,50.85098372610152,0.2159583114075659,4.246885617214042,Medio,Grande,1
7090,92051,Quartu Sant'Elena,660,68640,96.4102,711.9578633796009,6.845748686342316,9.615384615384617,Grande,Medio,1
7091,92066,Sarroch,30,5097,67.8293,75.14451719242274,0.4422867403909519,5.885815185403178,Medio,Medio,1
7092,92068,Selargius,262,28655,26.6857,1073.7960780492922,9.817992407918847,9.143255976269412,Grande,Piccolo,1
7093,92074,Sestu,161,20772,48.2851,430.194822005132,3.334361946024757,7.750818409397266,Grande,Piccolo,1
7094,92075,Settimo San Pietro,38,6776,23.294,290.8903580321113,1.631321370309951,5.608028335301063,Medio,Piccolo,1
7095,92080,Sinnai,77,17301,223.908,77.26834235489576,0.3438912410454294,4.450609791341542,Medio,Grande,1
7096,92090,Uta,49,8585,134.7065,63.73114883097697,0.3637537906485582,5.707629586488061,Medio,Grande,1
7097,92099,Villa San Pietro,9,2148,39.887,53.85213227367313,0.2256374257276807,4.189944134078212,Piccolo,Piccolo,1
7098,92105,Quartucciu,81,12864,27.9315,460.55528704151226,2.899951667472209,6.2966417910447765,Medio,Piccolo,1
7099,92108,Elmas,124,9349,14.0545,665.1962005051762,8.822796968942331,13.263450636431704,Medio,Piccolo,0
7100,92109,Monserrato,180,19175,6.4217,2985.969447342604,28.029960913776723,9.38722294654498,Medio,Molto piccolo,3
7101,93001,Andreis,0,262,26.9502,9.721634718851808,0.0,0.0,Molto piccolo,Piccolo,1
7102,93002,Arba,7,1296,15.3112,84.64392079000993,0.4571816709336956,5.401234567901234,Piccolo,Piccolo,1
7103,93004,Aviano,97,8854,113.3483,78.11321387263858,0.8557693410487851,10.955500338829909,Medio,Grande,1
7104,93005,Azzano Decimo,145,15702,51.3378,305.8565033951591,2.824429562622473,9.2344924213476,Medio,Medio,1
7105,93006,Barcis,11,234,103.4107,2.262821932353228,0.1063719711789979,47.008547008547005,Molto piccolo,Grande,0
7106,93007,Brugnera,57,9258,29.1193,317.93346680723783,1.9574646368559685,6.156837329876863,Medio,Piccolo,1
7107,93008,Budoia,9,2505,37.3582,67.05355183065566,0.2409109646610382,3.592814371257485,Piccolo,Piccolo,1
7108,93009,Caneva,50,6361,41.7946,152.19669526685266,1.1963267981988104,7.860399308284862,Medio,Piccolo,1
7109,93010,Casarsa della Delizia,62,8257,20.466,403.4496237662464,3.02941463891332,7.50878042872714,Medio,Piccolo,1
7110,93011,Castelnovo del Friuli,6,826,22.4812,36.74181093535932,0.2668896678113268,7.263922518159807,Molto piccolo,Piccolo,1
7111,93012,Cavasso Nuovo,11,1480,10.5962,139.67271285932694,1.038108000981484,7.432432432432432,Piccolo,Piccolo,1
7112,93013,Chions,41,5126,33.4461,153.2615162903896,1.2258529395056523,7.998439328911433,Medio,Piccolo,1
7113,93014,Cimolais,1,352,100.8511,3.490294106856544,0.0099156082581151,2.840909090909091,Molto piccolo,Grande,1
7114,93015,Claut,8,877,165.9013,5.286275634970914,0.0482214425082865,9.122006841505131,Molto piccolo,Grande,1
7115,93016,Clauzetto,2,384,28.3078,13.565165784695385,0.0706519051286218,5.208333333333333,Molto piccolo,Piccolo,1
7116,93017,Cordenons,144,18067,56.3393,320.6820106036106,2.5559422996025862,7.970332650689102,Medio,Medio,1
7117,93018,Cordovado,9,2684,12.0182,223.32795260521544,0.7488642225957298,3.353204172876304,Piccolo,Piccolo,1
7118,93019,Erto e Casso,8,372,52.4192,7.096636346987364,0.1526158354190831,21.505376344086024,Molto piccolo,Medio,0
7119,93020,Fanna,11,1490,10.2629,145.18313537109393,1.0718218047530426,7.382550335570469,Piccolo,Piccolo,1
7120,93021,Fiume Veneto,126,11786,35.7555,329.627609738362,3.5239333808784665,10.690649923638215,Medio,Piccolo,1
7121,93022,Fontanafredda,134,12697,46.4018,273.63162635932224,2.8878190070212795,10.553674096243206,Medio,Piccolo,1
7122,93024,Frisanco,3,571,60.987,9.362651056782592,0.0491908111564759,5.253940455341506,Molto piccolo,Medio,1
7123,93025,Maniago,81,11622,69.4596,167.32028402121523,1.1661455004059915,6.969540526587507,Medio,Medio,1
7124,93026,Meduno,8,1539,31.5906,48.71702341835863,0.2532398878147297,5.198180636777128,Piccolo,Piccolo,1
7125,93027,Montereale Valcellina,40,4323,67.8802,63.685728680822976,0.5892734552932961,9.252833680314597,Piccolo,Medio,1
7126,93028,Morsano al Tagliamento,34,2682,32.5331,82.43911585431454,1.0450894627318024,12.67710663683818,Piccolo,Piccolo,0
7127,93029,Pasiano di Pordenone,69,7758,45.5945,170.1521016789306,1.5133404248319426,8.894044856921887,Medio,Piccolo,1
7128,93030,Pinzano al Tagliamento,26,1484,21.9508,67.60573646518577,1.1844670809264355,17.52021563342318,Piccolo,Piccolo,0
7129,93031,Polcenigo,24,3140,49.6887,63.19344237220938,0.4830072028449124,7.643312101910828,Piccolo,Piccolo,1
7130,93032,Porcia,228,15067,29.5333,510.1698760382348,7.720099006883755,15.132408575031526,Medio,Piccolo,0
7131,93033,Pordenone,893,51403,38.2114,1345.226817127873,23.369989060856184,17.372526895317392,Grande,Piccolo,3
7132,93034,Prata di Pordenone,69,8483,22.9602,369.4654227750629,3.005200303133248,8.13391488860073,Medio,Piccolo,1
7133,93035,Pravisdomini,12,3401,16.2091,209.8204095230457,0.7403248792345041,3.5283740076448105,Piccolo,Piccolo,1
7134,93036,Roveredo in Piano,51,5942,15.8565,374.7359127171822,3.216346608646296,8.58296869740828,Medio,Piccolo,1
7135,93037,Sacile,144,20058,32.7407,612.6319840443241,4.398195518116595,7.179180376906969,Grande,Piccolo,1
7136,93038,San Giorgio della Richinvelda,53,4717,48.1525,97.95960749701467,1.1006697471574685,11.235955056179774,Piccolo,Piccolo,1
7137,93039,San Martino al Tagliamento,9,1426,17.979,79.31475610434396,0.5005840146837978,6.311360448807854,Piccolo,Piccolo,1
7138,93040,San Quirino,64,4220,51.7586,81.53234438334886,1.2365094882782763,15.165876777251183,Piccolo,Medio,0
7139,93041,San Vito al Tagliamento,71,15077,60.8809,247.64745593445565,1.1662114062045732,4.7091596471446575,Medio,Medio,1
7140,93042,Sequals,25,2182,27.7045,78.75976826869281,0.902380479705463,11.45737855178735,Piccolo,Piccolo,1
7141,93043,Sesto al Reghena,34,6346,40.6729,156.02526497987603,0.8359374423756359,5.357705641348881,Medio,Piccolo,1
7142,93044,Spilimbergo,112,11942,71.8756,166.14817824129466,1.5582478615830684,9.378663540445483,Medio,Medio,1
7143,93045,Tramonti di Sopra,4,286,125.1433,2.285380040321775,0.0319633572072975,13.986013986013988,Molto piccolo,Grande,0
7144,93046,Tramonti di Sotto,4,346,85.5471,4.0445555723104585,0.0467578678879821,11.560693641618496,Molto piccolo,Medio,1
7145,93047,Travesio,9,1780,28.379,62.72243560379153,0.3171359103562493,5.056179775280898,Piccolo,Piccolo,1
7146,93049,Vito d'Asio,9,717,53.7144,13.34837585451946,0.1675528349939681,12.552301255230123,Molto piccolo,Medio,0
7147,93050,Vivaro,16,1304,37.6768,34.61015797519959,0.4246645150331238,12.269938650306749,Piccolo,Piccolo,0
7148,93051,Zoppola,92,8374,45.5349,183.90289645963864,2.020428286874463,10.9863864342011,Medio,Piccolo,1
7149,93052,Vajont,5,1684,1.5859,1061.857620278706,3.152783908190933,2.969121140142518,Piccolo,Molto piccolo,1
7150,93053,Valvasone Arzene,21,3890,29.675,131.08677337826452,0.7076663858466723,5.398457583547558,Piccolo,Piccolo,1
7151,94001,Acquaviva d'Isernia,1,395,13.5139,29.229164045908288,0.0739978836605273,2.5316455696202533,Molto piccolo,Piccolo,1
7152,94002,Agnone,27,4796,96.8489,49.520438538796,0.2787847874369249,5.629691409507923,Piccolo,Medio,1
7153,94003,Bagnoli del Trigno,2,665,36.8009,18.07021023942349,0.0543464969606721,3.007518796992481,Molto piccolo,Piccolo,1
7154,94004,Belmonte del Sannio,0,675,20.3167,33.223899550616,0.0,0.0,Molto piccolo,Piccolo,1
7155,94005,Cantalupo nel Sannio,14,733,15.638,46.8730016626167,0.8952551477170994,19.099590723055933,Molto piccolo,Piccolo,0
7156,94006,Capracotta,3,821,42.5447,19.297350786349416,0.0705140710828845,3.654080389768575,Molto piccolo,Piccolo,1
7157,94007,Carovilli,6,1279,41.5624,30.77300637114315,0.1443612495909764,4.691164972634871,Piccolo,Piccolo,1
7158,94008,Carpinone,3,1044,32.4292,32.19320858978945,0.0925092200856018,2.8735632183908044,Piccolo,Piccolo,1
7159,94009,Castel del Giudice,0,314,14.8083,21.204324601743615,0.0,0.0,Molto piccolo,Piccolo,1
7160,94010,Castelpetroso,23,1577,22.7064,69.45178451890216,1.0129302751647111,14.584654407102091,Piccolo,Piccolo,0
7161,94011,Castelpizzuto,0,153,15.3894,9.94190806659129,0.0,0.0,Molto piccolo,Piccolo,1
7162,94012,Castel San Vincenzo,3,474,21.9784,21.56662905398027,0.1364976522403814,6.329113924050633,Molto piccolo,Piccolo,1
7163,94013,Castelverrino,0,101,6.1987,16.293739009792375,0.0,0.0,Molto piccolo,Molto piccolo,1
7164,94014,Cerro al Volturno,4,1170,23.7896,49.18115479032855,0.1681407001378753,3.418803418803418,Piccolo,Piccolo,1
7165,94015,Chiauci,2,204,15.8538,12.867577489308555,0.1261527204834172,9.803921568627452,Molto piccolo,Piccolo,1
7166,94016,Civitanova del Sannio,2,919,50.4723,18.208007164325775,0.0396256956786197,2.176278563656148,Molto piccolo,Medio,1
7167,94017,Colli a Volturno,19,1291,25.2497,51.12932034836057,0.7524841879309457,14.71727343144849,Piccolo,Piccolo,0
7168,94018,Conca Casale,0,170,14.4296,11.7813383600377,0.0,0.0,Molto piccolo,Piccolo,1
7169,94019,Filignano,1,584,30.8761,18.914305887077703,0.0323875100806125,1.7123287671232876,Molto piccolo,Piccolo,1
7170,94020,Forlì del Sannio,4,646,32.5616,19.839319935138324,0.1228440862856862,6.191950464396285,Molto piccolo,Piccolo,1
7171,94021,Fornelli,4,1826,23.1728,78.79928191672997,0.1726161706828695,2.190580503833516,Piccolo,Piccolo,1
7172,94022,Frosolone,4,2889,49.8862,57.91180727335415,0.080182495359438,1.3845621322256838,Piccolo,Piccolo,1
7173,94023,Isernia,247,20971,69.1501,303.267818846249,3.5719398815041483,11.778169853607364,Grande,Medio,0
7174,94024,Longano,7,659,27.3726,24.075170060571523,0.255730182737482,10.622154779969652,Molto piccolo,Piccolo,1
7175,94025,Macchia d'Isernia,19,1057,17.7115,59.67873980182368,1.0727493436467832,17.975402081362347,Piccolo,Piccolo,0
7176,94026,Macchiagodena,7,1656,34.3511,48.20806320612731,0.2037780449534367,4.2270531400966185,Piccolo,Piccolo,1
7177,94027,Miranda,6,963,22.1461,43.48395428540465,0.2709280640835181,6.230529595015576,Molto piccolo,Piccolo,1
7178,94028,Montaquila,34,2316,25.449,91.0055404927502,1.336005344021376,14.680483592400693,Piccolo,Piccolo,0
7179,94029,Montenero Val Cocchiara,3,505,22.0189,22.93484233998974,0.1362465881583549,5.9405940594059405,Molto piccolo,Piccolo,1
7180,94030,Monteroduni,18,2056,37.2123,55.25054887765605,0.4837110310300626,8.754863813229573,Piccolo,Piccolo,1
7181,94031,Pesche,13,1578,12.9625,121.7357762777242,1.0028929604628736,8.238276299112801,Piccolo,Piccolo,1
7182,94032,Pescolanciano,1,829,34.7337,23.86731042186695,0.0287904830179335,1.20627261761158,Molto piccolo,Piccolo,1
7183,94033,Pescopennataro,4,244,18.832,12.956669498725573,0.2124044180118946,16.393442622950822,Molto piccolo,Piccolo,0
7184,94034,Pettoranello del Molise,15,429,15.584,27.5282340862423,0.9625256673511294,34.96503496503497,Molto piccolo,Piccolo,0
7185,94035,Pietrabbondante,1,647,27.4436,23.57562418924631,0.036438368144121,1.5455950540958268,Molto piccolo,Piccolo,1
7186,94036,Pizzone,0,309,33.4825,9.228701560516688,0.0,0.0,Molto piccolo,Piccolo,1
7187,94037,Poggio Sannita,3,597,25.7364,23.196717489625588,0.1165664195458572,5.025125628140704,Molto piccolo,Piccolo,1
7188,94038,Pozzilli,37,2186,34.6597,63.07036702568112,1.0675222232160118,16.925892040256176,Piccolo,Piccolo,0
7189,94039,Rionero Sannitico,7,1033,29.2126,35.36145361932865,0.239622628591772,6.7763794772507255,Piccolo,Piccolo,1
7190,94040,Roccamandolfi,1,871,53.6623,16.231134334532808,0.0186350566412546,1.148105625717566,Molto piccolo,Medio,1
7191,94041,Roccasicura,2,510,28.6049,17.829113193893352,0.0699180909564445,3.92156862745098,Molto piccolo,Piccolo,1
7192,94042,Rocchetta a Volturno,6,1081,23.3409,46.31355260508378,0.2570594964204465,5.550416281221091,Piccolo,Piccolo,1
7193,94043,San Pietro Avellana,4,439,44.9457,9.76734148094256,0.0889962777306839,9.111617312072893,Molto piccolo,Piccolo,1
7194,94044,Sant'Agapito,2,1366,15.9289,85.75607857416394,0.1255579481320116,1.4641288433382138,Piccolo,Piccolo,1
7195,94045,Santa Maria del Molise,5,676,17.1965,39.31032477539034,0.2907568400546623,7.396449704142012,Molto piccolo,Piccolo,1
7196,94046,Sant'Angelo del Pesco,4,344,15.5895,22.066134257031976,0.256582956477116,11.627906976744184,Molto piccolo,Piccolo,0
7197,94047,Sant'Elena Sannita,2,275,14.076,19.53680022733731,0.1420858198351804,7.272727272727272,Molto piccolo,Piccolo,1
7198,94048,Scapoli,0,606,18.9353,32.00371792366638,0.0,0.0,Molto piccolo,Piccolo,1
7199,94049,Sessano del Molise,9,662,25.3179,26.14750828465236,0.3554797198819807,13.595166163141991,Molto piccolo,Piccolo,0
7200,94050,Sesto Campano,12,2134,35.3166,60.424842708528,0.3397835578736345,5.623242736644799,Piccolo,Piccolo,1
7201,94051,Vastogirardi,1,642,60.7037,10.575961597069044,0.0164734604315717,1.557632398753894,Molto piccolo,Medio,1
7202,94052,Venafro,114,11048,46.4518,237.837930930556,2.4541567818685177,10.318609703113689,Medio,Piccolo,1
7203,95001,Abbasanta,16,2572,39.8469,64.54705384860554,0.4015368824174528,6.2208398133748055,Piccolo,Piccolo,1
7204,95002,Aidomaggiore,2,411,41.2051,9.974493448626504,0.0485376810152141,4.866180048661801,Molto piccolo,Piccolo,1
7205,95003,Albagiara,0,243,8.8673,27.40405760490792,0.0,0.0,Molto piccolo,Molto piccolo,1
7206,95004,Ales,3,1322,22.452,58.88116871548191,0.1336183858898984,2.26928895612708,Piccolo,Piccolo,1
7207,95005,Allai,5,353,27.3604,12.90185815996842,0.1827458662885045,14.1643059490085,Molto piccolo,Piccolo,0
7208,95006,Arborea,40,3769,94.7921,39.7606973576912,0.4219760929444542,10.612894667020427,Piccolo,Medio,1
7209,95007,Ardauli,2,806,20.5295,39.26057624394165,0.0974207847244209,2.481389578163772,Molto piccolo,Piccolo,1
7210,95008,Assolo,2,355,16.3723,21.682964519340597,0.1221575465878343,5.633802816901409,Molto piccolo,Piccolo,1
7211,95009,Asuni,0,317,21.3433,14.852436127496686,0.0,0.0,Molto piccolo,Piccolo,1
7212,95010,Baradili,3,80,5.5735,14.353637750067282,0.538261415627523,37.5,Molto piccolo,Molto piccolo,0
7213,95011,Baratili San Pietro,8,1219,6.0966,199.94751172784837,1.3122068037922778,6.562756357670222,Piccolo,Molto piccolo,1
7214,95012,Baressa,1,576,12.5116,46.03727740656671,0.0799258288308449,1.736111111111111,Molto piccolo,Piccolo,1
7215,95013,Bauladu,11,654,24.2197,27.002811760674163,0.4541757329777,16.819571865443425,Molto piccolo,Piccolo,0
7216,95014,Bidonì,0,134,11.7239,11.429643719240184,0.0,0.0,Molto piccolo,Piccolo,1
7217,95015,Bonarcado,3,1519,28.4117,53.46388987635376,0.1055903025866104,1.9749835418038184,Piccolo,Piccolo,1
7218,95016,Boroneddu,1,159,4.5886,34.651091836289936,0.217931395196792,6.289308176100629,Molto piccolo,Molto piccolo,1
7219,95017,Busachi,1,1191,59.0266,20.177343773824003,0.0169415145036305,0.8396305625524769,Piccolo,Medio,1
7220,95018,Cabras,63,8843,102.2534,86.4812319199166,0.6161164323142311,7.124279090806287,Medio,Grande,1
7221,95019,Cuglieri,13,2493,120.597,20.67215602378169,0.1077970430441885,5.214600882470919,Piccolo,Grande,1
7222,95020,Fordongianus,3,861,39.4817,21.807571609125244,0.0759845700666384,3.484320557491289,Molto piccolo,Piccolo,1
7223,95021,Ghilarza,19,4285,55.4597,77.2633101152729,0.3425911066954924,4.434072345390899,Piccolo,Medio,1
7224,95022,Gonnoscodina,0,453,8.8205,51.35763278725696,0.0,0.0,Molto piccolo,Molto piccolo,1
7225,95023,Gonnosnò,3,722,15.4582,46.70660232109819,0.1940717547968068,4.1551246537396125,Molto piccolo,Piccolo,1
7226,95024,Gonnostramatza,1,821,17.6423,46.53588250965011,0.0566819518996956,1.2180267965895248,Molto piccolo,Piccolo,1
7227,95025,Marrubiu,52,4614,61.2346,75.34955727644174,0.8491931032455508,11.270047680970958,Piccolo,Medio,1
7228,95026,Masullas,9,1014,18.6808,54.280330606826254,0.4817780823091088,8.875739644970414,Piccolo,Piccolo,1
7229,95027,Milis,14,1459,18.6691,78.15052680632704,0.7499022448859345,9.595613433858809,Piccolo,Piccolo,1
7230,95028,Mogorella,1,419,17.0619,24.55764012214349,0.0586101196232541,2.386634844868736,Molto piccolo,Piccolo,1
7231,95029,Mogoro,35,3974,48.9861,81.1250538418041,0.7144883956877564,8.807247106190236,Piccolo,Piccolo,1
7232,95030,Morgongiori,5,669,45.1972,14.801801881532484,0.1106263219845477,7.473841554559043,Molto piccolo,Piccolo,1
7233,95031,Narbolia,8,1709,40.5004,42.19711410257676,0.1975289132946835,4.681100058513751,Piccolo,Piccolo,1
7234,95032,Neoneli,4,629,48.0142,13.100291163864023,0.083308687846512,6.359300476947536,Molto piccolo,Piccolo,1
7235,95033,Norbello,3,1161,26.1807,44.34564392854278,0.1145882272055369,2.5839793281653747,Piccolo,Piccolo,1
7236,95034,Nughedu Santa Vittoria,0,463,28.5715,16.204959487601283,0.0,0.0,Molto piccolo,Piccolo,1
7237,95035,Nurachi,15,1709,15.9653,107.04465309139196,0.9395376222181856,8.777062609713282,Piccolo,Piccolo,1
7238,95036,Nureci,2,329,12.8665,25.57027940776435,0.1554424280107255,6.079027355623101,Molto piccolo,Piccolo,1
7239,95037,Ollastra,1,1139,21.4698,53.05126270389105,0.0465770524178147,0.8779631255487269,Piccolo,Piccolo,1
7240,95038,Oristano,434,30723,84.5723,363.2749730112578,5.131703879402594,14.126224652540442,Grande,Medio,0
7241,95039,Palmas Arborea,5,1487,39.3276,37.81059612079049,0.1271371759273385,3.36247478143914,Piccolo,Piccolo,1
7242,95040,Pau,1,282,13.816,20.411117544875506,0.0723798494499131,3.5460992907801416,Molto piccolo,Piccolo,1
7243,95041,Paulilatino,24,2110,103.8471,20.31833339592536,0.2311090054512836,11.374407582938389,Piccolo,Grande,1
7244,95042,Pompu,1,228,5.3157,42.89181105028501,0.1881219782907237,4.385964912280701,Molto piccolo,Molto piccolo,1
7245,95043,Riola Sardo,28,2036,48.1091,42.32047575198871,0.582010472031279,13.7524557956778,Piccolo,Piccolo,0
7246,95044,Ruinas,3,622,30.4581,20.421497073028192,0.0984959665901681,4.82315112540193,Molto piccolo,Piccolo,1
7247,95045,Samugheo,6,2814,81.2826,34.6199555624451,0.0738165363804799,2.1321961620469083,Piccolo,Medio,1
7248,95046,San Nicolò d'Arcidano,10,2521,28.3569,88.90252460600418,0.3526478564300047,3.966679888932963,Piccolo,Piccolo,1
7249,95047,Santa Giusta,51,4673,69.2151,67.51416959594076,0.7368334366344915,10.91375989728226,Piccolo,Medio,1
7250,95048,Villa Sant'Antonio,0,334,19.05,17.53280839895013,0.0,0.0,Molto piccolo,Piccolo,1
7251,95049,Santu Lussurgiu,4,2247,99.7954,22.51606787487199,0.0400820077879341,1.7801513128615931,Piccolo,Medio,1
7252,95050,San Vero Milis,24,2407,72.4749,33.21149804966961,0.3311491288708228,9.970918155380142,Piccolo,Medio,1
7253,95051,Scano di Montiferro,0,1434,60.4676,23.71517969954157,0.0,0.0,Piccolo,Medio,1
7254,95052,Sedilo,8,2018,68.4524,29.48033962286202,0.1168695326971735,3.9643211100099114,Piccolo,Medio,1
7255,95053,Seneghe,2,1698,57.8527,29.350401969138865,0.0345705559118243,1.1778563015312131,Piccolo,Medio,1
7256,95054,Senis,1,430,16.0628,26.769928032472546,0.0622556465871454,2.3255813953488373,Molto piccolo,Piccolo,1
7257,95055,Sennariolo,2,159,15.6128,10.18395162943226,0.1281000204960032,12.57861635220126,Molto piccolo,Piccolo,0
7258,95056,Siamaggiore,18,892,13.1726,67.71632024049923,1.366472829965231,20.179372197309416,Molto piccolo,Piccolo,0
7259,95057,Siamanna,6,779,28.3563,27.471849289223204,0.2115931909311158,7.702182284980744,Molto piccolo,Piccolo,1
7260,95058,Simala,0,296,13.3786,22.124886011989297,0.0,0.0,Molto piccolo,Piccolo,1
7261,95059,Simaxis,28,2126,27.8199,76.42011653528589,1.0064737831552235,13.17027281279398,Piccolo,Piccolo,0
7262,95060,Sini,1,491,8.7514,56.10530886486733,0.1142674314966748,2.0366598778004072,Molto piccolo,Molto piccolo,1
7263,95061,Siris,1,226,6.0044,37.63906468589701,0.1665445340083938,4.424778761061947,Molto piccolo,Molto piccolo,1
7264,95062,Solarussa,10,2302,31.8589,72.2561042597202,0.3138840324053875,4.344048653344918,Piccolo,Piccolo,1
7265,95063,Sorradile,3,348,26.3402,13.211744785536936,0.1138943515994563,8.620689655172413,Molto piccolo,Piccolo,1
7266,95064,Tadasuni,0,146,5.0943,28.659482166342777,0.0,0.0,Molto piccolo,Molto piccolo,1
7267,95065,Terralba,72,9830,49.9709,196.71448783191815,1.4408385680466032,7.3245167853509665,Medio,Piccolo,1
7268,95066,Tramatza,12,943,16.7998,56.13162061453112,0.7142942177883069,12.725344644750797,Molto piccolo,Piccolo,0
7269,95067,Tresnuraghes,2,1116,31.5843,35.33401088515497,0.0633226001526074,1.7921146953405018,Piccolo,Piccolo,1
7270,95068,Ulà Tirso,0,489,18.8464,25.94659988114441,0.0,0.0,Molto piccolo,Piccolo,1
7271,95069,Uras,32,2724,39.2388,69.42108321355394,0.8155193329051857,11.747430249632892,Piccolo,Piccolo,0
7272,95070,Usellus,6,724,35.0735,20.642365318545338,0.1710693258442983,8.287292817679557,Molto piccolo,Piccolo,1
7273,95071,Villanova Truschedu,1,302,16.6098,18.18203711062144,0.0602054208960974,3.3112582781456954,Molto piccolo,Piccolo,1
7274,95072,Villaurbana,9,1518,58.7001,25.86026258899048,0.153321714954489,5.928853754940711,Piccolo,Medio,1
7275,95073,Villa Verde,1,289,17.6511,16.372917268612156,0.0566536929709763,3.460207612456748,Molto piccolo,Piccolo,1
7276,95074,Zeddiani,7,1142,11.8094,96.7026267210866,0.5927481497789896,6.129597197898424,Piccolo,Piccolo,1
7277,95075,Zerfaliu,1,998,15.5607,64.13593218814063,0.0642644611103613,1.002004008016032,Molto piccolo,Piccolo,1
7278,95076,Siapiccia,0,348,17.931,19.40772963024929,0.0,0.0,Molto piccolo,Piccolo,1
7279,95077,Curcuris,4,314,7.1807,43.728327321848845,0.557048755692342,12.738853503184714,Molto piccolo,Molto piccolo,0
7280,95078,Soddì,0,121,5.2425,23.08059132093467,0.0,0.0,Molto piccolo,Molto piccolo,1
7281,95079,Bosa,66,7533,128.0155,58.84443680648047,0.5155625685952092,8.761449621664676,Medio,Grande,1
7282,95080,Flussio,5,437,6.8744,63.569184219713726,0.7273362038868847,11.441647597254004,Molto piccolo,Molto piccolo,1
7283,95082,Laconi,14,1691,124.7513,13.55496896625526,0.1122232794367674,8.27912477823773,Piccolo,Grande,1
7284,95083,Magomadas,8,586,9.0198,64.96818111266325,0.8869376261114437,13.651877133105804,Molto piccolo,Molto piccolo,0
7285,95084,Modolo,3,155,2.4744,62.6414484319431,1.212415130940834,19.35483870967742,Molto piccolo,Molto piccolo,0
7286,95085,Montresta,0,445,31.1594,14.281404648356515,0.0,0.0,Molto piccolo,Piccolo,1
7287,95086,Sagama,2,194,11.7228,16.54894735046235,0.1706077046439417,10.309278350515465,Molto piccolo,Piccolo,1
7288,95087,Suni,17,1005,47.4624,21.174656148867317,0.3581782632146709,16.915422885572138,Piccolo,Piccolo,0
7289,95088,Tinnura,1,239,3.8487,62.098890534466186,0.2598279938680593,4.184100418410042,Molto piccolo,Molto piccolo,1
7290,96001,Ailoche,0,319,10.7826,29.5847012779849,0.0,0.0,Molto piccolo,Piccolo,1
7291,96002,Andorno Micca,17,3027,11.8868,254.65221926843225,1.4301578221220177,5.61612157251404,Piccolo,Piccolo,1
7292,96003,Benna,3,1134,9.389,120.7796357439557,0.3195228458834807,2.6455026455026456,Piccolo,Molto piccolo,1
7293,96004,Biella,803,42943,46.6883,919.7807587768242,17.199169813422206,18.699205924131988,Grande,Piccolo,3
7294,96005,Bioglio,1,894,18.8452,47.4391356950311,0.0530639101734128,1.1185682326621924,Molto piccolo,Piccolo,1
7295,96006,Borriana,0,872,5.3451,163.14007221567417,0.0,0.0,Molto piccolo,Molto piccolo,1
7296,96007,Brusnengo,15,1958,10.4533,187.3092707566032,1.4349535553365922,7.660878447395301,Piccolo,Piccolo,1
7297,96008,Callabiana,0,139,6.5573,21.197749073551616,0.0,0.0,Molto piccolo,Molto piccolo,1
7298,96009,Camandona,0,314,9.2001,34.1300638036543,0.0,0.0,Molto piccolo,Molto piccolo,1
7299,96010,Camburzano,3,1112,3.8025,292.43918474687706,0.7889546351084812,2.697841726618705,Piccolo,Molto piccolo,1
7300,96012,Candelo,51,7356,15.121,486.4757621850407,3.3727928047086837,6.9331158238172925,Medio,Piccolo,1
7301,96013,Caprile,0,186,11.5955,16.04070544607822,0.0,0.0,Molto piccolo,Piccolo,1
7302,96014,Casapinta,1,393,2.8608,137.37416107382552,0.3495525727069351,2.544529262086514,Molto piccolo,Molto piccolo,1
7303,96015,Castelletto Cervo,9,795,14.9021,53.348185826158726,0.6039417263338723,11.320754716981131,Molto piccolo,Piccolo,1
7304,96016,Cavaglià,26,3537,25.6248,138.0303456026974,1.0146420654990478,7.350862312694374,Piccolo,Piccolo,1
7305,96018,Cerrione,29,2802,27.9876,100.11576555331646,1.0361731624004915,10.34975017844397,Piccolo,Piccolo,1
7306,96019,Coggiola,1,1673,23.7819,70.34761730559795,0.0420487850003574,0.5977286312014345,Piccolo,Piccolo,1
7307,96020,Cossato,122,14070,27.7338,507.32319408086886,4.398964440502203,8.67093105899076,Medio,Piccolo,1
7308,96021,Crevacuore,11,1412,8.6006,164.17459247029277,1.2789805362416575,7.790368271954674,Piccolo,Molto piccolo,1
7309,96023,Curino,1,455,21.6492,21.01694288934464,0.0461910832732849,2.197802197802198,Molto piccolo,Piccolo,1
7310,96024,Donato,3,708,12.0694,58.66074535602433,0.2485624803221369,4.237288135593221,Molto piccolo,Piccolo,1
7311,96025,Dorzano,3,539,4.7415,113.67710640092795,0.6327111673521038,5.565862708719852,Molto piccolo,Molto piccolo,1
7312,96026,Gaglianico,61,3710,4.4984,824.737684510048,13.56037702294149,16.442048517520217,Piccolo,Molto piccolo,0
7313,96027,Gifflenga,0,110,2.2559,48.76102664125183,0.0,0.0,Molto piccolo,Molto piccolo,1
7314,96028,Graglia,8,1485,20.1389,73.73789035150877,0.3972411601428082,5.387205387205388,Piccolo,Piccolo,1
7315,96030,Magnano,1,381,10.556,36.09321712769989,0.094732853353543,2.6246719160104988,Molto piccolo,Piccolo,1
7316,96031,Massazza,7,528,11.6095,45.479994831818765,0.6029544769369912,13.257575757575758,Molto piccolo,Piccolo,0
7317,96032,Masserano,32,1932,27.0732,71.36208501396214,1.1819807041650046,16.563146997929607,Piccolo,Piccolo,0
7318,96033,Mezzana Mortigliengo,0,492,4.3092,114.1743247006405,0.0,0.0,Molto piccolo,Molto piccolo,1
7319,96034,Miagliano,0,566,0.6678,847.559149445942,0.0,0.0,Molto piccolo,Molto piccolo,1
7320,96035,Mongrando,39,3715,16.5025,225.1174064535676,2.3632782911680046,10.497981157469718,Piccolo,Piccolo,1
7321,96037,Mottalciata,14,1319,18.3909,71.72025295118782,0.7612460510361103,10.61410159211524,Piccolo,Piccolo,1
7322,96038,Muzzano,10,579,6.0973,94.96006429075165,1.6400701950043464,17.271157167530223,Molto piccolo,Molto piccolo,0
7323,96039,Netro,1,927,12.5683,73.75699179682216,0.0795652554442526,1.0787486515641855,Molto piccolo,Piccolo,1
7324,96040,Occhieppo Inferiore,14,3777,4.0645,929.2655923237792,3.44445811292902,3.706645485835319,Piccolo,Molto piccolo,1
7325,96041,Occhieppo Superiore,9,2627,5.1503,510.067374716036,1.7474710211055668,3.425961172440046,Piccolo,Molto piccolo,1
7326,96042,Pettinengo,5,1466,15.2975,95.83265239418206,0.3268507926131721,3.4106412005457027,Piccolo,Piccolo,1
7327,96043,Piatto,0,473,3.5913,131.70718124356085,0.0,0.0,Molto piccolo,Molto piccolo,1
7328,96044,Piedicavallo,1,178,17.7505,10.027886538407367,0.0563364412270076,5.617977528089887,Molto piccolo,Piccolo,1
7329,96046,Pollone,10,2050,16.2169,126.4113363219851,0.6166406649852931,4.878048780487805,Piccolo,Piccolo,1
7330,96047,Ponderano,25,3733,7.0519,529.3608814645698,3.5451438619379174,6.6970265202250205,Piccolo,Molto piccolo,1
7331,96048,Portula,2,1119,11.305,98.9827509951349,0.1769128704113224,1.7873100983020551,Piccolo,Piccolo,1
7332,96049,Pralungo,8,2301,7.2497,317.3924438252617,1.10349393768018,3.476749239461104,Piccolo,Molto piccolo,1
7333,96050,Pray,9,2037,9.1846,221.784291095965,0.9799011388628792,4.418262150220913,Piccolo,Molto piccolo,1
7334,96053,Ronco Biellese,6,1430,3.8493,371.4961161769672,1.5587249629802822,4.195804195804196,Piccolo,Molto piccolo,1
7335,96054,Roppolo,5,858,8.6512,99.1769927871278,0.5779545034214907,5.827505827505828,Molto piccolo,Molto piccolo,1
7336,96055,Rosazza,0,104,9.023,11.526099966751636,0.0,0.0,Molto piccolo,Molto piccolo,1
7337,96056,Sagliano Micca,4,1543,14.6112,105.6039202803329,0.2737625930792816,2.592352559948153,Piccolo,Piccolo,1
7338,96057,Sala Biellese,2,561,8.0298,69.86475379212433,0.2490722060325288,3.5650623885918,Molto piccolo,Molto piccolo,1
7339,96058,Salussola,24,1871,38.5152,48.578223662346296,0.6231306081754736,12.827365045430252,Piccolo,Piccolo,0
7340,96059,Sandigliano,34,2595,10.2224,253.8542807951166,3.326029112537173,13.102119460500962,Piccolo,Piccolo,0
7341,96063,Sordevolo,2,1322,13.7379,96.23013706607269,0.1455826581937559,1.5128593040847202,Piccolo,Piccolo,1
7342,96064,Sostegno,8,750,18.067,41.51214922233907,0.4427962583716167,10.666666666666666,Molto piccolo,Piccolo,1
7343,96065,Strona,1,1005,3.7187,270.25573453088447,0.268911178637696,0.9950248756218903,Piccolo,Molto piccolo,1
7344,96066,Tavigliano,2,934,11.2354,83.13010662726738,0.1780087936344055,2.1413276231263385,Molto piccolo,Piccolo,1
7345,96067,Ternengo,0,270,1.9799,136.37052376382647,0.0,0.0,Molto piccolo,Molto piccolo,1
7346,96068,Tollegno,16,2385,3.3143,719.6089672027276,4.827565398425007,6.708595387840671,Piccolo,Molto piccolo,1
7347,96069,Torrazzo,0,207,5.7712,35.867757138896586,0.0,0.0,Molto piccolo,Molto piccolo,1
7348,96071,Valdengo,32,2385,7.6768,310.6763234681117,4.168403501458942,13.41719077568134,Piccolo,Molto piccolo,0
7349,96072,Vallanzengo,1,206,4.6653,44.15578848091226,0.2143484877714187,4.854368932038835,Molto piccolo,Molto piccolo,1
7350,96074,Valle San Nicolao,3,906,13.2572,68.340222671454,0.2262921280511722,3.3112582781456954,Molto piccolo,Piccolo,1
7351,96075,Veglio,2,483,6.4058,75.40041837085141,0.3122170532954509,4.140786749482402,Molto piccolo,Molto piccolo,1
7352,96076,Verrone,12,1222,8.5859,142.32637230808652,1.397640317264352,9.819967266775777,Piccolo,Molto piccolo,1
7353,96077,Vigliano Biellese,103,7618,8.3978,907.1423468051156,12.265117054466646,13.520609083749015,Medio,Molto piccolo,0
7354,96078,Villa del Bosco,0,334,3.6991,90.29223324592468,0.0,0.0,Molto piccolo,Molto piccolo,1
7355,96079,Villanova Biellese,11,191,7.8731,24.259821417230825,1.3971624899975867,57.59162303664921,Molto piccolo,Molto piccolo,0
7356,96080,Viverone,9,1374,12.261,112.06263763151456,0.7340347443112307,6.550218340611353,Piccolo,Piccolo,1
7357,96081,Zimone,0,392,2.9495,132.90388201390067,0.0,0.0,Molto piccolo,Molto piccolo,1
7358,96082,Zubiena,9,1119,12.4736,89.70946639302207,0.7215238583889174,8.04289544235925,Piccolo,Piccolo,1
7359,96083,Zumaglia,4,988,2.6137,378.008187626736,1.5303975207560163,4.048582995951417,Molto piccolo,Molto piccolo,1
7360,96085,Lessona,13,2642,12.7749,206.81179500426617,1.017620490179962,4.920514761544285,Piccolo,Piccolo,1
7361,96086,Campiglia Cervo,5,506,28.2053,17.939890729756463,0.1772716475272377,9.881422924901186,Molto piccolo,Piccolo,1
7362,96087,Quaregna Cerreto,25,2038,8.416,242.15779467680608,2.970532319391635,12.26692836113837,Piccolo,Molto piccolo,0
7363,96088,Valdilana,60,10342,61.1382,169.1577442580907,0.9813831614277164,5.8015857667762525,Medio,Medio,1
7364,97001,Abbadia Lariana,128,3191,16.6724,191.39416040881937,7.677358988507954,40.11281729865246,Piccolo,Piccolo,0
7365,97002,Airuno,22,2794,4.2859,651.9050841130218,5.133110898527731,7.874015748031496,Piccolo,Molto piccolo,1
7366,97003,Annone di Brianza,18,2297,5.9795,384.14583159127017,3.0102851408980684,7.83630822812364,Piccolo,Molto piccolo,1
7367,97004,Ballabio,50,4149,15.0377,275.90655485878824,3.32497655891526,12.05109664979513,Piccolo,Piccolo,0
7368,97005,Barzago,19,2373,3.5617,666.2548782884577,5.33453126316085,8.006742520016857,Piccolo,Molto piccolo,1
7369,97006,Barzanò,55,5010,3.6195,1384.169084127642,15.195468987429203,10.978043912175648,Medio,Molto piccolo,3
7370,97007,Barzio,3,1280,21.3496,59.95428485779593,0.1405178551354592,2.34375,Piccolo,Piccolo,1
7371,97008,Bellano,28,3418,22.0271,155.1724920665907,1.271161432962124,8.191925102399065,Piccolo,Piccolo,1
7372,97009,Bosisio Parini,25,3309,5.824,568.1662087912088,4.292582417582418,7.555152614082805,Piccolo,Molto piccolo,1
7373,97010,Brivio,34,4466,7.9534,561.5208590036965,4.274901300072925,7.61307657859382,Piccolo,Molto piccolo,1
7374,97011,Bulciago,17,2895,3.1176,928.598922247883,5.452912496792405,5.872193436960276,Piccolo,Molto piccolo,1
7375,97012,Calco,30,5369,4.5889,1169.9971670770774,6.5375144370110485,5.587632706276774,Medio,Molto piccolo,1
7376,97013,Calolziocorte,137,13592,9.1002,1493.5935473945628,15.054614184303643,10.079458505002943,Medio,Molto piccolo,3
7377,97014,Carenno,1,1388,7.7853,178.2847160674605,0.1284472017777092,0.7204610951008645,Piccolo,Molto piccolo,1
7378,97015,Casargo,1,841,19.7127,42.66285186707047,0.0507287180345665,1.1890606420927463,Molto piccolo,Piccolo,1
7379,97016,Casatenovo,95,13128,12.664,1036.639292482628,7.501579279848389,7.236441194393662,Medio,Piccolo,1
7380,97017,Cassago Brianza,17,4388,3.5476,1236.8925470740785,4.791972037433758,3.8742023701002735,Piccolo,Molto piccolo,1
7381,97018,Cassina Valsassina,1,521,2.7243,191.24178688103368,0.3670667694453621,1.919385796545105,Molto piccolo,Molto piccolo,1
7382,97019,Castello di Brianza,31,2601,3.5941,723.686041011658,8.625246932472663,11.918492887351018,Piccolo,Molto piccolo,0
7383,97020,Cernusco Lombardone,44,3788,3.7419,1012.319944413266,11.758732194874264,11.615628299894404,Piccolo,Molto piccolo,0
7384,97021,Cesana Brianza,29,2379,3.6953,643.7907612372474,7.847806673341813,12.189995796553177,Piccolo,Molto piccolo,0
7385,97022,Civate,59,3739,9.2704,403.32671729375215,6.36434242319641,15.779620219309978,Piccolo,Molto piccolo,0
7386,97023,Colico,58,7970,35.0639,227.29930213125184,1.654122901331569,7.277289836888332,Medio,Piccolo,1
7387,97024,Colle Brianza,3,1730,8.3179,207.98518856923025,0.3606679570564686,1.7341040462427746,Piccolo,Molto piccolo,1
7388,97025,Cortenova,9,1155,11.7688,98.14084698524913,0.7647338726123308,7.792207792207792,Piccolo,Piccolo,1
7389,97026,Costa Masnaga,43,4761,5.6179,847.4696950817922,7.654105626657648,9.031716026044949,Piccolo,Molto piccolo,1
7390,97027,Crandola Valsassina,2,272,8.8068,30.88522505336785,0.2270972430394695,7.352941176470588,Molto piccolo,Molto piccolo,1
7391,97028,Cremella,3,1699,1.8932,897.4223536868793,1.584618635115149,1.7657445556209534,Piccolo,Molto piccolo,1
7392,97029,Cremeno,14,1649,13.1833,125.0824907269045,1.0619495877359997,8.489993935718617,Piccolo,Piccolo,1
7393,97030,Dervio,35,2596,11.6954,221.96761119756488,2.9926295808608514,13.482280431432974,Piccolo,Piccolo,0
7394,97031,Dolzago,38,2531,2.2583,1120.754549882655,16.826816631979806,15.0138285262742,Piccolo,Molto piccolo,3
7395,97032,Dorio,17,322,11.6556,27.626205429149937,1.458526373588661,52.79503105590062,Molto piccolo,Piccolo,0
7396,97033,Ello,8,1209,2.4193,499.7313272434176,3.3067416194767083,6.617038875103392,Piccolo,Molto piccolo,1
7397,97034,Erve,0,695,6.2005,112.08773486009191,0.0,0.0,Molto piccolo,Molto piccolo,1
7398,97035,Esino Lario,3,764,18.0526,42.32077373896281,0.1661810487132047,3.926701570680628,Molto piccolo,Piccolo,1
7399,97036,Galbiate,113,8443,15.6446,539.6750316403104,7.222939544635209,13.38386829326069,Medio,Piccolo,0
7400,97037,Garbagnate Monastero,27,2516,3.4965,719.5767195767196,7.722007722007722,10.731319554848966,Piccolo,Molto piccolo,1
7401,97038,Garlate,64,2671,3.3023,808.8302092480999,19.380431820246496,23.961063272182702,Piccolo,Molto piccolo,3
7402,97039,Imbersago,12,2486,3.1445,790.5867387501988,3.816186993162665,4.827031375703942,Piccolo,Molto piccolo,1
7403,97040,Introbio,7,1931,26.0331,74.17480054238642,0.2688884535456783,3.625064733298809,Piccolo,Piccolo,1
7404,97042,Lecco,962,47454,45.1348,1051.3838545867047,21.31393071421608,20.272263665865893,Grande,Piccolo,3
7405,97043,Lierna,16,2122,11.2384,188.81691343963556,1.4236902050113895,7.540056550424128,Piccolo,Piccolo,1
7406,97044,Lomagna,29,5065,3.9135,1294.2378944678676,7.410246582343171,5.7255676209279365,Medio,Molto piccolo,1
7407,97045,Malgrate,39,4256,1.8954,2245.436319510394,20.5761316872428,9.163533834586463,Piccolo,Molto piccolo,3
7408,97046,Mandello del Lario,120,10082,43.3309,232.67460403545735,2.7693862809219287,11.902400317397342,Medio,Piccolo,0
7409,97047,Margno,1,379,3.5859,105.69173708134636,0.2788700186842912,2.638522427440633,Molto piccolo,Molto piccolo,1
7410,97048,Merate,179,14702,11.0634,1328.8862375038416,16.17947466420811,12.175214256563732,Medio,Piccolo,3
7411,97049,Missaglia,48,8683,11.5189,753.8046167602809,4.16706456345658,5.528043303005874,Medio,Piccolo,1
7412,97050,Moggio,3,467,13.4294,34.77445008712228,0.2233904716517491,6.423982869379015,Molto piccolo,Piccolo,1
7413,97051,Molteno,43,3548,3.1193,1137.4346808578848,13.785144102843589,12.119503945885006,Piccolo,Molto piccolo,3
7414,97052,Monte Marenzo,10,1866,3.0584,610.1229400993984,3.26968349463772,5.359056806002144,Piccolo,Molto piccolo,1
7415,97053,Montevecchia,17,2673,5.7993,460.9176969634266,2.931388270998224,6.359895248784137,Piccolo,Molto piccolo,1
7416,97054,Monticello Brianza,55,4141,4.6072,898.8105573884355,11.937836429935754,13.281815986476696,Piccolo,Molto piccolo,0
7417,97055,Morterone,1,29,13.7102,2.115213490685767,0.0729383962305436,34.48275862068965,Molto piccolo,Piccolo,0
7418,97056,Nibionno,37,3660,3.5135,1041.696314216593,10.530809733883592,10.109289617486338,Piccolo,Molto piccolo,1
7419,97057,Oggiono,118,9128,7.9575,1147.0939365378574,14.828777882500786,12.927256792287466,Medio,Molto piccolo,3
7420,97058,Olgiate Molgora,30,6406,7.091,903.3986743759696,4.230714990833451,4.683109584764283,Medio,Molto piccolo,1
7421,97059,Olginate,53,6983,8.0004,872.8313584320783,6.624668766561671,7.589861091221538,Medio,Molto piccolo,1
7422,97060,Oliveto Lario,16,1219,15.6963,77.66161452061951,1.019348508884259,13.125512715340443,Piccolo,Piccolo,0
7423,97061,Osnago,70,4771,4.4936,1061.7322414100054,15.577710521630763,14.67197652483756,Piccolo,Molto piccolo,3
7424,97062,Paderno d'Adda,21,3834,3.563,1076.0595004209936,5.893909626719057,5.477308294209703,Piccolo,Molto piccolo,1
7425,97063,Pagnona,0,337,9.1968,36.64318023660404,0.0,0.0,Molto piccolo,Molto piccolo,1
7426,97064,Parlasco,3,132,2.9972,44.041105031362605,1.000934205258241,22.727272727272727,Molto piccolo,Molto piccolo,0
7427,97065,Pasturo,14,1929,21.7839,88.55163675925799,0.642676472073412,7.257646448937273,Piccolo,Piccolo,1
7428,97067,Perledo,23,878,13.6837,64.16393226978083,1.680831938730022,26.195899772209568,Molto piccolo,Piccolo,0
7429,97068,Pescate,95,2182,2.1001,1038.998142945574,45.23594114565974,43.538038496791934,Piccolo,Molto piccolo,3
7430,97069,Premana,4,2175,33.6353,64.66420694924678,0.1189226794468906,1.839080459770115,Piccolo,Piccolo,1
7431,97070,Primaluna,6,2256,22.4254,100.6002122593131,0.2675537560088114,2.6595744680851063,Piccolo,Piccolo,1
7432,97071,Robbiate,78,6248,4.7003,1329.2768546688508,16.594685445609855,12.483994878361075,Medio,Molto piccolo,3
7433,97072,Rogeno,14,3071,4.8248,636.5030674846627,2.9016746808157854,4.558775643112993,Piccolo,Molto piccolo,1
7434,97074,Santa Maria Hoè,19,2127,2.8344,750.4233700254022,6.703358735534858,8.932769158439116,Piccolo,Molto piccolo,1
7435,97075,Sirone,16,2330,3.2057,726.8303334685091,4.991109586049848,6.86695278969957,Piccolo,Molto piccolo,1
7436,97076,Sirtori,17,2796,4.2907,651.6419232293099,3.962057473139581,6.080114449213162,Piccolo,Molto piccolo,1
7437,97077,Sueglio,0,145,4.1084,35.29354493233376,0.0,0.0,Molto piccolo,Molto piccolo,1
7438,97078,Suello,16,1755,2.629,667.5542031190566,6.085964244960061,9.116809116809115,Piccolo,Molto piccolo,1
7439,97079,Taceno,3,539,3.7516,143.6720332658066,0.7996588122401109,5.565862708719852,Molto piccolo,Molto piccolo,1
7440,97082,Valgreghentino,10,3406,6.2463,545.2828074219939,1.6009477610745562,2.935995302407516,Piccolo,Molto piccolo,1
7441,97083,Valmadrera,39,11210,12.5992,889.7390310495905,3.095434630770208,3.4790365744870653,Medio,Piccolo,1
7442,97084,Varenna,24,741,12.5679,58.95973074260616,1.9096269066431144,32.388663967611336,Molto piccolo,Piccolo,0
7443,97086,Vercurago,30,2766,2.1157,1307.3687195727182,14.179704116840762,10.845986984815616,Piccolo,Molto piccolo,3
7444,97090,Viganò,1,2096,1.6049,1306.0003738550688,0.6230917814194031,0.4770992366412213,Piccolo,Molto piccolo,1
7445,97091,Verderio,36,5520,6.4653,853.7886872998932,5.56818709108626,6.521739130434782,Medio,Molto piccolo,1
7446,97092,La Valletta Brianza,28,4646,8.7846,528.8800856043531,3.187396125036997,6.026689625484288,Piccolo,Molto piccolo,1
7447,97093,Valvarrone,1,500,14.9218,33.508021820423814,0.0670160436408476,2.0,Molto piccolo,Piccolo,1
7448,98001,Abbadia Cerreto,0,282,6.1986,45.49414383893137,0.0,0.0,Molto piccolo,Molto piccolo,1
7449,98002,Bertonico,3,1069,20.8317,51.31602317621701,0.144011290485174,2.806361085126286,Piccolo,Piccolo,1
7450,98003,Boffalora d'Adda,5,1734,8.1303,213.27626286852885,0.6149834569450082,2.883506343713956,Piccolo,Molto piccolo,1
7451,98004,Borghetto Lodigiano,49,4311,23.6411,182.3519210189035,2.072661593580671,11.366272326606357,Piccolo,Piccolo,1
7452,98005,Borgo San Giovanni,16,2416,7.5038,321.97020176443937,2.132252991817479,6.622516556291391,Piccolo,Molto piccolo,1
7453,98006,Brembio,12,2665,17.0835,155.99847806362865,0.7024321713934498,4.50281425891182,Piccolo,Piccolo,1
7454,98008,Casaletto Lodigiano,16,2942,9.7506,301.72502204992514,1.6409246610464996,5.438477226376614,Piccolo,Molto piccolo,1
7455,98009,Casalmaiocco,9,3176,4.7138,673.7663880521023,1.9092876235733376,2.8337531486146093,Piccolo,Molto piccolo,1
7456,98010,Casalpusterlengo,132,15213,25.6122,593.974746409914,5.153793895096868,8.676789587852495,Medio,Piccolo,1
7457,98011,Caselle Landi,3,1503,26.0043,57.798133385632376,0.115365535699865,1.996007984031936,Piccolo,Piccolo,1
7458,98012,Caselle Lurani,4,3006,7.6782,391.4980073454716,0.5209554322627699,1.3306719893546242,Piccolo,Molto piccolo,1
7459,98013,Castelnuovo Bocca d'Adda,3,1546,20.3232,76.07069752794835,0.1476145488899385,1.9404915912031049,Piccolo,Piccolo,1
7460,98014,Castiglione d'Adda,8,4502,12.9782,346.88939914626064,0.6164183014593704,1.776988005330964,Piccolo,Piccolo,1
7461,98015,Castiraga Vidardo,8,2908,5.0381,577.2017228717175,1.5879002004724003,2.751031636863824,Piccolo,Molto piccolo,1
7462,98017,Cavenago d'Adda,13,2116,16.098,131.4448999875761,0.807553733383029,6.143667296786389,Piccolo,Piccolo,1
7463,98018,Cervignano d'Adda,6,2164,4.0688,531.8521431380259,1.4746362563900903,2.7726432532347505,Piccolo,Molto piccolo,1
7464,98019,Codogno,96,15548,20.8695,745.0106614916506,4.600014375044922,6.174427579109853,Medio,Piccolo,1
7465,98020,Comazzo,11,2262,12.8023,176.68700155440817,0.8592206087968568,4.862953138815208,Piccolo,Piccolo,1
7466,98021,Cornegliano Laudense,36,2864,5.6998,502.4737710095091,6.316011088108355,12.569832402234638,Piccolo,Molto piccolo,0
7467,98022,Corno Giovine,3,1120,9.9361,112.7202826058514,0.3019293284085305,2.6785714285714284,Piccolo,Molto piccolo,1
7468,98023,Cornovecchio,0,202,6.5317,30.92609887165669,0.0,0.0,Molto piccolo,Molto piccolo,1
7469,98024,Corte Palasio,11,1534,15.6782,97.84286461456034,0.7016111543416974,7.170795306388526,Piccolo,Piccolo,1
7470,98025,Crespiatica,17,2219,7.0319,315.56193916295734,2.41755428831468,7.661108607480847,Piccolo,Molto piccolo,1
7471,98026,Fombio,5,2265,7.3971,306.2010788011518,0.6759405713049709,2.207505518763797,Piccolo,Molto piccolo,1
7472,98027,Galgagnano,2,1303,6.0109,216.7728626328836,0.3327288758754928,1.5349194167306217,Piccolo,Molto piccolo,1
7473,98028,Graffignana,15,2549,10.9213,233.3971230531164,1.373462866142309,5.884660651235778,Piccolo,Piccolo,1
7474,98029,Guardamiglio,30,2635,10.4374,252.4575085749325,2.8742790350087186,11.385199240986717,Piccolo,Piccolo,0
7475,98030,Livraga,32,2455,12.3711,198.44637906087576,2.5866737800195616,13.034623217922608,Piccolo,Piccolo,0
7476,98031,Lodi,720,44815,41.3786,1083.0477589865293,17.40029870512777,16.06604931384581,Grande,Piccolo,3
7477,98032,Lodi Vecchio,62,7589,16.4503,461.32897272390176,3.7689282262329566,8.169719330610095,Medio,Piccolo,1
7478,98033,Maccastorna,1,65,5.7452,11.313792383206852,0.1740583443570285,15.384615384615383,Molto piccolo,Molto piccolo,0
7479,98034,Mairago,18,1363,11.2472,121.18571733409205,1.600398321359983,13.206162876008804,Piccolo,Piccolo,0
7480,98035,Maleo,8,3008,19.8334,151.66335575342603,0.4033599887059202,2.6595744680851063,Piccolo,Piccolo,1
7481,98036,Marudo,7,1760,4.2024,418.8083000190367,1.6657148296211688,3.977272727272727,Piccolo,Molto piccolo,1
7482,98037,Massalengo,23,4385,8.4767,517.3003645286492,2.713320041997476,5.24515393386545,Piccolo,Molto piccolo,1
7483,98038,Meleti,1,441,7.3856,59.71078856152513,0.1353986135181975,2.2675736961451247,Molto piccolo,Molto piccolo,1
7484,98039,Merlino,7,1712,10.7302,159.5496822053643,0.6523643548116531,4.088785046728972,Piccolo,Piccolo,1
7485,98040,Montanaso Lombardo,19,2241,9.5212,235.36949124059996,1.99554677981767,8.478357875948237,Piccolo,Molto piccolo,1
7486,98041,Mulazzano,25,5814,15.579,373.1946851530907,1.604724308363823,4.299965600275198,Medio,Piccolo,1
7487,98042,Orio Litta,4,1986,9.783,203.0052131248084,0.4088725339875294,2.014098690835851,Piccolo,Molto piccolo,1
7488,98043,Ospedaletto Lodigiano,24,2004,8.4968,235.85349778740232,2.824592787873081,11.976047904191615,Piccolo,Molto piccolo,0
7489,98044,Ossago Lodigiano,11,1421,11.525,123.29718004338396,0.9544468546637744,7.741027445460943,Piccolo,Piccolo,1
7490,98045,Pieve Fissiraga,65,1711,12.2653,139.4992376868075,5.29950347728959,37.989479836353006,Piccolo,Piccolo,0
7491,98046,Salerano sul Lambro,15,2609,4.3749,596.3564881483005,3.428649797709662,5.749329244921426,Piccolo,Molto piccolo,1
7492,98047,San Fiorano,5,1826,8.9657,203.6650791349253,0.557680939580847,2.738225629791895,Piccolo,Molto piccolo,1
7493,98048,San Martino in Strada,38,3733,13.1484,283.9128715280947,2.890085485686471,10.179480310742033,Piccolo,Piccolo,1
7494,98049,San Rocco al Porto,70,3354,30.562,109.74412669327924,2.2904260192395784,20.870602265951103,Piccolo,Piccolo,0
7495,98050,Sant'Angelo Lodigiano,56,13225,20.0529,659.5056076677189,2.7926135371941214,4.234404536862003,Medio,Piccolo,1
7496,98051,Santo Stefano Lodigiano,3,1857,10.5321,176.31811319679835,0.2848434785085595,1.6155088852988693,Piccolo,Piccolo,1
7497,98052,Secugnago,10,1931,6.7459,286.2479431951259,1.4823818912228168,5.178663904712584,Piccolo,Molto piccolo,1
7498,98053,Senna Lodigiana,15,1784,27.0154,66.0364088630929,0.5552388637591892,8.408071748878923,Piccolo,Piccolo,1
7499,98054,Somaglia,54,3867,20.819,185.74379172870937,2.593784523752342,13.964313421256788,Piccolo,Piccolo,0
7500,98055,Sordio,17,3448,2.8206,1222.434942919946,6.027086435510174,4.930394431554524,Piccolo,Molto piccolo,1
7501,98056,Tavazzano con Villavesco,40,5919,16.0684,368.3627492469692,2.4893579945731994,6.757898293630681,Medio,Piccolo,1
7502,98057,Terranova dei Passerini,4,919,11.2567,81.64026757397816,0.3553439285048015,4.352557127312296,Molto piccolo,Piccolo,1
7503,98058,Turano Lodigiano,7,1539,16.3773,93.97153376930262,0.4274208813418573,4.548408057179987,Piccolo,Piccolo,1
7504,98059,Valera Fratta,4,1735,8.0146,216.47992413844733,0.4990891622788411,2.3054755043227666,Piccolo,Molto piccolo,1
7505,98060,Villanova del Sillaro,26,1867,13.4986,138.3106396218867,1.926125672291941,13.926084627745045,Piccolo,Piccolo,0
7506,98061,Zelo Buon Persico,58,7415,18.8824,392.69372537389313,3.071643435156548,7.821982467970331,Medio,Piccolo,1
7507,98062,Castelgerundo,1,1491,19.8696,75.03925594878609,0.0503281394693401,0.670690811535882,Piccolo,Piccolo,1
7508,99001,Bellaria-Igea Marina,271,19458,18.1698,1070.8978634877656,14.914858721614989,13.927433446397368,Medio,Piccolo,3
7509,99002,Cattolica,381,16723,6.1953,2699.304311332785,61.4982325311123,22.782993482030736,Medio,Molto piccolo,2
7510,99003,Coriano,200,10503,46.7666,224.5833564980136,4.276556345768134,19.042178425211844,Medio,Piccolo,0
7511,99004,Gemmano,4,1124,18.8499,59.62896354887824,0.2122027172557944,3.558718861209964,Piccolo,Piccolo,1
7512,99005,Misano Adriatico,350,13780,22.345,616.6927724323115,15.663459386887448,25.39912917271408,Medio,Piccolo,0
7513,99006,Mondaino,3,1329,19.84,66.98588709677419,0.1512096774193548,2.257336343115124,Piccolo,Piccolo,1
7514,99008,Montefiore Conca,15,2227,22.3216,99.7688337753566,0.6719948390796359,6.7355186349348894,Piccolo,Piccolo,1
7515,99009,Montegridolfo,3,994,6.9373,143.28340997217938,0.4324448993124126,3.0181086519114686,Molto piccolo,Molto piccolo,1
7516,99011,Morciano di Romagna,42,7176,5.44,1319.1176470588234,7.720588235294117,5.852842809364548,Medio,Molto piccolo,1
7517,99013,Riccione,1079,34942,17.5208,1994.3153280672116,61.58394593854162,30.879743575067256,Grande,Piccolo,2
7518,99014,Rimini,4054,150240,135.7915,1106.402094387351,29.85459325510065,26.98349307774228,Grande,Grande,3
7519,99015,Saludecio,19,3009,34.2646,87.81658037741576,0.5545081512698237,6.314390162844799,Piccolo,Piccolo,1
7520,99016,San Clemente,79,5624,20.6958,271.7459581171059,3.817199625044696,14.046941678520623,Medio,Piccolo,0
7521,99017,San Giovanni in Marignano,165,9441,21.3734,441.7172747433726,7.719876107685254,17.47696218620909,Medio,Piccolo,0
7522,99018,Santarcangelo di Romagna,374,22288,45.0587,494.6436537228104,8.300283851953118,16.780330222541277,Grande,Piccolo,0
7523,99020,Verucchio,109,10047,27.3019,367.9963665532436,3.992396133602423,10.84900965462327,Medio,Piccolo,1
7524,99021,Casteldelci,2,376,49.6767,7.568940771025451,0.0402603232501353,5.319148936170213,Molto piccolo,Piccolo,1
7525,99022,Maiolo,2,792,24.2755,32.62548660171778,0.0823875924285802,2.525252525252525,Molto piccolo,Piccolo,1
7526,99023,Novafeltria,103,7064,41.8381,168.84131927597096,2.461870878457674,14.58097395243488,Medio,Piccolo,0
7527,99024,Pennabilli,17,2653,69.8034,38.00674465713705,0.2435411455602449,6.407840180927252,Piccolo,Medio,1
7528,99025,San Leo,34,2860,53.136,53.82414935260464,0.639867509786209,11.888111888111888,Piccolo,Medio,0
7529,99026,Sant'Agata Feltria,11,2034,79.7408,25.50764476905173,0.1379469481118825,5.408062930186825,Piccolo,Medio,1
7530,99027,Talamello,22,1065,10.5887,100.5789190363312,2.077686590421865,20.657276995305164,Piccolo,Piccolo,0
7531,99028,Poggio Torriana,58,5186,34.7351,149.30142708672207,1.6697807117296335,11.183956806787505,Medio,Piccolo,1
7532,99029,Montescudo-Monte Colombo,51,6842,32.3479,211.51295756447865,1.576609300758318,7.453960830166618,Medio,Piccolo,1
7533,100001,Cantagallo,35,3102,95.6224,32.44009771768958,0.366023023893983,11.283043197936816,Piccolo,Medio,1
7534,100002,Carmignano,118,15098,38.4275,392.8957127057446,3.0707175850627806,7.815604715856404,Medio,Piccolo,1
7535,100003,Montemurlo,259,19477,30.7758,632.8673828137693,8.415703247356689,13.297735790932895,Medio,Piccolo,0
7536,100004,Poggio a Caiano,112,10169,5.9995,1694.9745812151011,18.668222351862653,11.013865670174058,Medio,Molto piccolo,3
7537,100005,Prato,3761,201410,97.3521,2068.88192447826,38.63296220625955,18.67335286232064,Grande,Medio,3
7538,100006,Vaiano,107,9975,34.1088,292.4465240641711,3.1370203583825877,10.726817042606516,Medio,Piccolo,1
7539,100007,Vernio,49,6038,63.3768,95.27145580086088,0.7731535830146047,8.115269956939382,Medio,Medio,1
7540,101001,Belvedere di Spinello,11,1974,30.3109,65.12508701490223,0.3629057533758483,5.572441742654508,Piccolo,Piccolo,1
7541,101002,Caccuri,12,1572,61.3762,25.612533848625365,0.1955155255620256,7.633587786259541,Piccolo,Medio,1
7542,101003,Carfizzi,1,531,20.7254,25.62073590859525,0.0482499734625146,1.8832391713747645,Molto piccolo,Piccolo,1
7543,101004,Casabona,7,2403,67.6721,35.509464018406405,0.1034399700910715,2.913025384935497,Piccolo,Medio,1
7544,101005,Castelsilano,0,899,40.063,22.43965753937548,0.0,0.0,Molto piccolo,Piccolo,1
7545,101006,Cerenzia,9,1047,21.9655,47.66565750836539,0.409733445630648,8.595988538681949,Piccolo,Piccolo,1
7546,101007,Cirò,13,2560,71.0449,36.03355061376679,0.1829828742105344,5.078125,Piccolo,Medio,1
7547,101008,Cirò Marina,105,13833,41.6808,331.8794264985317,2.519145505844418,7.590544350466276,Medio,Piccolo,1
7548,101009,Cotronei,15,5253,79.2012,66.3247526552628,0.1893910698322752,2.8555111364934325,Medio,Medio,1
7549,101010,Crotone,759,60123,181.9947,330.3557740967182,4.170451117532544,12.624120552866623,Grande,Grande,0
7550,101011,Crucoli,11,2798,50.425,55.48834903321765,0.2181457610312345,3.931379556826304,Piccolo,Medio,1
7551,101012,Cutro,59,9465,133.6858,70.80033930305238,0.4413333353280603,6.2334918119387215,Medio,Grande,1
7552,101013,Isola di Capo Rizzuto,110,16962,126.6438,133.93470505464933,0.8685778537915002,6.485084306095979,Medio,Grande,1
7553,101014,Melissa,19,3249,51.6315,62.9267017227855,0.3679924077355878,5.847953216374268,Piccolo,Medio,1
7554,101015,Mesoraca,16,6025,94.7896,63.56182534792847,0.1687948888907644,2.655601659751037,Medio,Medio,1
7555,101016,Pallagorio,0,1027,44.4826,23.08767922738329,0.0,0.0,Piccolo,Piccolo,1
7556,101017,Petilia Policastro,30,8700,98.3481,88.46129208393451,0.3050389382204638,3.4482758620689653,Medio,Medio,1
7557,101018,Roccabernarda,17,3185,64.888,49.08457650104796,0.2619898902724694,5.337519623233908,Piccolo,Medio,1
7558,101019,Rocca di Neto,23,5345,44.9243,118.97792508731354,0.5119723623962977,4.303086997193638,Medio,Piccolo,1
7559,101020,San Mauro Marchesato,5,1966,41.9108,46.90914990885404,0.1193009916298424,2.5432349949135302,Piccolo,Piccolo,1
7560,101021,San Nicola dell'Alto,2,725,7.8517,92.33669141714532,0.2547219073576423,2.758620689655172,Molto piccolo,Molto piccolo,1
7561,101022,Santa Severina,10,1935,52.3117,36.98981298638736,0.1911618242190561,5.167958656330749,Piccolo,Medio,1
7562,101023,Savelli,1,1083,48.9212,22.137641758583197,0.0204410357881654,0.9233610341643582,Piccolo,Piccolo,1
7563,101024,Scandale,18,2851,54.2595,52.54379417429206,0.3317391424543167,6.313574184496668,Piccolo,Medio,1
7564,101025,Strongoli,69,6146,85.5577,71.83456310770393,0.8064732922928036,11.226814188089817,Medio,Medio,1
7565,101026,Umbriatico,1,761,73.3549,10.374221762963346,0.0136323544848401,1.314060446780552,Molto piccolo,Medio,1
7566,101027,Verzino,1,1641,45.6322,35.9614482755598,0.0219143499546372,0.6093845216331506,Piccolo,Piccolo,1
7567,102001,Acquaro,2,1941,25.2495,76.87280936256163,0.0792094892968177,1.0303967027305514,Piccolo,Piccolo,1
7568,102002,Arena,1,1286,34.3219,37.468788149840194,0.0291359161351789,0.7776049766718507,Piccolo,Piccolo,1
7569,102003,Briatico,18,3855,27.9223,138.0616926256075,0.6446460356059494,4.669260700389105,Piccolo,Piccolo,1
7570,102004,Brognaturo,1,630,25.689,24.52411538012379,0.0389271672700377,1.5873015873015872,Molto piccolo,Piccolo,1
7571,102005,Capistrano,1,984,21.1225,46.58539472126879,0.0473428808142975,1.016260162601626,Molto piccolo,Piccolo,1
7572,102006,Cessaniti,3,3015,17.9691,167.78803612868757,0.1669532697797886,0.9950248756218903,Piccolo,Piccolo,1
7573,102007,Dasà,4,1109,6.4627,171.60010521918085,0.6189363578690021,3.606853020739405,Piccolo,Molto piccolo,1
7574,102008,Dinami,0,1844,44.4447,41.48976143387176,0.0,0.0,Piccolo,Piccolo,1
7575,102009,Drapia,18,2019,21.5938,93.49905991534608,0.8335725995424612,8.915304606240714,Piccolo,Piccolo,1
7576,102010,Fabrizia,4,2005,40.003,50.12124090693198,0.0999925005624578,1.99501246882793,Piccolo,Piccolo,1
7577,102011,Filadelfia,9,4960,31.5038,157.4413245386271,0.2856798227515411,1.8145161290322585,Piccolo,Piccolo,1
7578,102012,Filandari,10,1758,18.8395,93.31457841237824,0.5307996496722311,5.688282138794084,Piccolo,Piccolo,1
7579,102013,Filogaso,6,1317,23.8975,55.110367193221045,0.2510722878962234,4.555808656036446,Piccolo,Piccolo,1
7580,102014,Francavilla Angitola,19,1827,28.6319,63.80994624876448,0.6635955001239875,10.399562123700054,Piccolo,Piccolo,1
7581,102015,Francica,4,1610,22.7009,70.92229823487175,0.1762044676642776,2.484472049689441,Piccolo,Piccolo,1
7582,102016,Gerocarne,11,1967,45.2254,43.49325821330491,0.2432261516758281,5.592272496187086,Piccolo,Piccolo,1
7583,102017,Jonadi,30,4406,8.8113,500.039721720972,3.404718940451466,6.808896958692692,Piccolo,Molto piccolo,1
7584,102018,Joppolo,9,1685,21.6692,77.7601388145386,0.4153360530153397,5.341246290801187,Piccolo,Piccolo,1
7585,102019,Limbadi,8,3327,29.1519,114.12635197019748,0.2744246515664502,2.4045686804929365,Piccolo,Piccolo,1
7586,102020,Maierato,28,2055,39.9325,51.46184185813561,0.701183246728855,13.62530413625304,Piccolo,Piccolo,0
7587,102021,Mileto,20,6401,35.6532,179.5350767953508,0.5609594650690541,3.1245117950320265,Medio,Piccolo,1
7588,102022,Mongiana,3,672,18.4089,36.50408226455682,0.1629646529667715,4.464285714285714,Molto piccolo,Piccolo,1
7589,102023,Monterosso Calabro,3,1564,18.3653,85.16060178706581,0.1633515379547298,1.918158567774936,Piccolo,Piccolo,1
7590,102024,Nardodipace,1,1127,33.3029,33.84089673872245,0.0300274150299223,0.8873114463176576,Piccolo,Piccolo,1
7591,102025,Nicotera,13,5911,28.2468,209.26264213999465,0.4602291232989223,2.1992894603282016,Medio,Piccolo,1
7592,102026,Parghelia,20,1245,7.9491,156.62150432124392,2.516008101546087,16.064257028112447,Piccolo,Molto piccolo,0
7593,102027,Pizzo,107,8882,22.8879,388.0653096177456,4.674959257948523,12.046836298131051,Medio,Piccolo,0
7594,102028,Pizzoni,3,1023,21.7004,47.141988166116754,0.1382462996073805,2.932551319648094,Piccolo,Piccolo,1
7595,102029,Polia,0,891,31.5057,28.28059684438054,0.0,0.0,Molto piccolo,Piccolo,1
7596,102030,Ricadi,32,4805,22.5378,213.19738395051868,1.4198368962365449,6.659729448491155,Piccolo,Piccolo,1
7597,102031,Rombiolo,23,4382,22.8427,191.8337149286205,1.0068862262342018,5.248744865358284,Piccolo,Piccolo,1
7598,102032,San Calogero,13,3954,25.3367,156.05820805392966,0.5130897078151456,3.2878098128477493,Piccolo,Piccolo,1
7599,102033,San Costantino Calabro,3,2084,6.7892,306.95810993931536,0.4418782772638897,1.4395393474088292,Piccolo,Molto piccolo,1
7600,102034,San Gregorio d'Ippona,4,2535,12.5345,202.24181259723164,0.3191192309226535,1.5779092702169624,Piccolo,Piccolo,1
7601,102035,San Nicola da Crissa,0,1231,19.3959,63.46702138080728,0.0,0.0,Piccolo,Piccolo,1
7602,102036,Sant'Onofrio,18,2889,18.6586,154.8347678818347,0.964702603625138,6.230529595015576,Piccolo,Piccolo,1
7603,102037,Serra San Bruno,38,6352,40.5725,156.5592457945653,0.9365949842873867,5.982367758186398,Medio,Piccolo,1
7604,102038,Simbario,5,921,20.8328,44.2091317537729,0.2400061441572904,5.4288816503800215,Molto piccolo,Piccolo,1
7605,102039,Sorianello,0,1123,9.5926,117.06940766841107,0.0,0.0,Piccolo,Molto piccolo,1
7606,102040,Soriano Calabro,16,2291,15.4369,148.41062648588772,1.036477531110521,6.983849847228284,Piccolo,Piccolo,1
7607,102041,Spadola,3,797,9.6462,82.62320913935021,0.3110032966349443,3.764115432873275,Molto piccolo,Molto piccolo,1
7608,102042,Spilinga,8,1370,17.4235,78.629437254283,0.4591499985651562,5.839416058394161,Piccolo,Piccolo,1
7609,102043,Stefanaconi,11,2349,23.1798,101.33823415214972,0.4745511177835874,4.682843763303533,Piccolo,Piccolo,1
7610,102044,Tropea,53,6022,3.6604,1645.1753906676863,14.47929188066878,8.801062769843906,Medio,Molto piccolo,3
7611,102045,Vallelonga,4,749,17.6406,42.458873280954165,0.2267496570411437,5.34045393858478,Molto piccolo,Piccolo,1
7612,102046,Vazzano,14,982,20.2027,48.60736436218921,0.692976681334673,14.256619144602851,Molto piccolo,Piccolo,0
7613,102047,Vibo Valentia,318,31753,46.5709,681.8206218904938,6.8282983579874985,10.014801751015654,Grande,Piccolo,1
7614,102048,Zaccanopoli,0,698,5.3751,129.8580491525739,0.0,0.0,Molto piccolo,Molto piccolo,1
7615,102049,Zambrone,5,1736,15.7735,110.05800868545344,0.316987352204647,2.8801843317972358,Piccolo,Piccolo,1
7616,102050,Zungri,7,1854,23.4549,79.04531675683972,0.2984451010236667,3.7756202804746497,Piccolo,Piccolo,1
7617,103001,Antrona Schieranco,3,395,100.1815,3.942843738614415,0.0299456486477044,7.594936708860759,Molto piccolo,Grande,1
7618,103002,Anzola d'Ossola,5,394,13.6569,28.84988540591203,0.3661152970293405,12.690355329949238,Molto piccolo,Piccolo,0
7619,103003,Arizzano,8,1961,1.5995,1226.0081275398563,5.001562988433886,4.07955124936257,Piccolo,Molto piccolo,1
7620,103004,Arola,6,238,6.6126,35.99189426246862,0.9073586788857636,25.210084033613445,Molto piccolo,Molto piccolo,0
7621,103005,Aurano,2,105,21.1563,4.963060648601125,0.0945344885447833,19.04761904761905,Molto piccolo,Piccolo,0
7622,103006,Baceno,4,886,77.2735,11.465767695264224,0.0517641882404705,4.514672686230248,Molto piccolo,Medio,1
7623,103007,Bannio Anzino,1,471,39.4656,11.934444174166869,0.0253385226627746,2.123142250530785,Molto piccolo,Piccolo,1
7624,103008,Baveno,58,4820,17.1002,281.86804832692013,3.3917731956351385,12.033195020746888,Piccolo,Piccolo,0
7625,103009,Bee,3,771,3.5046,219.9965759287793,0.8560178051703475,3.891050583657588,Molto piccolo,Molto piccolo,1
7626,103010,Belgirate,5,493,7.1292,69.15221904280985,0.7013409639230208,10.141987829614605,Molto piccolo,Molto piccolo,1
7627,103011,Beura-Cardezza,7,1430,28.5514,50.08510966187297,0.2451718654776998,4.895104895104896,Piccolo,Piccolo,1
7628,103012,Bognanco,2,186,57.9948,3.207184092366902,0.034485850455558,10.752688172043012,Molto piccolo,Medio,1
7629,103013,Brovello-Carpugnino,17,751,8.2233,91.3258667444943,2.067296584096409,22.63648468708389,Molto piccolo,Molto piccolo,0
7630,103014,Calasca-Castiglione,2,567,57.0676,9.93558516566318,0.0350461557871717,3.527336860670194,Molto piccolo,Medio,1
7631,103015,Cambiasca,5,1569,3.9645,395.7623912220961,1.261193088661874,3.1867431485022304,Piccolo,Molto piccolo,1
7632,103016,Cannero Riviera,14,897,14.4193,62.20829027761403,0.9709209184911888,15.60758082497213,Molto piccolo,Piccolo,0
7633,103017,Cannobio,68,5029,52.5335,95.72939172147296,1.2944121370173318,13.521574865778485,Medio,Medio,0
7634,103018,Caprezzo,2,171,7.2565,23.5650795838214,0.2756149658926479,11.695906432748536,Molto piccolo,Molto piccolo,0
7635,103019,Casale Corte Cerro,37,3404,12.5227,271.8263633242032,2.954634383958731,10.869565217391305,Piccolo,Piccolo,1
7636,103021,Ceppo Morelli,0,302,40.1858,7.5150923958214095,0.0,0.0,Molto piccolo,Piccolo,1
7637,103022,Cesara,6,591,11.6545,50.71002617014887,0.5148226007121712,10.15228426395939,Molto piccolo,Piccolo,1
7638,103023,Cossogno,0,667,40.2573,16.568423615095895,0.0,0.0,Molto piccolo,Piccolo,1
7639,103024,Craveggia,7,759,36.2167,20.95718273614106,0.1932810002015644,9.22266139657444,Molto piccolo,Piccolo,1
7640,103025,Crevoladossola,33,4517,39.8738,113.28240599090128,0.8276111130617096,7.305733894177552,Piccolo,Piccolo,1
7641,103026,Crodo,15,1406,53.5753,26.24343680763337,0.2799797667955195,10.668563300142246,Piccolo,Medio,1
7642,103028,Domodossola,154,17783,36.8911,482.0403837239876,4.174448579738744,8.659956137884498,Medio,Piccolo,1
7643,103029,Druogno,12,1057,29.6091,35.69848458750857,0.4052808089404946,11.352885525070956,Piccolo,Piccolo,1
7644,103031,Formazza,3,445,130.6467,3.4061327228318814,0.0229626925134733,6.741573033707866,Molto piccolo,Grande,1
7645,103032,Germagno,0,188,2.8976,64.88128106018773,0.0,0.0,Molto piccolo,Molto piccolo,1
7646,103033,Ghiffa,32,2308,14.6546,157.49321032303848,2.183614701185976,13.86481802426343,Piccolo,Piccolo,0
7647,103034,Gignese,8,1081,14.5784,74.15079844152993,0.548757065247215,7.400555041628122,Piccolo,Piccolo,1
7648,103035,Gravellona Toce,45,7621,14.2127,536.2105722346915,3.166182358031901,5.904736911166514,Medio,Piccolo,1
7649,103036,Gurro,1,190,13.2848,14.302059496567503,0.0752739973503553,5.263157894736842,Molto piccolo,Piccolo,1
7650,103037,Intragna,0,108,9.9219,10.885011943276991,0.0,0.0,Molto piccolo,Molto piccolo,1
7651,103038,Loreglia,0,226,9.1531,24.69108826517792,0.0,0.0,Molto piccolo,Molto piccolo,1
7652,103039,Macugnaga,1,530,99.568,5.322995339868231,0.0100433874337136,1.8867924528301887,Molto piccolo,Medio,1
7653,103040,Madonna del Sasso,0,392,15.4114,25.435716417716755,0.0,0.0,Molto piccolo,Piccolo,1
7654,103041,Malesco,8,1358,43.1763,31.452440343429156,0.185286835601939,5.89101620029455,Piccolo,Piccolo,1
7655,103042,Masera,19,1448,20.3537,71.14185627183264,0.9334912079867542,13.121546961325969,Piccolo,Piccolo,0
7656,103043,Massiola,0,120,8.0549,14.897764093905574,0.0,0.0,Molto piccolo,Molto piccolo,1
7657,103044,Mergozzo,40,2136,26.9947,79.12664337814459,1.4817723479053295,18.726591760299627,Piccolo,Piccolo,0
7658,103045,Miazzina,1,366,21.175,17.28453364817001,0.0472255017709563,2.73224043715847,Molto piccolo,Piccolo,1
7659,103046,Montecrestese,8,1249,86.1483,14.4982547537212,0.0928631209205521,6.405124099279423,Piccolo,Medio,1
7660,103047,Montescheno,3,386,22.1708,17.4102874050553,0.1353131145470619,7.772020725388601,Molto piccolo,Piccolo,1
7661,103048,Nonio,3,852,9.7997,86.94143698276478,0.3061318203618478,3.5211267605633805,Molto piccolo,Molto piccolo,1
7662,103049,Oggebbio,21,865,21.439,40.34703111152572,0.9795232986613182,24.277456647398843,Molto piccolo,Piccolo,0
7663,103050,Omegna,121,14618,30.3719,481.30014915102447,3.983945686637978,8.277466137638529,Medio,Piccolo,1
7664,103051,Ornavasso,23,3358,25.9194,129.55546810497157,0.8873662198970655,6.849315068493151,Piccolo,Piccolo,1
7665,103052,Pallanzeno,11,1110,4.3658,254.24893490311047,2.5195840395803746,9.90990990990991,Piccolo,Molto piccolo,1
7666,103053,Piedimulera,13,1474,7.5656,194.82922702759865,1.7183039018716295,8.819538670284938,Piccolo,Molto piccolo,1
7667,103054,Pieve Vergonte,15,2472,41.672,59.32040698790555,0.3599539258974851,6.067961165048543,Piccolo,Piccolo,1
7668,103055,Premeno,1,767,7.8796,97.3399664957612,0.1269099954312401,1.303780964797914,Molto piccolo,Molto piccolo,1
7669,103056,Premia,9,541,88.9024,6.0853250305953495,0.1012346123389244,16.635859519408502,Molto piccolo,Medio,0
7670,103057,Premosello-Chiovenda,12,1856,34.1628,54.32809957029284,0.3512592644631002,6.465517241379311,Piccolo,Piccolo,1
7671,103058,Quarna Sopra,0,250,9.3948,26.61046536381828,0.0,0.0,Molto piccolo,Molto piccolo,1
7672,103059,Quarna Sotto,1,376,16.3739,22.96337463890704,0.0610728048907102,2.6595744680851063,Molto piccolo,Piccolo,1
7673,103060,Re,7,692,27.1522,25.4859643049182,0.2578059973040859,10.115606936416183,Molto piccolo,Piccolo,1
7674,103061,San Bernardino Verbano,20,1267,26.6756,47.49658864280466,0.7497488341405629,15.785319652722968,Piccolo,Piccolo,0
7675,103062,Santa Maria Maggiore,14,1284,53.7054,23.90821034756281,0.2606814212351085,10.903426791277258,Piccolo,Medio,1
7676,103064,Stresa,58,4694,35.3592,132.7518722143035,1.6403086042670647,12.356199403493822,Piccolo,Piccolo,0
7677,103065,Toceno,1,728,15.7687,46.16740758591386,0.0634167686619695,1.3736263736263736,Molto piccolo,Piccolo,1
7678,103066,Trarego Viggiona,3,408,18.9006,21.586616297895304,0.1587251198374654,7.352941176470588,Molto piccolo,Piccolo,1
7679,103067,Trasquera,5,174,39.6013,4.393795153189416,0.1262584814134889,28.735632183908045,Molto piccolo,Piccolo,0
7680,103068,Trontano,15,1633,56.7344,28.783242618235143,0.2643898587100595,9.185548071034903,Piccolo,Medio,1
7681,103069,Valstrona,2,1190,51.8893,22.93343714407402,0.0385435918387798,1.680672268907563,Piccolo,Medio,1
7682,103070,Vanzone con San Carlo,1,384,15.7344,24.40512507626601,0.0635550132194427,2.6041666666666665,Molto piccolo,Piccolo,1
7683,103071,Varzo,10,1946,93.7665,20.75368068553268,0.1066478966368585,5.138746145940391,Piccolo,Medio,1
7684,103072,Verbania,621,29954,37.4934,798.9139421871582,16.562915073052856,20.731788742738868,Grande,Piccolo,3
7685,103074,Vignone,4,1209,3.3806,357.62882328580724,1.1832219132698338,3.308519437551696,Piccolo,Molto piccolo,1
7686,103075,Villadossola,61,6276,18.7332,335.0201780795593,3.25625093417035,9.719566602931804,Medio,Piccolo,1
7687,103076,Villette,3,273,7.3834,36.97483544166644,0.4063168729853455,10.989010989010987,Molto piccolo,Molto piccolo,1
7688,103077,Vogogna,16,1720,15.6245,110.08352267272554,1.0240327690486095,9.30232558139535,Piccolo,Piccolo,1
7689,103078,Borgomezzavalle,0,306,19.0831,16.035130560548335,0.0,0.0,Molto piccolo,Piccolo,1
7690,103079,Valle Cannobina,6,477,55.1741,8.645360776161278,0.1087466764297016,12.57861635220126,Molto piccolo,Medio,0
7691,108001,Agrate Brianza,252,15482,11.2176,1380.152617315647,22.46469833119384,16.27696680015502,Medio,Piccolo,3
7692,108002,Aicurzio,4,2077,2.4676,841.7085427135678,1.6210082671421624,1.9258545979778523,Piccolo,Molto piccolo,1
7693,108003,Albiate,21,6482,2.8631,2263.979602528728,7.334707135622227,3.239740820734341,Medio,Molto piccolo,1
7694,108004,Arcore,241,17848,9.2455,1930.4526526418256,26.066735168460333,13.502913491707757,Medio,Molto piccolo,3
7695,108005,Barlassina,60,6912,2.756,2507.9825834542817,21.77068214804064,8.680555555555555,Medio,Molto piccolo,3
7696,108006,Bellusco,73,7366,6.5372,1126.782108548002,11.1668604295417,9.91039913114309,Medio,Molto piccolo,1
7697,108007,Bernareggio,93,11321,5.9338,1907.8836496005931,15.672924601435843,8.214822012189735,Medio,Molto piccolo,3
7698,108008,Besana in Brianza,145,15498,15.7578,983.5129269314244,9.20179212834279,9.356045941411796,Medio,Piccolo,1
7699,108009,Biassono,156,12188,4.8948,2489.989376481164,31.870556508948276,12.79947489333771,Medio,Molto piccolo,3
7700,108010,Bovisio-Masciago,137,16833,4.9323,3412.8094398150965,27.77608823469781,8.138775025248025,Medio,Molto piccolo,3
7701,108011,Briosco,70,6051,6.6128,915.0435518993468,10.585531091217034,11.568335812262434,Medio,Molto piccolo,0
7702,108012,Brugherio,432,34811,10.4121,3343.321712238645,41.49018929898868,12.409870443250696,Grande,Piccolo,3
7703,108013,Burago di Molgora,16,4283,3.4317,1248.0694699420112,4.662412215520004,3.7356992762082655,Piccolo,Molto piccolo,1
7704,108014,Camparada,12,2166,1.6337,1325.8248148374855,7.345289832894656,5.54016620498615,Piccolo,Molto piccolo,1
7705,108015,Carate Brianza,193,17824,9.9166,1797.3902345561985,19.46231571304681,10.828096947935368,Medio,Molto piccolo,3
7706,108016,Carnate,31,7516,3.4702,2165.8694023399225,8.933202697250879,4.124534326769559,Medio,Molto piccolo,1
7707,108017,Cavenago di Brianza,54,7389,4.3932,1681.917508877356,12.291723572794318,7.308160779537149,Medio,Molto piccolo,1
7708,108018,Ceriano Laghetto,24,6613,7.078,934.3034755580672,3.390788358293303,3.6292151822168455,Medio,Molto piccolo,1
7709,108019,Cesano Maderno,442,38983,11.5157,3385.2045468360584,38.38238231284247,11.338275658620423,Grande,Piccolo,3
7710,108020,Cogliate,36,8444,6.9549,1214.108038936577,5.17620670318768,4.263382283278068,Medio,Molto piccolo,1
7711,108021,Concorezzo,150,15770,8.5081,1853.527814670725,17.63025822451546,9.51173113506658,Medio,Molto piccolo,3
7712,108022,Correzzana,8,3035,2.506,1211.0933758978454,3.1923383878691145,2.6359143327841843,Piccolo,Molto piccolo,1
7713,108023,Desio,550,41646,14.754,2822.6921512810086,37.2780262979531,13.206550449022716,Grande,Piccolo,3
7714,108024,Giussano,424,25923,10.2805,2521.5699625504594,41.24313019794757,16.356131620568608,Grande,Piccolo,3
7715,108025,Lazzate,41,7763,5.3139,1460.885601911967,7.715613767665932,5.281463351796986,Medio,Molto piccolo,1
7716,108026,Lesmo,42,8465,5.1171,1654.2572941705264,8.207773934455062,4.961606615475487,Medio,Molto piccolo,1
7717,108027,Limbiate,288,34707,12.286,2824.9226762168323,23.441315318248414,8.298037859797736,Grande,Piccolo,3
7718,108028,Lissone,686,46147,9.2958,4964.284945889542,73.79676843305579,14.865538388194247,Grande,Molto piccolo,2
7719,108029,Macherio,54,7412,3.1826,2328.913466976686,16.96725947338654,7.285483000539665,Medio,Molto piccolo,3
7720,108030,Meda,273,23324,8.3083,2807.313168758952,32.85870755750274,11.7046818727491,Grande,Molto piccolo,3
7721,108031,Mezzago,21,4420,4.3185,1023.5035313187448,4.862799583188607,4.751131221719457,Piccolo,Molto piccolo,1
7722,108032,Misinto,21,5588,5.1093,1093.69189517155,4.110152075626798,3.758052970651395,Medio,Molto piccolo,1
7723,108033,Monza,2592,122522,33.0867,3703.0589330456046,78.3396349590621,21.155384339139093,Grande,Piccolo,2
7724,108034,Muggiò,152,23603,5.4764,4309.948141114601,27.755459791103647,6.439859339914418,Grande,Molto piccolo,3
7725,108035,Nova Milanese,257,23083,5.8456,3948.781989872725,43.96469139181607,11.133734783173765,Grande,Molto piccolo,3
7726,108036,Ornago,30,5193,5.8844,882.5028889946299,5.098225817415539,5.777007510109764,Medio,Molto piccolo,1
7727,108037,Renate,16,4056,2.8878,1404.529399542905,5.540549899577533,3.9447731755424074,Piccolo,Molto piccolo,1
7728,108038,Ronco Briantino,18,3532,2.9685,1189.826511706249,6.06366851945427,5.096262740656852,Piccolo,Molto piccolo,1
7729,108039,Seregno,531,44843,13.0449,3437.5886361719904,40.70556309362279,11.841313025444329,Grande,Piccolo,3
7730,108040,Seveso,134,23728,7.4024,3205.4468820922943,18.102237112287906,5.64733648010789,Grande,Molto piccolo,3
7731,108041,Sovico,32,8307,3.263,2545.8167330677293,9.806926141587496,3.852172866257373,Medio,Molto piccolo,1
7732,108042,Sulbiate,10,4405,5.2018,846.8222538352109,1.9224114729516704,2.2701475595913734,Piccolo,Molto piccolo,1
7733,108043,Triuggio,56,8649,8.3378,1037.3239943390342,6.7164000095948575,6.474736963810845,Medio,Molto piccolo,1
7734,108044,Usmate Velate,115,10425,9.7508,1069.1430446732577,11.793904089920828,11.03117505995204,Medio,Molto piccolo,0
7735,108045,Varedo,217,13611,4.848,2807.5495049504952,44.76072607260726,15.94298728969216,Medio,Molto piccolo,3
7736,108046,Vedano al Lambro,81,7490,1.9793,3784.1661193351183,40.92355883393119,10.81441922563418,Medio,Molto piccolo,3
7737,108047,Veduggio con Colzano,47,4250,3.5554,1195.364797209878,13.21932834561512,11.058823529411764,Piccolo,Molto piccolo,3
7738,108048,Verano Brianza,154,9164,3.5184,2604.5929968167347,43.76989540700318,16.80488869489306,Medio,Molto piccolo,3
7739,108049,Villasanta,191,13946,4.8648,2866.7160006577865,39.26163459957244,13.695683350064536,Medio,Molto piccolo,3
7740,108050,Vimercate,430,25941,20.7181,1252.09358000975,20.7547989439186,16.576076481245902,Grande,Piccolo,3
7741,108051,Busnago,44,6752,5.7763,1168.9143569412945,7.617332894759621,6.516587677725118,Medio,Molto piccolo,1
7742,108052,Caponago,106,5105,5.0384,1013.218482057796,21.03842489679263,20.763956904995105,Medio,Molto piccolo,3
7743,108053,Cornate d'Adda,67,10674,13.8153,772.6216585959045,4.849695627311748,6.276934607457373,Medio,Piccolo,1
7744,108054,Lentate sul Seveso,229,15785,13.9782,1129.2584166773977,16.38265298822452,14.50744377573646,Medio,Piccolo,3
7745,108055,Roncello,13,4762,3.1611,1506.43763246971,4.112492486792572,2.729945401091978,Piccolo,Molto piccolo,1
7746,109001,Altidona,48,3538,12.9725,272.73077664289843,3.70013490075159,13.566986998304127,Piccolo,Piccolo,0
7747,109002,Amandola,32,3355,69.494,48.27754914093303,0.4604714076035341,9.538002980625931,Piccolo,Medio,1
7748,109003,Belmonte Piceno,8,600,10.5319,56.969777533018735,0.7595970337735831,13.333333333333334,Molto piccolo,Piccolo,0
7749,109004,Campofilone,32,1896,12.2112,155.2672955974843,2.620545073375262,16.877637130801688,Piccolo,Piccolo,0
7750,109005,Falerone,30,3138,24.6124,127.49670897596332,1.218897791357202,9.560229445506693,Piccolo,Piccolo,1
7751,109006,Fermo,655,36168,124.532,290.43137506825553,5.259692287925995,18.10993143109932,Grande,Grande,0
7752,109007,Francavilla d'Ete,4,946,10.2041,92.70783312590036,0.39199929440127,4.228329809725159,Molto piccolo,Piccolo,1
7753,109008,Grottazzolina,35,3259,9.2618,351.8754453777884,3.778963052538384,10.739490641301012,Piccolo,Molto piccolo,1
7754,109009,Lapedona,6,1160,14.9249,77.72246380210252,0.4020127438039786,5.172413793103448,Piccolo,Piccolo,1
7755,109010,Magliano di Tenna,22,1424,7.9294,179.58483617928215,2.774484828612505,15.44943820224719,Piccolo,Molto piccolo,0
7756,109011,Massa Fermana,8,898,7.7274,116.20985066128324,1.0352770660247947,8.908685968819599,Molto piccolo,Molto piccolo,1
7757,109012,Monsampietro Morico,3,628,9.7625,64.32778489116518,0.3072983354673496,4.777070063694267,Molto piccolo,Molto piccolo,1
7758,109013,Montappone,4,1608,10.4054,154.53514521306244,0.3844157841120956,2.487562189054726,Piccolo,Piccolo,1
7759,109014,Montefalcone Appennino,6,383,15.992,23.94947473736868,0.3751875937968984,15.665796344647518,Molto piccolo,Piccolo,0
7760,109015,Montefortino,6,1088,78.6156,13.839492416263438,0.0763207302367469,5.514705882352941,Piccolo,Medio,1
7761,109016,Monte Giberto,8,759,12.5337,60.556739031570885,0.6382791992787445,10.540184453227932,Molto piccolo,Piccolo,1
7762,109017,Montegiorgio,108,6479,47.4458,136.55581737477291,2.27628156759924,16.66923908010495,Medio,Piccolo,0
7763,109018,Montegranaro,96,12613,31.4183,401.45392971612085,3.05554406190023,7.611194799016888,Medio,Piccolo,1
7764,109019,Monteleone di Fermo,2,365,8.2142,44.435246280830754,0.2434808015387986,5.47945205479452,Molto piccolo,Molto piccolo,1
7765,109020,Montelparo,8,722,21.6262,33.385430635063024,0.3699216690865709,11.0803324099723,Molto piccolo,Piccolo,1
7766,109021,Monte Rinaldo,1,328,7.9216,41.4057766107857,0.126237123813371,3.048780487804878,Molto piccolo,Molto piccolo,1
7767,109022,Monterubbiano,12,2086,32.2351,64.7120685215805,0.3722650154645091,5.752636625119846,Piccolo,Piccolo,1
7768,109023,Monte San Pietrangeli,25,2315,18.4509,125.46813434575007,1.3549474551376897,10.79913606911447,Piccolo,Piccolo,1
7769,109024,Monte Urano,82,7971,16.7156,476.85993921845466,4.905597166718515,10.287291431438966,Medio,Piccolo,1
7770,109025,Monte Vidon Combatte,11,398,11.167,35.64072714247336,0.9850452225306708,27.638190954773872,Molto piccolo,Piccolo,0
7771,109026,Monte Vidon Corrado,8,678,5.949,113.96873424104892,1.3447638258530843,11.799410029498524,Molto piccolo,Molto piccolo,0
7772,109027,Montottone,5,895,16.3789,54.64347422598587,0.3052708057317646,5.58659217877095,Molto piccolo,Piccolo,1
7773,109028,Moresco,5,546,6.3504,85.97883597883599,0.7873519778281683,9.15750915750916,Molto piccolo,Molto piccolo,1
7774,109029,Ortezzano,6,729,7.0749,103.04032565831318,0.848068523936734,8.23045267489712,Molto piccolo,Molto piccolo,1
7775,109030,Pedaso,46,2808,3.847,729.9194177280998,11.957369378736676,16.381766381766383,Piccolo,Molto piccolo,0
7776,109031,Petritoli,16,2193,24.0023,91.3662440682768,0.6666027838998763,7.29594163246694,Piccolo,Piccolo,1
7777,109032,Ponzano di Fermo,22,1646,14.2677,115.36547586506585,1.5419443918781583,13.365735115431349,Piccolo,Piccolo,0
7778,109033,Porto San Giorgio,257,15715,8.7932,1787.1764545330482,29.22713005504253,16.353802099904552,Medio,Molto piccolo,3
7779,109034,Porto Sant'Elpidio,522,25958,18.1256,1432.1181091936269,28.799046652248755,20.109407504430237,Grande,Piccolo,3
7780,109035,Rapagnano,29,1945,12.6456,153.80843929904472,2.293287783893212,14.910025706940877,Piccolo,Piccolo,0
7781,109036,Santa Vittoria in Matenano,11,1246,26.179,47.59540089384622,0.4201841170403759,8.828250401284109,Piccolo,Piccolo,1
7782,109037,Sant'Elpidio a Mare,251,16773,50.5172,332.025527938999,4.968604752440752,14.964526322065224,Medio,Medio,0
7783,109038,Servigliano,33,2201,18.4918,119.02573032371104,1.7845747844990751,14.993184915947296,Piccolo,Piccolo,0
7784,109039,Smerillo,2,333,11.2924,29.48885976408912,0.1771102688533881,6.006006006006006,Molto piccolo,Piccolo,1
7785,109040,Torre San Patrizio,7,1919,11.9329,160.81589554927973,0.586613480377779,3.6477331943720688,Piccolo,Piccolo,1
7786,110001,Andria,863,97489,402.8821,241.97898094752784,2.142065879819431,8.852280770138169,Grande,Molto grande,1
7787,110002,Barletta,1271,92787,149.3513,621.2667716986729,8.510136838447337,13.698039596064104,Grande,Grande,0
7788,110003,Bisceglie,636,53934,69.2439,778.8989355018998,9.184924592635598,11.792190455000556,Grande,Medio,0
7789,110004,Canosa di Puglia,186,28422,150.9317,188.3103416976023,1.2323454913712626,6.544226303567659,Grande,Grande,1
7790,110005,Margherita di Savoia,106,11371,35.6977,318.5359280850027,2.9693789795981256,9.321959370328027,Medio,Piccolo,1
7791,110006,Minervino Murge,44,8390,257.4065,32.5943595052961,0.1709358543781917,5.244338498212158,Medio,Molto grande,1
7792,110007,San Ferdinando di Puglia,111,13734,41.2298,333.1085768060966,2.6922274665411914,8.082131935342945,Medio,Piccolo,1
7793,110008,Spinazzola,49,6115,184.0052,33.23275646557815,0.2662968220463335,8.013082583810302,Medio,Grande,1
7794,110009,Trani,701,54848,103.4118,530.3843468540341,6.778723511243398,12.780775962660444,Grande,Grande,0
7795,110010,Trinitapoli,226,14001,148.7657,94.11443632503996,1.5191673887193082,16.141704163988287,Medio,Grande,0
7796,111001,Arbus,17,5961,269.1174,22.150184269021626,0.0631694568987363,2.8518704915282678,Medio,Molto grande,1
7797,111002,Armungia,1,432,54.7539,7.889848942267126,0.0182635392182109,2.314814814814815,Molto piccolo,Medio,1
7798,111003,Ballao,7,740,46.6242,15.871586000403225,0.1501366243281386,9.45945945945946,Molto piccolo,Piccolo,1
7799,111004,Barrali,2,1109,11.2269,98.78060729141616,0.1781435658997586,1.8034265103697025,Piccolo,Piccolo,1
7800,111005,Barumini,10,1200,26.3994,45.455578535875816,0.3787964877989651,8.333333333333334,Piccolo,Piccolo,1
7801,111006,Buggerru,9,1040,48.3317,21.51796853824716,0.1862131892732927,8.653846153846155,Piccolo,Piccolo,1
7802,111007,Burcei,7,2663,94.8516,28.07543573329285,0.0737994931029102,2.628614344723996,Piccolo,Medio,1
7803,111008,Calasetta,7,2803,31.0599,90.24497825170074,0.2253709767256173,2.4973242953977883,Piccolo,Piccolo,1
7804,111009,Carbonia,232,26672,145.5415,183.2604446154533,1.5940470587426951,8.698260347930415,Grande,Grande,1
7805,111010,Carloforte,18,5960,51.101,116.6317684585429,0.3522435960157336,3.0201342281879198,Medio,Medio,1
7806,111011,Castiadas,46,1652,103.8877,15.90178625573576,0.4427858158376785,27.84503631961259,Piccolo,Grande,0
7807,111012,Collinas,2,796,20.8264,38.220719855567935,0.0960319594361003,2.512562814070352,Molto piccolo,Piccolo,1
7808,111013,Decimoputzu,10,4202,44.7736,93.84994729036754,0.2233459002626547,2.379819133745835,Piccolo,Piccolo,1
7809,111014,Dolianova,33,9473,84.3042,112.36688089086904,0.3914395724056453,3.4835849255779587,Medio,Medio,1
7810,111015,Domus de Maria,4,1619,97.136,16.6673529896228,0.0411793773678142,2.4706609017912293,Piccolo,Medio,1
7811,111016,Domusnovas,18,5895,80.592,73.14621798689696,0.2233472304943418,3.0534351145038165,Medio,Medio,1
7812,111017,Donori,8,1965,35.3087,55.65200644600339,0.2265730542330926,4.071246819338422,Piccolo,Piccolo,1
7813,111018,Escalaplano,5,2084,94.0356,22.16181956620684,0.053171352126216,2.399232245681382,Piccolo,Medio,1
7814,111019,Escolca,3,550,14.7598,37.26337755254136,0.2032547866502256,5.454545454545455,Molto piccolo,Piccolo,1
7815,111020,Esterzili,4,575,100.7428,5.70760391809638,0.0397050707345835,6.956521739130436,Molto piccolo,Grande,1
7816,111021,Fluminimaggiore,13,2685,108.182,24.819286018006693,0.120167865264092,4.8417132216014895,Piccolo,Grande,1
7817,111022,Furtei,14,1542,26.1114,59.05466577816586,0.5361642807356174,9.079118028534372,Piccolo,Piccolo,1
7818,111023,Genoni,1,788,43.7929,17.993784380573107,0.0228347517519963,1.2690355329949237,Molto piccolo,Piccolo,1
7819,111024,Genuri,0,307,7.5149,40.85217368161919,0.0,0.0,Molto piccolo,Molto piccolo,1
7820,111025,Gergei,5,1147,36.1778,31.7045259800209,0.1382063033130815,4.3591979075850045,Piccolo,Piccolo,1
7821,111026,Gesico,2,805,25.6223,31.41794452488653,0.0780570050307739,2.484472049689441,Molto piccolo,Piccolo,1
7822,111027,Gesturi,4,1175,46.8295,25.091021685048958,0.0854162440342092,3.404255319148936,Piccolo,Piccolo,1
7823,111028,Giba,17,1909,30.4364,62.72095254366482,0.558541746067209,8.90518596123625,Piccolo,Piccolo,1
7824,111029,Goni,2,465,18.5982,25.002419588992485,0.1075372885548063,4.301075268817204,Molto piccolo,Piccolo,1
7825,111030,Gonnesa,34,4751,48.0554,98.86505991002052,0.7075167410946532,7.156388128814986,Piccolo,Piccolo,1
7826,111031,Gonnosfanadiga,22,6254,125.1869,49.957303839299485,0.1757372376822175,3.517748640869843,Medio,Grande,1
7827,111032,Guamaggiore,2,940,16.8014,55.94771864249408,0.119037699239349,2.127659574468085,Molto piccolo,Piccolo,1
7828,111033,Guasila,17,2531,43.5101,58.17040181475106,0.3907138802255108,6.716712761754248,Piccolo,Piccolo,1
7829,111034,Guspini,88,11161,174.6654,63.89931835383539,0.5038204475528639,7.884598154287251,Medio,Grande,1
7830,111035,Iglesias,205,25493,208.2299,122.4271826476409,0.9844887789889926,8.041423135762757,Grande,Grande,1
7831,111036,Isili,19,2551,67.8361,37.60534582618989,0.2800868564083135,7.448059584476677,Piccolo,Medio,1
7832,111037,Las Plassas,5,219,11.0416,19.83408201709897,0.4528329227648167,22.831050228310502,Molto piccolo,Piccolo,0
7833,111038,Lunamatrona,7,1634,20.5853,79.37703118244572,0.3400484811977479,4.283965728274174,Piccolo,Piccolo,1
7834,111039,Mandas,6,2053,45.0144,45.60762778133219,0.1332906803156323,2.922552362396493,Piccolo,Piccolo,1
7835,111040,Masainas,11,1239,23.6861,52.30916022477318,0.4644073950544834,8.878127522195319,Piccolo,Piccolo,1
7836,111041,Monastir,67,4495,31.7868,141.41090012206325,2.1077931720085066,14.905450500556174,Piccolo,Piccolo,0
7837,111042,Muravera,30,5160,93.5065,55.18332950115767,0.3208333110532422,5.813953488372093,Medio,Medio,1
7838,111043,Musei,9,1495,20.2739,73.7401289342455,0.4439205086342538,6.020066889632107,Piccolo,Piccolo,1
7839,111044,Narcao,10,3102,85.8744,36.122523126799145,0.1164491396737561,3.223726627981947,Piccolo,Medio,1
7840,111045,Nuragus,3,854,19.8991,42.91651381218246,0.1507605871622334,3.51288056206089,Molto piccolo,Piccolo,1
7841,111046,Nurallao,4,1172,34.7617,33.71526708992943,0.1150691709553905,3.4129692832764507,Piccolo,Piccolo,1
7842,111047,Nuraminis,40,2364,45.1794,52.32473206815495,0.8853592566523681,16.920473773265652,Piccolo,Piccolo,0
7843,111048,Nurri,17,2050,73.6723,27.82592643367996,0.230751585059785,8.292682926829269,Piccolo,Medio,1
7844,111049,Nuxis,8,1443,61.5918,23.42844339668592,0.1298874200786468,5.544005544005544,Piccolo,Medio,1
7845,111050,Orroli,7,2056,75.5932,27.19821359593191,0.0926009217760327,3.404669260700389,Piccolo,Medio,1
7846,111051,Ortacesus,16,874,23.6259,36.993299726148,0.6772228782818855,18.30663615560641,Molto piccolo,Piccolo,0
7847,111052,Pabillonis,16,2549,37.4236,68.11210038585277,0.4275377034812258,6.276971361318164,Piccolo,Piccolo,1
7848,111053,Pauli Arbarei,0,569,15.1381,37.587279777515015,0.0,0.0,Molto piccolo,Piccolo,1
7849,111054,Perdaxius,6,1318,29.4953,44.68508542038901,0.2034222401535159,4.552352048558422,Piccolo,Piccolo,1
7850,111055,Pimentel,1,1140,14.9677,76.1640064939837,0.0668105320122664,0.8771929824561404,Piccolo,Piccolo,1
7851,111056,Piscinas,3,823,16.8946,48.71379020515431,0.1775715317320327,3.6452004860267313,Molto piccolo,Piccolo,1
7852,111057,Portoscuso,17,4895,38.0899,128.51175771004912,0.4463125395446037,3.4729315628192032,Piccolo,Piccolo,1
7853,111058,Sadali,7,899,49.6103,18.12123692055884,0.1410997313057973,7.78642936596218,Molto piccolo,Piccolo,1
7854,111059,Samassi,21,4911,42.0434,116.80786996294306,0.4994838666711065,4.276114844227244,Piccolo,Piccolo,1
7855,111060,Samatzai,10,1556,31.1592,49.93709722971065,0.3209325014762895,6.426735218508997,Piccolo,Piccolo,1
7856,111061,San Basilio,2,1156,44.6243,25.90516826034246,0.0448186302082049,1.7301038062283738,Piccolo,Piccolo,1
7857,111062,San Gavino Monreale,42,8189,87.3983,93.697474664839,0.480558546333281,5.12883135914031,Medio,Medio,1
7858,111063,San Giovanni Suergiu,64,5707,72.3709,78.85766240298241,0.8843333439269098,11.21429823024356,Medio,Medio,1
7859,111064,San Nicolò Gerrei,2,734,63.5145,11.55641625140716,0.031488872619638,2.7247956403269757,Molto piccolo,Medio,1
7860,111065,San Sperate,67,8330,26.2413,317.4385415356709,2.553227164812719,8.043217286914766,Medio,Piccolo,1
7861,111066,San Vito,30,3434,231.6382,14.824843225340206,0.1295123170530594,8.736167734420501,Piccolo,Grande,1
7862,111067,Sanluri,88,8175,84.2252,97.0612120837944,1.0448179404738724,10.764525993883792,Medio,Medio,1
7863,111068,Santadi,19,3199,116.4841,27.46297563358433,0.1631123904464214,5.939356048765239,Piccolo,Grande,1
7864,111069,Sant'Andrea Frius,7,1694,36.1629,46.84358831841473,0.1935685467703088,4.132231404958678,Piccolo,Piccolo,1
7865,111070,Sant'Anna Arresi,25,2644,36.6787,72.08543378036845,0.6815944948975836,9.4553706505295,Piccolo,Piccolo,1
7866,111071,Sant'Antioco,57,10767,87.8946,122.49899311220484,0.6485040036589279,5.293953747561995,Medio,Medio,1
7867,111072,Sardara,19,3856,56.2294,68.57622524871331,0.3379015248250915,4.927385892116183,Piccolo,Medio,1
7868,111073,Segariu,4,1108,16.6918,66.37989911213889,0.23963862495357,3.6101083032490977,Piccolo,Piccolo,1
7869,111074,Selegas,2,1297,20.3934,63.59900752204145,0.0980709445212666,1.5420200462606013,Piccolo,Piccolo,1
7870,111075,Senorbì,23,4713,34.2889,137.44972862938153,0.6707710075272173,4.88011882028432,Piccolo,Piccolo,1
7871,111076,Serdiana,17,2659,55.706,47.73273974078196,0.3051735899185007,6.393380970289583,Piccolo,Medio,1
7872,111077,Serramanna,37,8693,83.8383,103.68769404913982,0.4413257425305618,4.256298170942138,Medio,Medio,1
7873,111078,Serrenti,25,4614,42.7842,107.84354972162622,0.5843278593499469,5.418292154312961,Piccolo,Piccolo,1
7874,111079,Serri,6,629,19.1826,32.7901327244482,0.3127834600106346,9.538950715421302,Molto piccolo,Piccolo,1
7875,111080,Setzu,0,136,7.7682,17.50727324219253,0.0,0.0,Molto piccolo,Molto piccolo,1
7876,111081,Seui,7,1218,148.2049,8.21835175490149,0.0472319066373648,5.747126436781609,Piccolo,Grande,1
7877,111082,Seulo,6,795,58.788,13.523167993468055,0.1020616452337211,7.547169811320755,Molto piccolo,Medio,1
7878,111083,Siddi,3,614,11.0203,55.71536165077176,0.2722248940591454,4.885993485342019,Molto piccolo,Piccolo,1
7879,111084,Siliqua,65,3623,189.8443,19.08405993753829,0.3423858393430827,17.940932928512286,Piccolo,Grande,0
7880,111085,Silius,2,1097,38.3587,28.598466579941448,0.0521394103554082,1.823154056517776,Piccolo,Piccolo,1
7881,111086,Siurgus Donigala,3,1868,76.3871,24.454390859189573,0.0392736469901331,1.6059957173447537,Piccolo,Medio,1
7882,111087,Soleminis,13,1819,12.7937,142.17935390074803,1.0161251240845104,7.146783947223749,Piccolo,Piccolo,1
7883,111088,Suelli,7,1081,19.1982,56.30736214853476,0.3646175162254795,6.475485661424607,Piccolo,Piccolo,1
7884,111089,Teulada,14,3364,246.1839,13.664581639985393,0.0568680567656942,4.161712247324614,Piccolo,Grande,1
7885,111090,Tratalias,8,993,31.0024,32.02977833974144,0.2580445384873429,8.056394763343404,Molto piccolo,Piccolo,1
7886,111091,Tuili,2,968,24.5857,39.37248075100567,0.0813481007252183,2.066115702479339,Molto piccolo,Piccolo,1
7887,111092,Turri,0,398,9.6009,41.45444697892906,0.0,0.0,Molto piccolo,Molto piccolo,1
7888,111093,Ussana,23,4017,32.8211,122.39077910246762,0.7007687128097474,5.725665919840677,Piccolo,Piccolo,1
7889,111094,Ussaramanna,5,506,9.7603,51.84266877042713,0.5122793356761575,9.881422924901186,Molto piccolo,Molto piccolo,1
7890,111095,Vallermosa,3,1830,61.7509,29.63519560038801,0.0485822878694885,1.639344262295082,Piccolo,Medio,1
7891,111096,Villacidro,96,13412,183.475,73.09987736748876,0.5232320479629378,7.157769161944528,Medio,Grande,1
7892,111097,Villamar,12,2499,38.5293,64.85973012746145,0.3114512851258652,4.801920768307323,Piccolo,Piccolo,1
7893,111098,Villamassargia,16,3427,91.3876,37.49961701587524,0.1750784570335581,4.668806536329151,Piccolo,Medio,1
7894,111099,Villanova Tulo,10,1017,40.4494,25.142523745716872,0.247222455710097,9.83284169124877,Piccolo,Piccolo,1
7895,111100,Villanovaforru,2,634,10.9328,57.990633689448266,0.1829357529635591,3.154574132492113,Molto piccolo,Piccolo,1
7896,111101,Villanovafranca,3,1201,27.59,43.53026458861906,0.108735048930772,2.4979184013322238,Piccolo,Piccolo,1
7897,111102,Villaperuccio,2,1015,36.4283,27.86295270435348,0.054902369860795,1.9704433497536944,Piccolo,Piccolo,1
7898,111103,Villaputzu,27,4497,181.3074,24.803179572372667,0.1489183563384616,6.00400266844563,Piccolo,Grande,1
7899,111104,Villasalto,9,999,130.3596,7.663417193670432,0.0690397945375714,9.00900900900901,Molto piccolo,Grande,1
7900,111105,Villasimius,39,3688,57.9708,63.61823538747094,0.67275248918421,10.574837310195226,Piccolo,Medio,1
7901,111106,Villasor,57,6636,86.7935,76.45733839515633,0.6567312068300046,8.589511754068717,Medio,Medio,1
7902,111107,Villaspeciosa,15,2549,27.1937,93.7349459617485,0.5515983481468134,5.884660651235778,Piccolo,Piccolo,1
